uuid,model,cs,N,K,band,base_us,v1_us,ratio
flash_1024k_L02,flash,8,262127,512,32k-1M,19.637,17.176,1.1433
flash_1024k_L04,flash,8,262127,512,32k-1M,18.514,16.421,1.1274
flash_1024k_L06,flash,8,262127,512,32k-1M,18.611,16.473,1.1298
flash_1024k_L08,flash,8,262127,512,32k-1M,19.17,16.893,1.1348
flash_1024k_L10,flash,8,262127,512,32k-1M,18.568,16.498,1.1255
flash_1024k_L12,flash,8,262127,512,32k-1M,18.998,16.72,1.1363
flash_1024k_L14,flash,8,262127,512,32k-1M,18.8,16.667,1.128
flash_1024k_L16,flash,8,262127,512,32k-1M,19.451,17.094,1.1379
flash_1024k_L18,flash,8,262127,512,32k-1M,18.789,16.558,1.1347
flash_1024k_L20,flash,8,262127,512,32k-1M,20.026,17.64,1.1352
flash_1024k_L22,flash,8,262127,512,32k-1M,18.456,16.465,1.1209
flash_1024k_L24,flash,8,262127,512,32k-1M,20.326,17.507,1.161
flash_1024k_L26,flash,8,262127,512,32k-1M,19.226,16.974,1.1326
flash_1024k_L28,flash,8,262127,512,32k-1M,18.838,16.649,1.1315
flash_1024k_L30,flash,8,262127,512,32k-1M,19.302,17.051,1.132
flash_1024k_L32,flash,8,262127,512,32k-1M,22.208,18.886,1.1759
flash_1024k_L34,flash,8,262127,512,32k-1M,19.68,17.328,1.1357
flash_1024k_L36,flash,8,262127,512,32k-1M,18.434,16.36,1.1267
flash_1024k_L38,flash,8,262127,512,32k-1M,19.165,16.782,1.142
flash_1024k_L40,flash,8,262127,512,32k-1M,18.625,16.566,1.1243
flash_1024k_L42,flash,8,262127,512,32k-1M,18.653,16.504,1.1302
flash_128k_L02,flash,1,32771,512,32k-1M,12.987,11.307,1.1486
flash_128k_L04,flash,1,32771,512,32k-1M,12.403,11.146,1.1128
flash_128k_L06,flash,1,32771,512,32k-1M,12.51,11.28,1.1091
flash_128k_L08,flash,1,32771,512,32k-1M,12.355,11.061,1.117
flash_128k_L10,flash,1,32771,512,32k-1M,13.189,11.837,1.1142
flash_128k_L12,flash,1,32771,512,32k-1M,13.102,11.746,1.1155
flash_128k_L14,flash,1,32771,512,32k-1M,12.51,11.403,1.0971
flash_128k_L16,flash,1,32771,512,32k-1M,12.974,11.413,1.1368
flash_128k_L18,flash,1,32771,512,32k-1M,12.715,11.381,1.1173
flash_128k_L20,flash,1,32771,512,32k-1M,12.498,11.322,1.1039
flash_128k_L22,flash,1,32771,512,32k-1M,12.25,11.221,1.0917
flash_128k_L24,flash,1,32771,512,32k-1M,13.043,11.562,1.1281
flash_128k_L26,flash,1,32771,512,32k-1M,12.163,11.069,1.0989
flash_128k_L28,flash,1,32771,512,32k-1M,14.374,13.03,1.1031
flash_128k_L30,flash,1,32771,512,32k-1M,12.21,11.194,1.0908
flash_128k_L32,flash,1,32771,512,32k-1M,13.565,11.899,1.14
flash_128k_L34,flash,1,32771,512,32k-1M,12.299,11.072,1.1108
flash_128k_L36,flash,1,32771,512,32k-1M,14.003,12.741,1.0991
flash_128k_L38,flash,1,32771,512,32k-1M,12.344,11.253,1.097
flash_128k_L40,flash,1,32771,512,32k-1M,12.659,11.298,1.1205
flash_128k_L42,flash,1,32771,512,32k-1M,17.349,11.021,1.5742
flash_16k_L02,flash,1,4099,512,4k-32k,8.781,7.499,1.1709
flash_16k_L04,flash,1,4099,512,4k-32k,8.376,7.4,1.1319
flash_16k_L06,flash,1,4099,512,4k-32k,8.701,7.661,1.1358
flash_16k_L08,flash,1,4099,512,4k-32k,8.67,7.483,1.1586
flash_16k_L10,flash,1,4099,512,4k-32k,8.605,7.541,1.1411
flash_16k_L12,flash,1,4099,512,4k-32k,8.574,7.474,1.1473
flash_16k_L14,flash,1,4099,512,4k-32k,8.702,7.566,1.1501
flash_16k_L16,flash,1,4099,512,4k-32k,8.578,7.518,1.1409
flash_16k_L18,flash,1,4099,512,4k-32k,9.379,8.197,1.1443
flash_16k_L20,flash,1,4099,512,4k-32k,8.435,7.338,1.1496
flash_16k_L22,flash,1,4099,512,4k-32k,8.339,7.445,1.1201
flash_16k_L24,flash,1,4099,512,4k-32k,8.83,7.613,1.1599
flash_16k_L26,flash,1,4099,512,4k-32k,8.661,7.512,1.1529
flash_16k_L28,flash,1,4099,512,4k-32k,8.558,7.489,1.1427
flash_16k_L30,flash,1,4099,512,4k-32k,8.946,7.696,1.1624
flash_16k_L32,flash,1,4099,512,4k-32k,8.61,7.549,1.1405
flash_16k_L34,flash,1,4099,512,4k-32k,8.522,7.568,1.126
flash_16k_L36,flash,1,4099,512,4k-32k,9.749,8.613,1.1319
flash_16k_L38,flash,1,4099,512,4k-32k,8.768,7.747,1.1318
flash_16k_L40,flash,1,4099,512,4k-32k,8.579,7.525,1.1401
flash_16k_L42,flash,1,4099,512,4k-32k,8.342,7.44,1.1213
flash_256k_L02,flash,4,65538,512,32k-1M,14.475,12.459,1.1618
flash_256k_L04,flash,4,65538,512,32k-1M,15.733,13.443,1.1703
flash_256k_L06,flash,4,65538,512,32k-1M,13.869,12.227,1.1343
flash_256k_L08,flash,4,65538,512,32k-1M,15.686,13.421,1.1688
flash_256k_L10,flash,4,65538,512,32k-1M,14.827,13.066,1.1348
flash_256k_L12,flash,4,65538,512,32k-1M,17.186,14.422,1.1916
flash_256k_L14,flash,4,65538,512,32k-1M,15.403,13.384,1.1509
flash_256k_L16,flash,4,65538,512,32k-1M,14.299,12.594,1.1354
flash_256k_L18,flash,4,65538,512,32k-1M,13.531,12.157,1.113
flash_256k_L20,flash,4,65538,512,32k-1M,13.987,12.24,1.1427
flash_256k_L22,flash,4,65538,512,32k-1M,14.216,12.448,1.142
flash_256k_L24,flash,4,65538,512,32k-1M,19.762,18.314,1.0791
flash_256k_L26,flash,4,65538,512,32k-1M,15.238,13.301,1.1457
flash_256k_L28,flash,4,65538,512,32k-1M,16.33,13.69,1.1928
flash_256k_L30,flash,4,65538,512,32k-1M,14.923,13.125,1.137
flash_256k_L32,flash,4,65538,512,32k-1M,17.296,14.714,1.1755
flash_256k_L34,flash,4,65538,512,32k-1M,13.87,12.304,1.1273
flash_256k_L36,flash,4,65538,512,32k-1M,13.483,11.952,1.1281
flash_256k_L38,flash,4,65538,512,32k-1M,15.299,13.568,1.1276
flash_256k_L40,flash,4,65538,512,32k-1M,14.187,12.355,1.1483
flash_256k_L42,flash,4,65538,512,32k-1M,13.841,12.258,1.1292
flash_32k_L02,flash,1,8195,512,32k-1M,9.696,8.168,1.1871
flash_32k_L04,flash,1,8195,512,32k-1M,9.523,8.125,1.1721
flash_32k_L06,flash,1,8195,512,32k-1M,11.043,9.853,1.1208
flash_32k_L08,flash,1,8195,512,32k-1M,9.589,8.325,1.1518
flash_32k_L10,flash,1,8195,512,32k-1M,9.65,8.365,1.1536
flash_32k_L12,flash,1,8195,512,32k-1M,9.901,8.536,1.1599
flash_32k_L14,flash,1,8195,512,32k-1M,9.637,8.298,1.1614
flash_32k_L16,flash,1,8195,512,32k-1M,9.96,8.494,1.1725
flash_32k_L18,flash,1,8195,512,32k-1M,9.565,8.315,1.1503
flash_32k_L20,flash,1,8195,512,32k-1M,9.602,8.301,1.1567
flash_32k_L22,flash,1,8195,512,32k-1M,9.754,8.397,1.1616
flash_32k_L24,flash,1,8195,512,32k-1M,9.502,8.389,1.1327
flash_32k_L26,flash,1,8195,512,32k-1M,9.635,8.302,1.1605
flash_32k_L28,flash,1,8195,512,32k-1M,11.393,10.061,1.1325
flash_32k_L30,flash,1,8195,512,32k-1M,9.443,8.139,1.1602
flash_32k_L32,flash,1,8195,512,32k-1M,9.782,8.611,1.136
flash_32k_L34,flash,1,8195,512,32k-1M,9.72,8.338,1.1658
flash_32k_L36,flash,1,8195,512,32k-1M,10.818,9.416,1.1488
flash_32k_L38,flash,1,8195,512,32k-1M,9.51,8.392,1.1333
flash_32k_L40,flash,1,8195,512,32k-1M,9.632,8.4,1.1467
flash_32k_L42,flash,1,8195,512,32k-1M,11.19,9.883,1.1323
flash_4k_L02,flash,1,1027,512,4k-32k,9.922,8.306,1.1946
flash_4k_L04,flash,1,1027,512,4k-32k,9.315,7.955,1.171
flash_4k_L06,flash,1,1027,512,4k-32k,5.357,5.333,1.0045
flash_4k_L08,flash,1,1027,512,4k-32k,8.309,7.074,1.1746
flash_4k_L10,flash,1,1027,512,4k-32k,8.289,7.04,1.1775
flash_4k_L12,flash,1,1027,512,4k-32k,8.464,7.088,1.1941
flash_4k_L14,flash,1,1027,512,4k-32k,8.442,7.04,1.1991
flash_4k_L16,flash,1,1027,512,4k-32k,8.45,6.915,1.2219
flash_4k_L18,flash,1,1027,512,4k-32k,8.384,7.085,1.1834
flash_4k_L20,flash,1,1027,512,4k-32k,8.376,6.976,1.2007
flash_4k_L22,flash,1,1027,512,4k-32k,8.326,6.96,1.1963
flash_4k_L24,flash,1,1027,512,4k-32k,8.315,7.027,1.1833
flash_4k_L26,flash,1,1027,512,4k-32k,8.406,6.995,1.2017
flash_4k_L28,flash,1,1027,512,4k-32k,8.331,7.032,1.1848
flash_4k_L30,flash,1,1027,512,4k-32k,8.341,6.939,1.202
flash_4k_L32,flash,1,1027,512,4k-32k,8.298,7.0,1.1854
flash_4k_L34,flash,1,1027,512,4k-32k,8.336,7.12,1.1707
flash_4k_L36,flash,1,1027,512,4k-32k,9.616,8.213,1.1709
flash_4k_L38,flash,1,1027,512,4k-32k,8.328,7.043,1.1824
flash_4k_L40,flash,1,1027,512,4k-32k,8.2,6.958,1.1784
flash_4k_L42,flash,1,1027,512,4k-32k,9.377,8.059,1.1636
flash_512k_L02,flash,8,131075,512,32k-1M,15.19,12.526,1.2127
flash_512k_L04,flash,8,131075,512,32k-1M,14.637,12.499,1.171
flash_512k_L06,flash,8,131075,512,32k-1M,14.784,12.502,1.1825
flash_512k_L08,flash,8,131075,512,32k-1M,14.744,12.432,1.186
flash_512k_L10,flash,8,131075,512,32k-1M,14.755,12.494,1.181
flash_512k_L12,flash,8,131075,512,32k-1M,14.877,12.637,1.1773
flash_512k_L14,flash,8,131075,512,32k-1M,15.653,13.131,1.192
flash_512k_L16,flash,8,131075,512,32k-1M,15.406,12.891,1.1951
flash_512k_L18,flash,8,131075,512,32k-1M,21.245,18.902,1.1239
flash_512k_L20,flash,8,131075,512,32k-1M,15.362,12.897,1.1911
flash_512k_L22,flash,8,131075,512,32k-1M,21.006,19.046,1.1029
flash_512k_L24,flash,8,131075,512,32k-1M,21.577,19.576,1.1022
flash_512k_L26,flash,8,131075,512,32k-1M,15.381,13.005,1.1827
flash_512k_L28,flash,8,131075,512,32k-1M,18.013,14.963,1.2038
flash_512k_L30,flash,8,131075,512,32k-1M,21.134,18.786,1.125
flash_512k_L32,flash,8,131075,512,32k-1M,17.224,14.371,1.1985
flash_512k_L34,flash,8,131075,512,32k-1M,15.238,13.121,1.1613
flash_512k_L36,flash,8,131075,512,32k-1M,15.709,13.304,1.1808
flash_512k_L38,flash,8,131075,512,32k-1M,17.87,15.054,1.1871
flash_512k_L40,flash,8,131075,512,32k-1M,16.73,14.678,1.1398
flash_512k_L42,flash,8,131075,512,32k-1M,15.174,13.067,1.1613
flash_64k_L02,flash,1,16387,512,32k-1M,10.432,8.826,1.182
flash_64k_L04,flash,1,16387,512,32k-1M,9.955,8.987,1.1077
flash_64k_L06,flash,1,16387,512,32k-1M,10.07,9.037,1.1144
flash_64k_L08,flash,1,16387,512,32k-1M,10.117,9.093,1.1126
flash_64k_L10,flash,1,16387,512,32k-1M,10.446,9.339,1.1185
flash_64k_L12,flash,1,16387,512,32k-1M,10.331,9.222,1.1202
flash_64k_L14,flash,1,16387,512,32k-1M,10.09,8.894,1.1344
flash_64k_L16,flash,1,16387,512,32k-1M,10.411,9.315,1.1177
flash_64k_L18,flash,1,16387,512,32k-1M,10.029,9.003,1.1139
flash_64k_L20,flash,1,16387,512,32k-1M,10.778,9.504,1.134
flash_64k_L22,flash,1,16387,512,32k-1M,12.216,11.27,1.0839
flash_64k_L24,flash,1,16387,512,32k-1M,13.011,12.333,1.055
flash_64k_L26,flash,1,16387,512,32k-1M,11.224,10.088,1.1126
flash_64k_L28,flash,1,16387,512,32k-1M,11.299,10.402,1.0863
flash_64k_L30,flash,1,16387,512,32k-1M,10.254,9.11,1.1256
flash_64k_L32,flash,1,16387,512,32k-1M,11.218,9.963,1.1259
flash_64k_L34,flash,1,16387,512,32k-1M,10.624,9.493,1.1192
flash_64k_L36,flash,1,16387,512,32k-1M,9.798,8.933,1.0969
flash_64k_L38,flash,1,16387,512,32k-1M,9.957,9.053,1.0999
flash_64k_L40,flash,1,16387,512,32k-1M,10.936,9.771,1.1192
flash_64k_L42,flash,1,16387,512,32k-1M,10.016,9.016,1.1109
flash_8k_L02,flash,1,2051,512,4k-32k,8.848,7.272,1.2167
flash_8k_L04,flash,1,2051,512,4k-32k,8.517,7.269,1.1717
flash_8k_L06,flash,1,2051,512,4k-32k,8.638,7.194,1.2009
flash_8k_L08,flash,1,2051,512,4k-32k,8.6,7.294,1.179
flash_8k_L10,flash,1,2051,512,4k-32k,8.526,7.118,1.1978
flash_8k_L12,flash,1,2051,512,4k-32k,8.899,7.651,1.1631
flash_8k_L14,flash,1,2051,512,4k-32k,8.562,7.381,1.16
flash_8k_L16,flash,1,2051,512,4k-32k,8.939,7.638,1.1703
flash_8k_L18,flash,1,2051,512,4k-32k,8.946,7.47,1.1975
flash_8k_L20,flash,1,2051,512,4k-32k,9.278,7.702,1.2046
flash_8k_L22,flash,1,2051,512,4k-32k,8.613,7.362,1.17
flash_8k_L24,flash,1,2051,512,4k-32k,9.017,7.517,1.1996
flash_8k_L26,flash,1,2051,512,4k-32k,8.483,7.381,1.1494
flash_8k_L28,flash,1,2051,512,4k-32k,9.09,7.664,1.186
flash_8k_L30,flash,1,2051,512,4k-32k,8.92,7.642,1.1673
flash_8k_L32,flash,1,2051,512,4k-32k,8.69,7.382,1.1771
flash_8k_L34,flash,1,2051,512,4k-32k,8.578,7.37,1.1639
flash_8k_L36,flash,1,2051,512,4k-32k,8.709,7.218,1.2066
flash_8k_L38,flash,1,2051,512,4k-32k,8.853,7.336,1.2068
flash_8k_L40,flash,1,2051,512,4k-32k,9.014,7.557,1.1929
flash_8k_L42,flash,1,2051,512,4k-32k,8.595,7.312,1.1755
pro_1024k_L02,pro,8,262127,1024,32k-1M,23.336,20.345,1.147
pro_1024k_L04,pro,8,262127,1024,32k-1M,24.267,20.456,1.1863
pro_1024k_L06,pro,8,262127,1024,32k-1M,24.272,20.461,1.1863
pro_1024k_L08,pro,8,262127,1024,32k-1M,25.254,21.307,1.1853
pro_1024k_L10,pro,8,262127,1024,32k-1M,26.808,23.243,1.1534
pro_1024k_L12,pro,8,262127,1024,32k-1M,19.557,17.318,1.1292
pro_1024k_L14,pro,8,262127,1024,32k-1M,19.896,17.952,1.1083
pro_1024k_L16,pro,8,262127,1024,32k-1M,21.274,18.691,1.1382
pro_1024k_L18,pro,8,262127,1024,32k-1M,20.182,17.824,1.1323
pro_1024k_L20,pro,8,262127,1024,32k-1M,19.888,17.686,1.1245
pro_1024k_L22,pro,8,262127,1024,32k-1M,21.299,18.829,1.1312
pro_1024k_L24,pro,8,262127,1024,32k-1M,20.176,17.851,1.1302
pro_1024k_L26,pro,8,262127,1024,32k-1M,22.73,20.338,1.1176
pro_1024k_L28,pro,8,262127,1024,32k-1M,20.339,17.989,1.1307
pro_1024k_L30,pro,8,262127,1024,32k-1M,20.413,18.146,1.1249
pro_1024k_L32,pro,8,262127,1024,32k-1M,19.709,17.584,1.1208
pro_1024k_L34,pro,8,262127,1024,32k-1M,20.27,18.08,1.1211
pro_1024k_L36,pro,8,262127,1024,32k-1M,28.206,26.16,1.0782
pro_1024k_L38,pro,8,262127,1024,32k-1M,19.41,17.422,1.1141
pro_1024k_L40,pro,8,262127,1024,32k-1M,29.304,26.561,1.1032
pro_1024k_L42,pro,8,262127,1024,32k-1M,22.216,20.134,1.1034
pro_1024k_L44,pro,8,262127,1024,32k-1M,22.334,19.347,1.1544
pro_1024k_L46,pro,8,262127,1024,32k-1M,21.25,18.525,1.1471
pro_1024k_L48,pro,8,262127,1024,32k-1M,28.211,26.274,1.0737
pro_1024k_L50,pro,8,262127,1024,32k-1M,19.688,17.507,1.1246
pro_1024k_L52,pro,8,262127,1024,32k-1M,20.68,18.109,1.142
pro_1024k_L54,pro,8,262127,1024,32k-1M,20.547,18.093,1.1357
pro_1024k_L56,pro,8,262127,1024,32k-1M,20.461,18.002,1.1366
pro_1024k_L58,pro,8,262127,1024,32k-1M,20.137,17.917,1.1239
pro_1024k_L60,pro,8,262127,1024,32k-1M,25.933,21.901,1.1841
pro_128k_L02,pro,1,32771,1024,32k-1M,15.141,13.395,1.1303
pro_128k_L04,pro,1,32771,1024,32k-1M,13.277,11.774,1.1276
pro_128k_L06,pro,1,32771,1024,32k-1M,16.821,14.587,1.1531
pro_128k_L08,pro,1,32771,1024,32k-1M,15.459,14.006,1.1037
pro_128k_L10,pro,1,32771,1024,32k-1M,16.525,15.072,1.0964
pro_128k_L12,pro,1,32771,1024,32k-1M,13.419,12.214,1.0986
pro_128k_L14,pro,1,32771,1024,32k-1M,13.344,12.253,1.0891
pro_128k_L16,pro,1,32771,1024,32k-1M,13.837,12.589,1.0991
pro_128k_L18,pro,1,32771,1024,32k-1M,13.947,12.65,1.1026
pro_128k_L20,pro,1,32771,1024,32k-1M,13.424,12.035,1.1154
pro_128k_L22,pro,1,32771,1024,32k-1M,14.742,13.437,1.0972
pro_128k_L24,pro,1,32771,1024,32k-1M,13.837,12.464,1.1102
pro_128k_L26,pro,1,32771,1024,32k-1M,14.874,13.577,1.0955
pro_128k_L28,pro,1,32771,1024,32k-1M,13.718,12.293,1.116
pro_128k_L30,pro,1,32771,1024,32k-1M,13.757,12.398,1.1096
pro_128k_L32,pro,1,32771,1024,32k-1M,15.038,13.587,1.1068
pro_128k_L34,pro,1,32771,1024,32k-1M,14.349,12.954,1.1077
pro_128k_L36,pro,1,32771,1024,32k-1M,13.528,12.056,1.1221
pro_128k_L38,pro,1,32771,1024,32k-1M,14.854,13.265,1.1198
pro_128k_L40,pro,1,32771,1024,32k-1M,13.251,12.017,1.1027
pro_128k_L42,pro,1,32771,1024,32k-1M,15.787,14.323,1.1022
pro_128k_L44,pro,1,32771,1024,32k-1M,13.541,11.987,1.1296
pro_128k_L46,pro,1,32771,1024,32k-1M,14.61,13.062,1.1184
pro_128k_L48,pro,1,32771,1024,32k-1M,13.608,12.206,1.1148
pro_128k_L50,pro,1,32771,1024,32k-1M,14.261,12.901,1.1054
pro_128k_L52,pro,1,32771,1024,32k-1M,14.918,13.381,1.1149
pro_128k_L54,pro,1,32771,1024,32k-1M,13.737,12.285,1.1183
pro_128k_L56,pro,1,32771,1024,32k-1M,15.134,13.52,1.1194
pro_128k_L58,pro,1,32771,1024,32k-1M,13.954,12.469,1.1191
pro_128k_L60,pro,1,32771,1024,32k-1M,13.4,12.088,1.1085
pro_16k_L02,pro,1,4099,1024,4k-32k,10.195,8.491,1.2007
pro_16k_L04,pro,1,4099,1024,4k-32k,9.744,8.52,1.1437
pro_16k_L06,pro,1,4099,1024,4k-32k,9.661,8.418,1.1477
pro_16k_L08,pro,1,4099,1024,4k-32k,12.342,10.088,1.2235
pro_16k_L10,pro,1,4099,1024,4k-32k,12.578,10.24,1.2283
pro_16k_L12,pro,1,4099,1024,4k-32k,9.755,8.462,1.1528
pro_16k_L14,pro,1,4099,1024,4k-32k,9.97,8.642,1.1537
pro_16k_L16,pro,1,4099,1024,4k-32k,9.547,8.285,1.1524
pro_16k_L18,pro,1,4099,1024,4k-32k,9.757,8.499,1.148
pro_16k_L20,pro,1,4099,1024,4k-32k,9.624,8.328,1.1556
pro_16k_L22,pro,1,4099,1024,4k-32k,10.05,8.734,1.1506
pro_16k_L24,pro,1,4099,1024,4k-32k,9.806,8.435,1.1626
pro_16k_L26,pro,1,4099,1024,4k-32k,9.75,8.56,1.1391
pro_16k_L28,pro,1,4099,1024,4k-32k,9.597,8.389,1.144
pro_16k_L30,pro,1,4099,1024,4k-32k,10.078,8.595,1.1726
pro_16k_L32,pro,1,4099,1024,4k-32k,9.872,8.64,1.1426
pro_16k_L34,pro,1,4099,1024,4k-32k,9.718,8.405,1.1563
pro_16k_L36,pro,1,4099,1024,4k-32k,9.805,8.579,1.1429
pro_16k_L38,pro,1,4099,1024,4k-32k,12.029,9.758,1.2327
pro_16k_L40,pro,1,4099,1024,4k-32k,12.438,10.246,1.2139
pro_16k_L42,pro,1,4099,1024,4k-32k,12.35,9.907,1.2466
pro_16k_L44,pro,1,4099,1024,4k-32k,12.504,10.197,1.2263
pro_16k_L46,pro,1,4099,1024,4k-32k,9.835,8.565,1.1483
pro_16k_L48,pro,1,4099,1024,4k-32k,9.666,8.264,1.1696
pro_16k_L50,pro,1,4099,1024,4k-32k,12.267,10.086,1.2162
pro_16k_L52,pro,1,4099,1024,4k-32k,12.666,10.493,1.2071
pro_16k_L54,pro,1,4099,1024,4k-32k,12.561,10.23,1.2279
pro_16k_L56,pro,1,4099,1024,4k-32k,12.733,10.373,1.2275
pro_16k_L58,pro,1,4099,1024,4k-32k,12.13,9.891,1.2263
pro_16k_L60,pro,1,4099,1024,4k-32k,12.792,10.32,1.2395
pro_256k_L02,pro,4,65539,1024,32k-1M,17.189,15.11,1.1375
pro_256k_L04,pro,4,65539,1024,32k-1M,18.117,15.915,1.1383
pro_256k_L06,pro,4,65539,1024,32k-1M,16.957,15.07,1.1252
pro_256k_L08,pro,4,65539,1024,32k-1M,17.88,15.688,1.1397
pro_256k_L10,pro,4,65539,1024,32k-1M,19.265,17.059,1.1293
pro_256k_L12,pro,4,65539,1024,32k-1M,14.57,13.0,1.1207
pro_256k_L14,pro,4,65539,1024,32k-1M,14.883,13.059,1.1397
pro_256k_L16,pro,4,65539,1024,32k-1M,15.53,13.714,1.1324
pro_256k_L18,pro,4,65539,1024,32k-1M,15.435,13.632,1.1323
pro_256k_L20,pro,4,65539,1024,32k-1M,14.717,13.032,1.1293
pro_256k_L22,pro,4,65539,1024,32k-1M,14.331,12.76,1.1231
pro_256k_L24,pro,4,65539,1024,32k-1M,15.938,13.792,1.1556
pro_256k_L26,pro,4,65539,1024,32k-1M,16.749,15.005,1.1162
pro_256k_L28,pro,4,65539,1024,32k-1M,15.362,13.744,1.1177
pro_256k_L30,pro,4,65539,1024,32k-1M,15.403,13.645,1.1289
pro_256k_L32,pro,4,65539,1024,32k-1M,16.478,14.99,1.0993
pro_256k_L34,pro,4,65539,1024,32k-1M,17.162,14.918,1.1504
pro_256k_L36,pro,4,65539,1024,32k-1M,14.368,12.646,1.1361
pro_256k_L38,pro,4,65539,1024,32k-1M,16.512,14.083,1.1725
pro_256k_L40,pro,4,65539,1024,32k-1M,17.107,14.466,1.1826
pro_256k_L42,pro,4,65539,1024,32k-1M,14.474,12.784,1.1322
pro_256k_L44,pro,4,65539,1024,32k-1M,16.611,15.117,1.0989
pro_256k_L46,pro,4,65539,1024,32k-1M,14.906,13.338,1.1176
pro_256k_L48,pro,4,65539,1024,32k-1M,17.944,15.216,1.1793
pro_256k_L50,pro,4,65539,1024,32k-1M,16.648,14.93,1.1151
pro_256k_L52,pro,4,65539,1024,32k-1M,17.198,14.854,1.1578
pro_256k_L54,pro,4,65539,1024,32k-1M,15.117,13.198,1.1454
pro_256k_L56,pro,4,65539,1024,32k-1M,16.142,14.139,1.1417
pro_256k_L58,pro,4,65539,1024,32k-1M,14.901,13.238,1.1256
pro_256k_L60,pro,4,65539,1024,32k-1M,14.405,13.043,1.1044
pro_32k_L02,pro,1,8195,1024,32k-1M,11.33,9.832,1.1523
pro_32k_L04,pro,1,8195,1024,32k-1M,12.112,9.976,1.2141
pro_32k_L06,pro,1,8195,1024,32k-1M,12.2,9.946,1.2267
pro_32k_L08,pro,1,8195,1024,32k-1M,12.067,9.794,1.2321
pro_32k_L10,pro,1,8195,1024,32k-1M,12.862,10.518,1.2229
pro_32k_L12,pro,1,8195,1024,32k-1M,9.874,8.686,1.1367
pro_32k_L14,pro,1,8195,1024,32k-1M,12.544,10.632,1.1798
pro_32k_L16,pro,1,8195,1024,32k-1M,10.266,9.086,1.1298
pro_32k_L18,pro,1,8195,1024,32k-1M,10.418,9.197,1.1327
pro_32k_L20,pro,1,8195,1024,32k-1M,9.803,8.733,1.1226
pro_32k_L22,pro,1,8195,1024,32k-1M,10.665,9.374,1.1377
pro_32k_L24,pro,1,8195,1024,32k-1M,9.938,8.845,1.1236
pro_32k_L26,pro,1,8195,1024,32k-1M,11.267,9.896,1.1386
pro_32k_L28,pro,1,8195,1024,32k-1M,10.07,8.843,1.1388
pro_32k_L30,pro,1,8195,1024,32k-1M,11.229,9.981,1.125
pro_32k_L32,pro,1,8195,1024,32k-1M,11.445,10.01,1.1434
pro_32k_L34,pro,1,8195,1024,32k-1M,9.891,8.83,1.1201
pro_32k_L36,pro,1,8195,1024,32k-1M,10.963,9.699,1.1303
pro_32k_L38,pro,1,8195,1024,32k-1M,10.453,9.166,1.1403
pro_32k_L40,pro,1,8195,1024,32k-1M,11.256,10.139,1.1101
pro_32k_L42,pro,1,8195,1024,32k-1M,10.814,9.525,1.1354
pro_32k_L44,pro,1,8195,1024,32k-1M,10.061,8.752,1.1495
pro_32k_L46,pro,1,8195,1024,32k-1M,9.977,8.806,1.133
pro_32k_L48,pro,1,8195,1024,32k-1M,10.746,9.456,1.1364
pro_32k_L50,pro,1,8195,1024,32k-1M,10.03,8.882,1.1293
pro_32k_L52,pro,1,8195,1024,32k-1M,10.091,8.925,1.1307
pro_32k_L54,pro,1,8195,1024,32k-1M,9.872,8.706,1.134
pro_32k_L56,pro,1,8195,1024,32k-1M,10.11,8.934,1.1316
pro_32k_L58,pro,1,8195,1024,32k-1M,9.837,8.71,1.1293
pro_32k_L60,pro,1,8195,1024,32k-1M,12.597,10.49,1.2009
pro_4k_L02,pro,1,1027,1024,4k-32k,6.29,6.336,0.9927
pro_4k_L04,pro,1,1027,1024,4k-32k,10.816,8.688,1.2449
pro_4k_L06,pro,1,1027,1024,4k-32k,10.904,8.562,1.2736
pro_4k_L08,pro,1,1027,1024,4k-32k,10.827,8.526,1.2698
pro_4k_L10,pro,1,1027,1024,4k-32k,10.728,8.502,1.2618
pro_4k_L12,pro,1,1027,1024,4k-32k,10.89,8.709,1.2504
pro_4k_L14,pro,1,1027,1024,4k-32k,10.891,8.702,1.2515
pro_4k_L16,pro,1,1027,1024,4k-32k,6.418,6.488,0.9892
pro_4k_L18,pro,1,1027,1024,4k-32k,10.909,8.664,1.2591
pro_4k_L20,pro,1,1027,1024,4k-32k,10.974,8.709,1.2602
pro_4k_L22,pro,1,1027,1024,4k-32k,10.834,8.678,1.2484
pro_4k_L24,pro,1,1027,1024,4k-32k,10.899,8.678,1.2559
pro_4k_L26,pro,1,1027,1024,4k-32k,10.949,8.667,1.2633
pro_4k_L28,pro,1,1027,1024,4k-32k,10.856,8.699,1.2479
pro_4k_L30,pro,1,1027,1024,4k-32k,10.894,8.706,1.2514
pro_4k_L32,pro,1,1027,1024,4k-32k,10.904,8.718,1.2507
pro_4k_L34,pro,1,1027,1024,4k-32k,10.931,8.699,1.2566
pro_4k_L36,pro,1,1027,1024,4k-32k,10.877,8.688,1.2519
pro_4k_L38,pro,1,1027,1024,4k-32k,10.896,8.675,1.256
pro_4k_L40,pro,1,1027,1024,4k-32k,10.962,8.739,1.2543
pro_4k_L42,pro,1,1027,1024,4k-32k,11.011,8.699,1.2658
pro_4k_L44,pro,1,1027,1024,4k-32k,11.005,8.71,1.2634
pro_4k_L46,pro,1,1027,1024,4k-32k,10.843,8.65,1.2536
pro_4k_L48,pro,1,1027,1024,4k-32k,11.102,8.757,1.2679
pro_4k_L50,pro,1,1027,1024,4k-32k,11.048,8.835,1.2505
pro_4k_L52,pro,1,1027,1024,4k-32k,10.941,8.674,1.2614
pro_4k_L54,pro,1,1027,1024,4k-32k,10.875,8.669,1.2545
pro_4k_L56,pro,1,1027,1024,4k-32k,10.875,8.68,1.2529
pro_4k_L58,pro,1,1027,1024,4k-32k,10.952,8.672,1.2629
pro_4k_L60,pro,1,1027,1024,4k-32k,10.934,8.71,1.2553
pro_512k_L02,pro,8,131075,1024,32k-1M,18.786,15.618,1.2028
pro_512k_L04,pro,8,131075,1024,32k-1M,21.736,17.346,1.2531
pro_512k_L06,pro,8,131075,1024,32k-1M,19.294,15.858,1.2167
pro_512k_L08,pro,8,131075,1024,32k-1M,19.789,16.169,1.2238
pro_512k_L10,pro,8,131075,1024,32k-1M,21.366,17.803,1.2002
pro_512k_L12,pro,8,131075,1024,32k-1M,21.686,18.035,1.2024
pro_512k_L14,pro,8,131075,1024,32k-1M,15.91,13.795,1.1533
pro_512k_L16,pro,8,131075,1024,32k-1M,17.723,15.019,1.18
pro_512k_L18,pro,8,131075,1024,32k-1M,16.378,14.382,1.1387
pro_512k_L20,pro,8,131075,1024,32k-1M,15.838,13.702,1.1559
pro_512k_L22,pro,8,131075,1024,32k-1M,15.602,13.47,1.1582
pro_512k_L24,pro,8,131075,1024,32k-1M,17.027,14.43,1.18
pro_512k_L26,pro,8,131075,1024,32k-1M,17.886,15.776,1.1338
pro_512k_L28,pro,8,131075,1024,32k-1M,17.15,14.44,1.1877
pro_512k_L30,pro,8,131075,1024,32k-1M,17.806,14.331,1.2425
pro_512k_L32,pro,8,131075,1024,32k-1M,15.832,13.515,1.1714
pro_512k_L34,pro,8,131075,1024,32k-1M,16.776,14.306,1.1727
pro_512k_L36,pro,8,131075,1024,32k-1M,16.454,14.192,1.1594
pro_512k_L38,pro,8,131075,1024,32k-1M,17.549,14.822,1.1839
pro_512k_L40,pro,8,131075,1024,32k-1M,15.774,13.379,1.179
pro_512k_L42,pro,8,131075,1024,32k-1M,17.146,14.552,1.1782
pro_512k_L44,pro,8,131075,1024,32k-1M,17.754,15.653,1.1342
pro_512k_L46,pro,8,131075,1024,32k-1M,16.307,13.904,1.1728
pro_512k_L48,pro,8,131075,1024,32k-1M,17.101,13.938,1.227
pro_512k_L50,pro,8,131075,1024,32k-1M,16.35,14.03,1.1654
pro_512k_L52,pro,8,131075,1024,32k-1M,16.347,14.15,1.1553
pro_512k_L54,pro,8,131075,1024,32k-1M,16.323,13.848,1.1787
pro_512k_L56,pro,8,131075,1024,32k-1M,15.936,13.714,1.1621
pro_512k_L58,pro,8,131075,1024,32k-1M,15.754,13.76,1.1449
pro_512k_L60,pro,8,131075,1024,32k-1M,21.131,16.603,1.2727
pro_64k_L02,pro,1,16387,1024,32k-1M,11.29,9.688,1.1653
pro_64k_L04,pro,1,16387,1024,32k-1M,11.232,9.974,1.1261
pro_64k_L06,pro,1,16387,1024,32k-1M,10.893,9.885,1.102
pro_64k_L08,pro,1,16387,1024,32k-1M,10.896,9.605,1.1344
pro_64k_L10,pro,1,16387,1024,32k-1M,10.998,9.573,1.1489
pro_64k_L12,pro,1,16387,1024,32k-1M,11.677,10.125,1.1533
pro_64k_L14,pro,1,16387,1024,32k-1M,11.832,10.45,1.1323
pro_64k_L16,pro,1,16387,1024,32k-1M,11.982,10.553,1.1354
pro_64k_L18,pro,1,16387,1024,32k-1M,12.616,11.266,1.1199
pro_64k_L20,pro,1,16387,1024,32k-1M,11.518,10.008,1.1509
pro_64k_L22,pro,1,16387,1024,32k-1M,13.282,10.784,1.2316
pro_64k_L24,pro,1,16387,1024,32k-1M,11.069,10.008,1.106
pro_64k_L26,pro,1,16387,1024,32k-1M,13.453,11.054,1.217
pro_64k_L28,pro,1,16387,1024,32k-1M,11.325,10.107,1.1205
pro_64k_L30,pro,1,16387,1024,32k-1M,11.418,10.072,1.1336
pro_64k_L32,pro,1,16387,1024,32k-1M,10.712,9.507,1.1267
pro_64k_L34,pro,1,16387,1024,32k-1M,11.442,10.222,1.1193
pro_64k_L36,pro,1,16387,1024,32k-1M,12.624,10.966,1.1512
pro_64k_L38,pro,1,16387,1024,32k-1M,11.771,10.408,1.131
pro_64k_L40,pro,1,16387,1024,32k-1M,11.243,10.061,1.1175
pro_64k_L42,pro,1,16387,1024,32k-1M,12.76,11.28,1.1312
pro_64k_L44,pro,1,16387,1024,32k-1M,12.952,11.792,1.0984
pro_64k_L46,pro,1,16387,1024,32k-1M,12.544,10.878,1.1531
pro_64k_L48,pro,1,16387,1024,32k-1M,11.638,10.278,1.1323
pro_64k_L50,pro,1,16387,1024,32k-1M,10.645,9.382,1.1345
pro_64k_L52,pro,1,16387,1024,32k-1M,10.917,9.661,1.13
pro_64k_L54,pro,1,16387,1024,32k-1M,11.845,10.589,1.1186
pro_64k_L56,pro,1,16387,1024,32k-1M,11.994,10.586,1.133
pro_64k_L58,pro,1,16387,1024,32k-1M,11.474,10.021,1.145
pro_64k_L60,pro,1,16387,1024,32k-1M,11.008,9.504,1.1582
pro_8k_L02,pro,1,2051,1024,4k-32k,9.949,8.349,1.1916
pro_8k_L04,pro,1,2051,1024,4k-32k,10.123,8.478,1.194
pro_8k_L06,pro,1,2051,1024,4k-32k,9.781,8.278,1.1815
pro_8k_L08,pro,1,2051,1024,4k-32k,9.722,8.146,1.1935
pro_8k_L10,pro,1,2051,1024,4k-32k,10.146,8.578,1.1828
pro_8k_L12,pro,1,2051,1024,4k-32k,8.174,7.152,1.143
pro_8k_L14,pro,1,2051,1024,4k-32k,8.09,7.072,1.1439
pro_8k_L16,pro,1,2051,1024,4k-32k,8.091,7.037,1.1498
pro_8k_L18,pro,1,2051,1024,4k-32k,8.254,7.098,1.163
pro_8k_L20,pro,1,2051,1024,4k-32k,10.285,8.576,1.1993
pro_8k_L22,pro,1,2051,1024,4k-32k,8.318,7.258,1.1462
pro_8k_L24,pro,1,2051,1024,4k-32k,8.285,7.226,1.1466
pro_8k_L26,pro,1,2051,1024,4k-32k,8.566,7.424,1.1539
pro_8k_L28,pro,1,2051,1024,4k-32k,8.667,7.421,1.168
pro_8k_L30,pro,1,2051,1024,4k-32k,8.507,7.299,1.1655
pro_8k_L32,pro,1,2051,1024,4k-32k,9.416,7.459,1.2623
pro_8k_L34,pro,1,2051,1024,4k-32k,8.57,7.587,1.1295
pro_8k_L36,pro,1,2051,1024,4k-32k,8.499,7.44,1.1424
pro_8k_L38,pro,1,2051,1024,4k-32k,8.214,7.146,1.1496
pro_8k_L40,pro,1,2051,1024,4k-32k,8.182,7.181,1.1395
pro_8k_L42,pro,1,2051,1024,4k-32k,8.517,7.373,1.1552
pro_8k_L44,pro,1,2051,1024,4k-32k,8.608,7.336,1.1734
pro_8k_L46,pro,1,2051,1024,4k-32k,8.73,7.578,1.152
pro_8k_L48,pro,1,2051,1024,4k-32k,8.459,7.352,1.1506
pro_8k_L50,pro,1,2051,1024,4k-32k,8.25,7.146,1.1545
pro_8k_L52,pro,1,2051,1024,4k-32k,8.32,7.158,1.1623
pro_8k_L54,pro,1,2051,1024,4k-32k,8.358,7.157,1.1679
pro_8k_L56,pro,1,2051,1024,4k-32k,8.126,7.219,1.1257
pro_8k_L58,pro,1,2051,1024,4k-32k,10.525,8.672,1.2137
pro_8k_L60,pro,1,2051,1024,4k-32k,9.891,8.195,1.207
v32_128k_L03,v32,8,131087,2048,32k-1M,19.09,16.826,1.1346
v32_128k_L04,v32,8,131087,2048,32k-1M,18.291,16.546,1.1055
v32_128k_L05,v32,8,131087,2048,32k-1M,18.616,16.698,1.1149
v32_128k_L06,v32,8,131087,2048,32k-1M,18.403,16.12,1.1416
v32_128k_L07,v32,8,131087,2048,32k-1M,18.0,16.546,1.0879
v32_128k_L08,v32,8,131087,2048,32k-1M,25.11,23.136,1.0853
v32_128k_L09,v32,8,131087,2048,32k-1M,18.669,17.56,1.0631
v32_128k_L10,v32,8,131087,2048,32k-1M,18.39,16.938,1.0858
v32_128k_L11,v32,8,131087,2048,32k-1M,17.952,16.477,1.0895
v32_128k_L12,v32,8,131087,2048,32k-1M,24.71,22.416,1.1024
v32_128k_L13,v32,8,131087,2048,32k-1M,25.968,21.817,1.1902
v32_128k_L14,v32,8,131087,2048,32k-1M,18.302,16.611,1.1018
v32_128k_L15,v32,8,131087,2048,32k-1M,19.362,17.085,1.1333
v32_128k_L16,v32,8,131087,2048,32k-1M,17.893,16.149,1.108
v32_128k_L17,v32,8,131087,2048,32k-1M,20.642,18.267,1.13
v32_128k_L18,v32,8,131087,2048,32k-1M,24.585,22.79,1.0788
v32_128k_L19,v32,8,131087,2048,32k-1M,18.222,16.635,1.0954
v32_128k_L20,v32,8,131087,2048,32k-1M,18.165,16.515,1.0999
v32_128k_L21,v32,8,131087,2048,32k-1M,19.006,17.194,1.1054
v32_128k_L22,v32,8,131087,2048,32k-1M,24.749,22.014,1.1242
v32_128k_L23,v32,8,131087,2048,32k-1M,19.011,17.13,1.1098
v32_128k_L24,v32,8,131087,2048,32k-1M,19.694,17.24,1.1424
v32_128k_L25,v32,8,131087,2048,32k-1M,19.739,16.622,1.1875
v32_128k_L26,v32,8,131087,2048,32k-1M,20.875,18.478,1.1297
v32_128k_L27,v32,8,131087,2048,32k-1M,20.777,18.595,1.1174
v32_128k_L28,v32,8,131087,2048,32k-1M,20.901,18.776,1.1132
v32_128k_L29,v32,8,131087,2048,32k-1M,21.259,18.512,1.1484
v32_128k_L30,v32,8,131087,2048,32k-1M,20.443,18.192,1.1237
v32_128k_L31,v32,8,131087,2048,32k-1M,18.205,16.52,1.102
v32_128k_L32,v32,8,131087,2048,32k-1M,18.483,16.392,1.1276
v32_128k_L33,v32,8,131087,2048,32k-1M,19.573,17.577,1.1135
v32_128k_L34,v32,8,131087,2048,32k-1M,18.384,16.221,1.1334
v32_128k_L35,v32,8,131087,2048,32k-1M,20.16,17.947,1.1233
v32_128k_L36,v32,8,131087,2048,32k-1M,25.414,22.198,1.1449
v32_128k_L37,v32,8,131087,2048,32k-1M,18.376,16.456,1.1167
v32_128k_L38,v32,8,131087,2048,32k-1M,18.258,16.003,1.1409
v32_128k_L39,v32,8,131087,2048,32k-1M,18.632,16.512,1.1284
v32_128k_L40,v32,8,131087,2048,32k-1M,18.082,16.118,1.1218
v32_128k_L41,v32,8,131087,2048,32k-1M,19.387,16.555,1.1711
v32_128k_L42,v32,8,131087,2048,32k-1M,18.322,16.077,1.1396
v32_128k_L43,v32,8,131087,2048,32k-1M,18.994,16.763,1.1331
v32_128k_L44,v32,8,131087,2048,32k-1M,26.037,22.678,1.1481
v32_128k_L45,v32,8,131087,2048,32k-1M,24.994,21.717,1.1509
v32_128k_L46,v32,8,131087,2048,32k-1M,18.512,16.294,1.1361
v32_128k_L47,v32,8,131087,2048,32k-1M,19.21,17.15,1.1201
v32_128k_L48,v32,8,131087,2048,32k-1M,18.403,16.374,1.1239
v32_128k_L49,v32,8,131087,2048,32k-1M,25.414,22.336,1.1378
v32_128k_L50,v32,8,131087,2048,32k-1M,19.362,17.056,1.1352
v32_128k_L51,v32,8,131087,2048,32k-1M,18.322,16.366,1.1195
v32_128k_L52,v32,8,131087,2048,32k-1M,24.809,21.722,1.1422
v32_128k_L53,v32,8,131087,2048,32k-1M,25.13,22.169,1.1335
v32_128k_L54,v32,8,131087,2048,32k-1M,25.88,22.752,1.1375
v32_128k_L55,v32,8,131087,2048,32k-1M,24.963,21.702,1.1503
v32_128k_L56,v32,8,131087,2048,32k-1M,18.55,16.421,1.1297
v32_128k_L57,v32,8,131087,2048,32k-1M,19.142,16.27,1.1765
v32_128k_L58,v32,8,131087,2048,32k-1M,24.985,22.269,1.122
v32_128k_L59,v32,8,131087,2048,32k-1M,25.48,22.658,1.1246
v32_128k_L60,v32,8,131087,2048,32k-1M,25.349,22.445,1.1294
v32_16k_L03,v32,1,16399,2048,4k-32k,13.229,12.162,1.0878
v32_16k_L04,v32,1,16399,2048,4k-32k,13.173,12.392,1.063
v32_16k_L05,v32,1,16399,2048,4k-32k,12.669,11.723,1.0807
v32_16k_L06,v32,1,16399,2048,4k-32k,12.336,11.749,1.05
v32_16k_L07,v32,1,16399,2048,4k-32k,12.541,11.802,1.0626
v32_16k_L08,v32,1,16399,2048,4k-32k,15.858,14.866,1.0667
v32_16k_L09,v32,1,16399,2048,4k-32k,12.645,11.829,1.069
v32_16k_L10,v32,1,16399,2048,4k-32k,13.114,12.202,1.0747
v32_16k_L11,v32,1,16399,2048,4k-32k,12.883,12.19,1.0568
v32_16k_L12,v32,1,16399,2048,4k-32k,15.13,14.278,1.0596
v32_16k_L13,v32,1,16399,2048,4k-32k,15.237,14.565,1.0461
v32_16k_L14,v32,1,16399,2048,4k-32k,12.603,11.512,1.0948
v32_16k_L15,v32,1,16399,2048,4k-32k,12.458,11.403,1.0925
v32_16k_L16,v32,1,16399,2048,4k-32k,12.648,11.669,1.0839
v32_16k_L17,v32,1,16399,2048,4k-32k,13.038,12.416,1.0502
v32_16k_L18,v32,1,16399,2048,4k-32k,15.11,14.368,1.0517
v32_16k_L19,v32,1,16399,2048,4k-32k,12.414,11.76,1.0556
v32_16k_L20,v32,1,16399,2048,4k-32k,12.568,11.88,1.0579
v32_16k_L21,v32,1,16399,2048,4k-32k,14.155,12.451,1.1369
v32_16k_L22,v32,1,16399,2048,4k-32k,12.576,11.723,1.0727
v32_16k_L23,v32,1,16399,2048,4k-32k,12.366,11.738,1.0536
v32_16k_L24,v32,1,16399,2048,4k-32k,12.354,11.618,1.0633
v32_16k_L25,v32,1,16399,2048,4k-32k,13.2,12.08,1.0927
v32_16k_L26,v32,1,16399,2048,4k-32k,12.49,11.702,1.0673
v32_16k_L27,v32,1,16399,2048,4k-32k,12.765,12.107,1.0543
v32_16k_L28,v32,1,16399,2048,4k-32k,12.901,11.912,1.083
v32_16k_L29,v32,1,16399,2048,4k-32k,13.266,12.442,1.0662
v32_16k_L30,v32,1,16399,2048,4k-32k,12.19,11.181,1.0903
v32_16k_L31,v32,1,16399,2048,4k-32k,12.885,11.987,1.0749
v32_16k_L32,v32,1,16399,2048,4k-32k,12.939,12.019,1.0765
v32_16k_L33,v32,1,16399,2048,4k-32k,13.197,12.496,1.0561
v32_16k_L34,v32,1,16399,2048,4k-32k,13.299,12.4,1.0725
v32_16k_L35,v32,1,16399,2048,4k-32k,13.384,12.426,1.0771
v32_16k_L36,v32,1,16399,2048,4k-32k,12.602,11.706,1.0765
v32_16k_L37,v32,1,16399,2048,4k-32k,12.402,11.606,1.0685
v32_16k_L38,v32,1,16399,2048,4k-32k,13.432,11.85,1.1335
v32_16k_L39,v32,1,16399,2048,4k-32k,12.31,11.715,1.0508
v32_16k_L40,v32,1,16399,2048,4k-32k,12.413,11.357,1.093
v32_16k_L41,v32,1,16399,2048,4k-32k,15.098,14.192,1.0638
v32_16k_L42,v32,1,16399,2048,4k-32k,15.144,14.365,1.0542
v32_16k_L43,v32,1,16399,2048,4k-32k,12.821,11.907,1.0767
v32_16k_L44,v32,1,16399,2048,4k-32k,15.192,14.309,1.0617
v32_16k_L45,v32,1,16399,2048,4k-32k,15.198,14.221,1.0687
v32_16k_L46,v32,1,16399,2048,4k-32k,14.032,12.23,1.1473
v32_16k_L47,v32,1,16399,2048,4k-32k,12.586,11.654,1.0799
v32_16k_L48,v32,1,16399,2048,4k-32k,12.686,11.813,1.074
v32_16k_L49,v32,1,16399,2048,4k-32k,13.045,12.246,1.0652
v32_16k_L50,v32,1,16399,2048,4k-32k,13.085,12.317,1.0624
v32_16k_L51,v32,1,16399,2048,4k-32k,13.162,12.432,1.0587
v32_16k_L52,v32,1,16399,2048,4k-32k,16.494,14.541,1.1344
v32_16k_L53,v32,1,16399,2048,4k-32k,12.539,11.835,1.0595
v32_16k_L54,v32,1,16399,2048,4k-32k,13.314,11.781,1.1301
v32_16k_L55,v32,1,16399,2048,4k-32k,12.445,11.941,1.0422
v32_16k_L56,v32,1,16399,2048,4k-32k,12.817,12.138,1.056
v32_16k_L57,v32,1,16399,2048,4k-32k,13.469,11.787,1.1427
v32_16k_L58,v32,1,16399,2048,4k-32k,15.475,14.605,1.0596
v32_16k_L59,v32,1,16399,2048,4k-32k,12.586,12.048,1.0446
v32_16k_L60,v32,1,16399,2048,4k-32k,15.434,14.47,1.0666
v32_256k_L03,v32,8,163775,2048,32k-1M,19.952,17.361,1.1492
v32_256k_L04,v32,8,163775,2048,32k-1M,19.918,17.582,1.1329
v32_256k_L05,v32,8,163775,2048,32k-1M,20.048,18.357,1.0921
v32_256k_L06,v32,8,163775,2048,32k-1M,19.254,17.306,1.1126
v32_256k_L07,v32,8,163775,2048,32k-1M,19.48,17.675,1.1021
v32_256k_L08,v32,8,163775,2048,32k-1M,29.829,24.169,1.2341
v32_256k_L09,v32,8,163775,2048,32k-1M,19.565,18.504,1.0573
v32_256k_L10,v32,8,163775,2048,32k-1M,18.605,16.891,1.1014
v32_256k_L11,v32,8,163775,2048,32k-1M,18.357,17.602,1.0429
v32_256k_L12,v32,8,163775,2048,32k-1M,17.798,16.811,1.0587
v32_256k_L13,v32,8,163775,2048,32k-1M,19.419,17.779,1.0922
v32_256k_L14,v32,8,163775,2048,32k-1M,19.24,17.738,1.0847
v32_256k_L15,v32,8,163775,2048,32k-1M,19.211,17.528,1.096
v32_256k_L16,v32,8,163775,2048,32k-1M,18.419,17.102,1.077
v32_256k_L17,v32,8,163775,2048,32k-1M,21.905,18.086,1.2112
v32_256k_L18,v32,8,163775,2048,32k-1M,26.326,24.443,1.077
v32_256k_L19,v32,8,163775,2048,32k-1M,19.154,17.907,1.0696
v32_256k_L20,v32,8,163775,2048,32k-1M,19.069,17.315,1.1013
v32_256k_L21,v32,8,163775,2048,32k-1M,19.985,18.018,1.1092
v32_256k_L22,v32,8,163775,2048,32k-1M,25.069,23.099,1.0853
v32_256k_L23,v32,8,163775,2048,32k-1M,18.489,17.078,1.0826
v32_256k_L24,v32,8,163775,2048,32k-1M,20.843,18.651,1.1175
v32_256k_L25,v32,8,163775,2048,32k-1M,26.637,23.314,1.1425
v32_256k_L26,v32,8,163775,2048,32k-1M,19.651,17.411,1.1287
v32_256k_L27,v32,8,163775,2048,32k-1M,25.533,22.227,1.1487
v32_256k_L28,v32,8,163775,2048,32k-1M,19.034,16.904,1.126
v32_256k_L29,v32,8,163775,2048,32k-1M,18.81,16.827,1.1178
v32_256k_L30,v32,8,163775,2048,32k-1M,19.773,17.722,1.1157
v32_256k_L31,v32,8,163775,2048,32k-1M,18.946,17.115,1.1069
v32_256k_L32,v32,8,163775,2048,32k-1M,19.741,17.651,1.1184
v32_256k_L33,v32,8,163775,2048,32k-1M,19.037,17.085,1.1143
v32_256k_L34,v32,8,163775,2048,32k-1M,19.003,16.97,1.1198
v32_256k_L35,v32,8,163775,2048,32k-1M,19.642,17.577,1.1174
v32_256k_L36,v32,8,163775,2048,32k-1M,27.648,24.475,1.1296
v32_256k_L37,v32,8,163775,2048,32k-1M,19.824,17.888,1.1082
v32_256k_L38,v32,8,163775,2048,32k-1M,19.077,17.288,1.1035
v32_256k_L39,v32,8,163775,2048,32k-1M,19.331,17.262,1.1198
v32_256k_L40,v32,8,163775,2048,32k-1M,18.902,17.027,1.1101
v32_256k_L41,v32,8,163775,2048,32k-1M,18.888,16.934,1.1154
v32_256k_L42,v32,8,163775,2048,32k-1M,29.422,23.75,1.2388
v32_256k_L43,v32,8,163775,2048,32k-1M,19.493,17.218,1.1321
v32_256k_L44,v32,8,163775,2048,32k-1M,27.872,24.635,1.1314
v32_256k_L45,v32,8,163775,2048,32k-1M,19.072,17.11,1.1146
v32_256k_L46,v32,8,163775,2048,32k-1M,18.713,16.942,1.1045
v32_256k_L47,v32,8,163775,2048,32k-1M,19.557,17.427,1.1222
v32_256k_L48,v32,8,163775,2048,32k-1M,27.283,23.802,1.1463
v32_256k_L49,v32,8,163775,2048,32k-1M,27.189,24.073,1.1294
v32_256k_L50,v32,8,163775,2048,32k-1M,19.147,16.808,1.1392
v32_256k_L51,v32,8,163775,2048,32k-1M,19.331,17.227,1.1221
v32_256k_L52,v32,8,163775,2048,32k-1M,26.546,23.77,1.1168
v32_256k_L53,v32,8,163775,2048,32k-1M,26.841,23.592,1.1377
v32_256k_L54,v32,8,163775,2048,32k-1M,27.976,25.078,1.1155
v32_256k_L55,v32,8,163775,2048,32k-1M,27.008,24.034,1.1238
v32_256k_L56,v32,8,163775,2048,32k-1M,27.6,24.478,1.1275
v32_256k_L57,v32,8,163775,2048,32k-1M,19.067,17.126,1.1133
v32_256k_L58,v32,8,163775,2048,32k-1M,26.693,23.742,1.1243
v32_256k_L59,v32,8,163775,2048,32k-1M,27.421,24.344,1.1264
v32_256k_L60,v32,8,163775,2048,32k-1M,27.693,24.457,1.1323
v32_32k_L03,v32,1,32783,2048,32k-1M,16.131,14.376,1.1221
v32_32k_L04,v32,1,32783,2048,32k-1M,16.002,14.541,1.1005
v32_32k_L05,v32,1,32783,2048,32k-1M,15.141,14.165,1.0689
v32_32k_L06,v32,1,32783,2048,32k-1M,14.803,13.889,1.0658
v32_32k_L07,v32,1,32783,2048,32k-1M,15.275,14.432,1.0584
v32_32k_L08,v32,1,32783,2048,32k-1M,19.371,18.155,1.067
v32_32k_L09,v32,1,32783,2048,32k-1M,15.891,14.877,1.0682
v32_32k_L10,v32,1,32783,2048,32k-1M,15.403,14.427,1.0677
v32_32k_L11,v32,1,32783,2048,32k-1M,15.581,15.005,1.0384
v32_32k_L12,v32,1,32783,2048,32k-1M,15.258,14.086,1.0831
v32_32k_L13,v32,1,32783,2048,32k-1M,15.12,14.291,1.058
v32_32k_L14,v32,1,32783,2048,32k-1M,15.354,14.304,1.0734
v32_32k_L15,v32,1,32783,2048,32k-1M,15.653,14.813,1.0567
v32_32k_L16,v32,1,32783,2048,32k-1M,15.466,14.723,1.0504
v32_32k_L17,v32,1,32783,2048,32k-1M,15.83,14.934,1.06
v32_32k_L18,v32,1,32783,2048,32k-1M,15.056,14.144,1.0645
v32_32k_L19,v32,1,32783,2048,32k-1M,15.258,14.267,1.0694
v32_32k_L20,v32,1,32783,2048,32k-1M,15.947,14.88,1.0717
v32_32k_L21,v32,1,32783,2048,32k-1M,15.363,14.496,1.0598
v32_32k_L22,v32,1,32783,2048,32k-1M,15.171,14.44,1.0506
v32_32k_L23,v32,1,32783,2048,32k-1M,15.76,15.018,1.0494
v32_32k_L24,v32,1,32783,2048,32k-1M,15.734,15.066,1.0444
v32_32k_L25,v32,1,32783,2048,32k-1M,16.066,15.251,1.0534
v32_32k_L26,v32,1,32783,2048,32k-1M,16.488,15.581,1.0582
v32_32k_L27,v32,1,32783,2048,32k-1M,16.886,15.873,1.0638
v32_32k_L28,v32,1,32783,2048,32k-1M,15.75,14.782,1.0655
v32_32k_L29,v32,1,32783,2048,32k-1M,16.035,15.35,1.0446
v32_32k_L30,v32,1,32783,2048,32k-1M,15.069,14.118,1.0673
v32_32k_L31,v32,1,32783,2048,32k-1M,16.096,15.307,1.0515
v32_32k_L32,v32,1,32783,2048,32k-1M,16.512,15.675,1.0534
v32_32k_L33,v32,1,32783,2048,32k-1M,18.433,16.318,1.1296
v32_32k_L34,v32,1,32783,2048,32k-1M,16.555,15.541,1.0653
v32_32k_L35,v32,1,32783,2048,32k-1M,15.203,14.672,1.0362
v32_32k_L36,v32,1,32783,2048,32k-1M,15.665,14.538,1.0776
v32_32k_L37,v32,1,32783,2048,32k-1M,15.17,14.413,1.0525
v32_32k_L38,v32,1,32783,2048,32k-1M,15.397,14.693,1.0479
v32_32k_L39,v32,1,32783,2048,32k-1M,15.795,14.933,1.0578
v32_32k_L40,v32,1,32783,2048,32k-1M,15.057,14.253,1.0565
v32_32k_L41,v32,1,32783,2048,32k-1M,16.152,14.414,1.1205
v32_32k_L42,v32,1,32783,2048,32k-1M,15.094,14.317,1.0543
v32_32k_L43,v32,1,32783,2048,32k-1M,16.811,15.123,1.1116
v32_32k_L44,v32,1,32783,2048,32k-1M,15.338,14.301,1.0725
v32_32k_L45,v32,1,32783,2048,32k-1M,15.421,14.389,1.0717
v32_32k_L46,v32,1,32783,2048,32k-1M,17.589,16.421,1.0711
v32_32k_L47,v32,1,32783,2048,32k-1M,16.483,15.232,1.0821
v32_32k_L48,v32,1,32783,2048,32k-1M,15.134,14.187,1.0668
v32_32k_L49,v32,1,32783,2048,32k-1M,15.648,14.91,1.0495
v32_32k_L50,v32,1,32783,2048,32k-1M,16.021,14.872,1.0772
v32_32k_L51,v32,1,32783,2048,32k-1M,15.79,14.758,1.0699
v32_32k_L52,v32,1,32783,2048,32k-1M,15.93,14.707,1.0831
v32_32k_L53,v32,1,32783,2048,32k-1M,15.312,14.39,1.064
v32_32k_L54,v32,1,32783,2048,32k-1M,15.942,14.55,1.0957
v32_32k_L55,v32,1,32783,2048,32k-1M,15.221,14.418,1.0557
v32_32k_L56,v32,1,32783,2048,32k-1M,14.907,14.254,1.0458
v32_32k_L57,v32,1,32783,2048,32k-1M,15.253,14.249,1.0704
v32_32k_L58,v32,1,32783,2048,32k-1M,18.272,17.707,1.0319
v32_32k_L59,v32,1,32783,2048,32k-1M,15.63,14.761,1.0589
v32_32k_L60,v32,1,32783,2048,32k-1M,19.136,18.093,1.0577
v32_4k_L03,v32,1,4111,2048,4k-32k,13.15,11.888,1.1062
v32_4k_L04,v32,1,4111,2048,4k-32k,13.229,12.168,1.0872
v32_4k_L05,v32,1,4111,2048,4k-32k,12.477,11.49,1.0859
v32_4k_L06,v32,1,4111,2048,4k-32k,12.606,11.714,1.0762
v32_4k_L07,v32,1,4111,2048,4k-32k,12.83,11.738,1.0931
v32_4k_L08,v32,1,4111,2048,4k-32k,13.274,12.331,1.0764
v32_4k_L09,v32,1,4111,2048,4k-32k,10.117,9.154,1.1052
v32_4k_L10,v32,1,4111,2048,4k-32k,13.162,12.301,1.07
v32_4k_L11,v32,1,4111,2048,4k-32k,12.624,12.014,1.0507
v32_4k_L12,v32,1,4111,2048,4k-32k,12.598,11.706,1.0763
v32_4k_L13,v32,1,4111,2048,4k-32k,13.4,11.557,1.1595
v32_4k_L14,v32,1,4111,2048,4k-32k,13.04,12.08,1.0795
v32_4k_L15,v32,1,4111,2048,4k-32k,13.79,11.89,1.1599
v32_4k_L16,v32,1,4111,2048,4k-32k,12.75,11.832,1.0776
v32_4k_L17,v32,1,4111,2048,4k-32k,10.158,9.192,1.1051
v32_4k_L18,v32,1,4111,2048,4k-32k,13.144,12.264,1.0718
v32_4k_L19,v32,1,4111,2048,4k-32k,12.861,12.107,1.0622
v32_4k_L20,v32,1,4111,2048,4k-32k,10.888,9.309,1.1697
v32_4k_L21,v32,1,4111,2048,4k-32k,13.011,12.074,1.0777
v32_4k_L22,v32,1,4111,2048,4k-32k,12.744,11.765,1.0832
v32_4k_L23,v32,1,4111,2048,4k-32k,9.941,9.178,1.0832
v32_4k_L24,v32,1,4111,2048,4k-32k,10.149,8.962,1.1325
v32_4k_L25,v32,1,4111,2048,4k-32k,13.648,11.782,1.1583
v32_4k_L26,v32,1,4111,2048,4k-32k,10.269,9.485,1.0827
v32_4k_L27,v32,1,4111,2048,4k-32k,10.525,9.482,1.11
v32_4k_L28,v32,1,4111,2048,4k-32k,10.274,9.714,1.0577
v32_4k_L29,v32,1,4111,2048,4k-32k,10.261,9.331,1.0996
v32_4k_L30,v32,1,4111,2048,4k-32k,10.4,9.587,1.0848
v32_4k_L31,v32,1,4111,2048,4k-32k,10.192,9.426,1.0813
v32_4k_L32,v32,1,4111,2048,4k-32k,11.07,9.408,1.1767
v32_4k_L33,v32,1,4111,2048,4k-32k,10.115,9.154,1.1051
v32_4k_L34,v32,1,4111,2048,4k-32k,10.221,9.184,1.1129
v32_4k_L35,v32,1,4111,2048,4k-32k,10.12,9.067,1.1161
v32_4k_L36,v32,1,4111,2048,4k-32k,12.766,11.739,1.0875
v32_4k_L37,v32,1,4111,2048,4k-32k,10.928,9.269,1.179
v32_4k_L38,v32,1,4111,2048,4k-32k,12.91,12.201,1.0581
v32_4k_L39,v32,1,4111,2048,4k-32k,13.109,12.088,1.0844
v32_4k_L40,v32,1,4111,2048,4k-32k,12.776,11.963,1.0679
v32_4k_L41,v32,1,4111,2048,4k-32k,12.979,12.101,1.0726
v32_4k_L42,v32,1,4111,2048,4k-32k,12.677,11.987,1.0575
v32_4k_L43,v32,1,4111,2048,4k-32k,13.36,12.355,1.0813
v32_4k_L44,v32,1,4111,2048,4k-32k,12.592,11.544,1.0908
v32_4k_L45,v32,1,4111,2048,4k-32k,12.781,11.557,1.1059
v32_4k_L46,v32,1,4111,2048,4k-32k,13.171,12.288,1.0719
v32_4k_L47,v32,1,4111,2048,4k-32k,9.931,9.197,1.0798
v32_4k_L48,v32,1,4111,2048,4k-32k,12.914,11.909,1.0844
v32_4k_L49,v32,1,4111,2048,4k-32k,12.736,11.994,1.0619
v32_4k_L50,v32,1,4111,2048,4k-32k,12.686,11.637,1.0902
v32_4k_L51,v32,1,4111,2048,4k-32k,13.014,12.243,1.063
v32_4k_L52,v32,1,4111,2048,4k-32k,12.909,12.062,1.0702
v32_4k_L53,v32,1,4111,2048,4k-32k,12.949,11.955,1.0831
v32_4k_L54,v32,1,4111,2048,4k-32k,13.238,12.066,1.0972
v32_4k_L55,v32,1,4111,2048,4k-32k,12.402,11.555,1.0732
v32_4k_L56,v32,1,4111,2048,4k-32k,12.64,11.803,1.0709
v32_4k_L57,v32,1,4111,2048,4k-32k,12.73,12.109,1.0513
v32_4k_L58,v32,1,4111,2048,4k-32k,12.896,12.138,1.0625
v32_4k_L59,v32,1,4111,2048,4k-32k,12.994,11.923,1.0898
v32_4k_L60,v32,1,4111,2048,4k-32k,12.856,11.83,1.0867
v32_64k_L03,v32,4,65551,2048,32k-1M,17.102,15.635,1.0938
v32_64k_L04,v32,4,65551,2048,32k-1M,17.749,15.731,1.1283
v32_64k_L05,v32,4,65551,2048,32k-1M,18.184,15.854,1.1469
v32_64k_L06,v32,4,65551,2048,32k-1M,16.635,15.306,1.0869
v32_64k_L07,v32,4,65551,2048,32k-1M,16.776,15.899,1.0551
v32_64k_L08,v32,4,65551,2048,32k-1M,23.445,21.63,1.0839
v32_64k_L09,v32,4,65551,2048,32k-1M,16.802,15.974,1.0518
v32_64k_L10,v32,4,65551,2048,32k-1M,17.137,15.888,1.0786
v32_64k_L11,v32,4,65551,2048,32k-1M,17.05,15.802,1.079
v32_64k_L12,v32,4,65551,2048,32k-1M,24.061,22.341,1.077
v32_64k_L13,v32,4,65551,2048,32k-1M,16.978,15.482,1.0966
v32_64k_L14,v32,4,65551,2048,32k-1M,16.998,15.976,1.064
v32_64k_L15,v32,4,65551,2048,32k-1M,17.56,16.384,1.0718
v32_64k_L16,v32,4,65551,2048,32k-1M,18.373,16.051,1.1446
v32_64k_L17,v32,4,65551,2048,32k-1M,18.422,16.131,1.142
v32_64k_L18,v32,4,65551,2048,32k-1M,22.845,21.558,1.0597
v32_64k_L19,v32,4,65551,2048,32k-1M,17.185,16.034,1.0718
v32_64k_L20,v32,4,65551,2048,32k-1M,18.024,16.341,1.103
v32_64k_L21,v32,4,65551,2048,32k-1M,20.706,17.87,1.1587
v32_64k_L22,v32,4,65551,2048,32k-1M,17.739,16.579,1.07
v32_64k_L23,v32,4,65551,2048,32k-1M,19.341,17.941,1.078
v32_64k_L24,v32,4,65551,2048,32k-1M,24.213,22.731,1.0652
v32_64k_L25,v32,4,65551,2048,32k-1M,21.248,20.184,1.0527
v32_64k_L26,v32,4,65551,2048,32k-1M,24.459,23.397,1.0454
v32_64k_L27,v32,4,65551,2048,32k-1M,24.157,22.973,1.0515
v32_64k_L28,v32,4,65551,2048,32k-1M,24.55,23.31,1.0532
v32_64k_L29,v32,4,65551,2048,32k-1M,23.995,22.672,1.0584
v32_64k_L30,v32,4,65551,2048,32k-1M,17.738,16.216,1.0938
v32_64k_L31,v32,4,65551,2048,32k-1M,22.189,21.003,1.0564
v32_64k_L32,v32,4,65551,2048,32k-1M,21.822,20.413,1.0691
v32_64k_L33,v32,4,65551,2048,32k-1M,22.181,20.957,1.0584
v32_64k_L34,v32,4,65551,2048,32k-1M,20.834,19.128,1.0892
v32_64k_L35,v32,4,65551,2048,32k-1M,19.253,17.774,1.0832
v32_64k_L36,v32,4,65551,2048,32k-1M,20.606,17.704,1.1639
v32_64k_L37,v32,4,65551,2048,32k-1M,17.758,16.47,1.0782
v32_64k_L38,v32,4,65551,2048,32k-1M,17.936,16.686,1.0749
v32_64k_L39,v32,4,65551,2048,32k-1M,17.819,16.56,1.076
v32_64k_L40,v32,4,65551,2048,32k-1M,19.941,18.222,1.0943
v32_64k_L41,v32,4,65551,2048,32k-1M,16.822,15.682,1.0727
v32_64k_L42,v32,4,65551,2048,32k-1M,17.827,16.36,1.0897
v32_64k_L43,v32,4,65551,2048,32k-1M,18.169,16.789,1.0822
v32_64k_L44,v32,4,65551,2048,32k-1M,23.542,21.885,1.0757
v32_64k_L45,v32,4,65551,2048,32k-1M,17.906,16.522,1.0838
v32_64k_L46,v32,4,65551,2048,32k-1M,18.442,17.043,1.0821
v32_64k_L47,v32,4,65551,2048,32k-1M,24.363,22.856,1.0659
v32_64k_L48,v32,4,65551,2048,32k-1M,18.122,16.643,1.0888
v32_64k_L49,v32,4,65551,2048,32k-1M,17.918,16.674,1.0747
v32_64k_L50,v32,4,65551,2048,32k-1M,19.944,18.096,1.1021
v32_64k_L51,v32,4,65551,2048,32k-1M,18.046,16.768,1.0762
v32_64k_L52,v32,4,65551,2048,32k-1M,16.786,15.291,1.0977
v32_64k_L53,v32,4,65551,2048,32k-1M,17.678,16.515,1.0704
v32_64k_L54,v32,4,65551,2048,32k-1M,17.122,15.755,1.0867
v32_64k_L55,v32,4,65551,2048,32k-1M,16.982,16.002,1.0613
v32_64k_L56,v32,4,65551,2048,32k-1M,22.75,21.296,1.0683
v32_64k_L57,v32,4,65551,2048,32k-1M,17.046,15.806,1.0784
v32_64k_L58,v32,4,65551,2048,32k-1M,25.317,22.358,1.1323
v32_64k_L59,v32,4,65551,2048,32k-1M,22.901,21.419,1.0692
v32_64k_L60,v32,4,65551,2048,32k-1M,23.573,22.21,1.0614
v32_8k_L03,v32,1,8207,2048,4k-32k,11.978,9.998,1.198
v32_8k_L04,v32,1,8207,2048,4k-32k,11.336,10.534,1.0761
v32_8k_L05,v32,1,8207,2048,4k-32k,11.552,10.39,1.1118
v32_8k_L06,v32,1,8207,2048,4k-32k,13.713,12.618,1.0869
v32_8k_L07,v32,1,8207,2048,4k-32k,15.078,13.304,1.1334
v32_8k_L08,v32,1,8207,2048,4k-32k,15.509,13.331,1.1633
v32_8k_L09,v32,1,8207,2048,4k-32k,11.414,10.47,1.0902
v32_8k_L10,v32,1,8207,2048,4k-32k,11.435,10.486,1.0905
v32_8k_L11,v32,1,8207,2048,4k-32k,11.754,10.848,1.0835
v32_8k_L12,v32,1,8207,2048,4k-32k,14.41,13.243,1.0881
v32_8k_L13,v32,1,8207,2048,4k-32k,14.256,13.139,1.085
v32_8k_L14,v32,1,8207,2048,4k-32k,14.144,13.114,1.0786
v32_8k_L15,v32,1,8207,2048,4k-32k,11.757,10.466,1.1234
v32_8k_L16,v32,1,8207,2048,4k-32k,14.443,13.227,1.0919
v32_8k_L17,v32,1,8207,2048,4k-32k,11.88,10.888,1.0911
v32_8k_L18,v32,1,8207,2048,4k-32k,14.227,13.269,1.0722
v32_8k_L19,v32,1,8207,2048,4k-32k,11.696,10.752,1.0878
v32_8k_L20,v32,1,8207,2048,4k-32k,11.942,10.659,1.1204
v32_8k_L21,v32,1,8207,2048,4k-32k,11.707,10.642,1.1001
v32_8k_L22,v32,1,8207,2048,4k-32k,14.297,13.146,1.0876
v32_8k_L23,v32,1,8207,2048,4k-32k,12.541,10.365,1.2099
v32_8k_L24,v32,1,8207,2048,4k-32k,11.789,10.616,1.1105
v32_8k_L25,v32,1,8207,2048,4k-32k,11.478,10.35,1.109
v32_8k_L26,v32,1,8207,2048,4k-32k,11.514,10.462,1.1005
v32_8k_L27,v32,1,8207,2048,4k-32k,11.542,10.606,1.0883
v32_8k_L28,v32,1,8207,2048,4k-32k,12.125,10.901,1.1123
v32_8k_L29,v32,1,8207,2048,4k-32k,11.448,10.326,1.1086
v32_8k_L30,v32,1,8207,2048,4k-32k,11.586,10.419,1.1119
v32_8k_L31,v32,1,8207,2048,4k-32k,11.557,10.731,1.0769
v32_8k_L32,v32,1,8207,2048,4k-32k,11.325,10.4,1.0889
v32_8k_L33,v32,1,8207,2048,4k-32k,15.365,13.294,1.1557
v32_8k_L34,v32,1,8207,2048,4k-32k,12.077,10.83,1.1151
v32_8k_L35,v32,1,8207,2048,4k-32k,11.936,10.698,1.1158
v32_8k_L36,v32,1,8207,2048,4k-32k,14.214,13.115,1.0838
v32_8k_L37,v32,1,8207,2048,4k-32k,11.619,10.306,1.1275
v32_8k_L38,v32,1,8207,2048,4k-32k,14.702,13.459,1.0924
v32_8k_L39,v32,1,8207,2048,4k-32k,12.361,10.49,1.1785
v32_8k_L40,v32,1,8207,2048,4k-32k,14.128,13.118,1.077
v32_8k_L41,v32,1,8207,2048,4k-32k,12.642,10.694,1.1821
v32_8k_L42,v32,1,8207,2048,4k-32k,14.414,13.379,1.0774
v32_8k_L43,v32,1,8207,2048,4k-32k,11.782,10.659,1.1054
v32_8k_L44,v32,1,8207,2048,4k-32k,14.29,13.272,1.0767
v32_8k_L45,v32,1,8207,2048,4k-32k,14.058,13.034,1.0786
v32_8k_L46,v32,1,8207,2048,4k-32k,14.211,13.134,1.082
v32_8k_L47,v32,1,8207,2048,4k-32k,11.515,10.462,1.1006
v32_8k_L48,v32,1,8207,2048,4k-32k,11.571,10.37,1.1159
v32_8k_L49,v32,1,8207,2048,4k-32k,13.989,13.029,1.0737
v32_8k_L50,v32,1,8207,2048,4k-32k,11.749,10.648,1.1034
v32_8k_L51,v32,1,8207,2048,4k-32k,14.758,12.966,1.1382
v32_8k_L52,v32,1,8207,2048,4k-32k,14.32,13.221,1.0831
v32_8k_L53,v32,1,8207,2048,4k-32k,14.082,13.163,1.0698
v32_8k_L54,v32,1,8207,2048,4k-32k,14.213,13.114,1.0838
v32_8k_L55,v32,1,8207,2048,4k-32k,14.395,13.24,1.0873
v32_8k_L56,v32,1,8207,2048,4k-32k,14.411,13.205,1.0914
v32_8k_L57,v32,1,8207,2048,4k-32k,14.582,13.466,1.0829
v32_8k_L58,v32,1,8207,2048,4k-32k,15.426,13.125,1.1753
v32_8k_L59,v32,1,8207,2048,4k-32k,14.603,13.346,1.0942
v32_8k_L60,v32,1,8207,2048,4k-32k,14.067,13.104,1.0735
