model,isl,dtype,BS,N,hit,gvr_base,gvr_pr,op26_r0auto,radix_cutedsl,sglang_v2,flashinfer_topk
flash,1024k,bf16,1,262127,0.421875,15.43825,20.170900000000003,19.678099999999997,14.512,,14.590399999999999
flash,1024k,bf16,2,262127,0.421875,15.3055,20.078200000000002,19.54535,14.74395,,14.73915
flash,1024k,bf16,4,262127,0.421875,15.5118,20.4302,19.89575,15.947149999999999,,15.2096
flash,1024k,bf16,8,262127,0.421875,17.5566,22.5902,20.5981,18.398400000000002,,15.508799999999999
flash,1024k,bf16,16,262127,0.421875,17.891,22.966150000000003,20.87815,23.81755,,21.3455
flash,1024k,bf16,32,262127,0.421875,19.011,23.82845,26.1181,33.327949999999994,,22.68
flash,1024k,bf16,64,262127,0.421875,24.7152,30.17565,27.574099999999998,62.50865,,34.8927
flash,1024k,bf16,128,262127,0.421875,34.3307,46.47135,46.2188,109.7102,,62.6655
flash,1024k,bf16,256,262127,0.421875,81.3143,119.21145,95.7462,214.91935,,121.52295
flash,1024k,bf16,512,262127,0.421875,150.3759,208.06005,195.6969,389.6535,,213.825
flash,1024k,bf16,1024,262127,0.421875,234.73489999999998,334.82809999999995,301.24295,740.7774000000001,,363.4087
flash,1024k,fp16,1,262127,0.421875,15.90705,20.3293,20.4302,14.971200000000001,,14.9344
flash,1024k,fp16,2,262127,0.421875,16.0894,20.4512,20.6702,15.2752,,14.92
flash,1024k,fp16,4,262127,0.421875,16.1264,20.553549999999998,20.71185,15.968,,15.0544
flash,1024k,fp16,8,262127,0.421875,17.9679,22.324450000000002,21.1038,18.456049999999998,,15.408
flash,1024k,fp16,16,262127,0.421875,18.366400000000002,22.665599999999998,21.5055,23.851200000000002,,21.358400000000003
flash,1024k,fp16,32,262127,0.421875,19.422400000000003,23.526349999999997,27.01095,33.7232,,22.569599999999998
flash,1024k,fp16,64,262127,0.421875,25.155,29.81895,28.593400000000003,63.2352,,34.72
flash,1024k,fp16,128,262127,0.421875,34.867050000000006,45.9039,45.287800000000004,111.7328,,62.7712
flash,1024k,fp16,256,262127,0.421875,82.07289999999999,121.27105,99.80405,218.85604999999998,,121.36805
flash,1024k,fp16,512,262127,0.421875,148.7748,208.93439999999998,194.9505,396.96325,,213.0
flash,1024k,fp16,1024,262127,0.421875,236.7132,336.91425,306.2645,756.79215,,361.89279999999997
flash,1024k,fp32,1,262127,0.421875,19.55975,19.734099999999998,19.87485,19.19035,16.4832,17.988799999999998
flash,1024k,fp32,2,262127,0.421875,19.76455,19.9309,20.04615,19.69115,16.4448,18.084799999999998
flash,1024k,fp32,4,262127,0.421875,19.806099999999997,20.17725,20.2589,20.4208,16.7712,18.3872
flash,1024k,fp32,8,262127,0.421875,21.862099999999998,22.9836,20.92295,25.064,17.383950000000002,18.976
flash,1024k,fp32,16,262127,0.421875,22.9132,23.788400000000003,21.707,31.2288,19.8272,25.7632
flash,1024k,fp32,32,262127,0.421875,26.289450000000002,26.99155,27.9132,58.8798,33.9088,28.67995
flash,1024k,fp32,64,262127,0.421875,35.82025,38.409099999999995,34.762800000000006,113.512,51.5728,43.6208
flash,1024k,fp32,128,262127,0.421875,63.06965,79.78295,80.16535,189.81435000000002,85.1616,80.024
flash,1024k,fp32,256,262127,0.421875,108.38414999999999,143.74220000000003,145.2604,337.0318,110.25755000000001,135.73265
flash,1024k,fp32,512,262127,0.421875,183.64385000000001,254.01095,310.0152,665.0573,199.23345,249.30870000000002
flash,1024k,fp32,1024,262127,0.421875,342.6146,483.9103,526.47295,1317.63925,377.4382,438.7118
flash,128k,bf16,1,32771,0.69921875,13.84625,11.491200000000001,11.19035,12.900799999999998,,9.2624
flash,128k,bf16,2,32771,0.69921875,13.844700000000001,11.497399999999999,11.2702,14.30885,,9.067200000000001
flash,128k,bf16,4,32771,0.69921875,13.8751,11.4846,11.31175,14.6816,,9.616
flash,128k,bf16,8,32771,0.69921875,14.0622,11.711549999999999,11.299100000000001,15.084850000000001,,9.6304
flash,128k,bf16,16,32771,0.69921875,14.40615,12.1052,11.8047,15.0688,,11.099200000000002
flash,128k,bf16,32,32771,0.69921875,14.689350000000001,12.3324,12.13755,17.592,,11.936
flash,128k,bf16,64,32771,0.69921875,15.02225,12.59175,12.36475,14.60005,,13.2736
flash,128k,bf16,128,32771,0.69921875,15.867049999999999,13.3583,13.24155,15.28,,17.691200000000002
flash,128k,bf16,256,32771,0.69921875,21.63015,17.913349999999998,17.73425,28.0272,,22.856
flash,128k,bf16,512,32771,0.69921875,36.7452,30.462049999999998,29.84925,53.260949999999994,,40.780800000000006
flash,128k,bf16,1024,32771,0.69921875,58.181650000000005,47.96275,47.2954,92.61280000000001,,68.9408
flash,128k,fp16,1,32771,0.701171875,15.398299999999999,12.00465,16.644650000000002,14.62245,,8.9984
flash,128k,fp16,2,32771,0.701171875,15.28635,11.995,16.6639,14.73765,,9.168
flash,128k,fp16,4,32771,0.701171875,15.24465,11.902299999999999,16.611,14.6768,,9.18085
flash,128k,fp16,8,32771,0.701171875,15.2655,11.944,16.67185,14.7696,,9.25125
flash,128k,fp16,16,32771,0.701171875,15.222299999999999,11.8286,16.5727,15.006450000000001,,10.66085
flash,128k,fp16,32,32771,0.701171875,15.5055,12.01435,16.80145,17.5153,,11.6336
flash,128k,fp16,64,32771,0.701171875,15.79665,12.38385,17.278200000000002,14.2352,,12.63685
flash,128k,fp16,128,32771,0.701171875,16.566200000000002,13.1519,18.015849999999997,14.8576,,15.9216
flash,128k,fp16,256,32771,0.701171875,22.8062,17.53425,24.2509,27.1281,,20.3505
flash,128k,fp16,512,32771,0.701171875,38.772349999999996,30.31975,41.8672,51.70725,,35.7617
flash,128k,fp16,1024,32771,0.701171875,61.186800000000005,48.599599999999995,66.56269999999999,89.7921,,60.592349999999996
flash,128k,fp32,1,32771,0.701171875,15.755049999999999,11.75975,13.67325,19.6672,8.312,12.163200000000002
flash,128k,fp32,2,32771,0.701171875,15.946950000000001,11.97575,13.66695,19.5408,8.1184,12.1344
flash,128k,fp32,4,32771,0.701171875,15.5854,11.6511,13.4846,19.68805,8.624,12.3728
flash,128k,fp32,8,32771,0.701171875,15.7678,11.8511,13.7087,19.736,8.6464,12.654399999999999
flash,128k,fp32,16,32771,0.701171875,15.92775,11.958200000000001,13.868799999999998,20.4592,11.304,14.7232
flash,128k,fp32,32,32771,0.701171875,16.16625,12.284799999999999,14.1279,24.358400000000003,11.8352,16.5488
flash,128k,fp32,64,32771,0.701171875,16.88935,12.96455,14.8575,30.5888,12.3584,17.2368
flash,128k,fp32,128,32771,0.701171875,17.817400000000003,13.79955,15.771,20.686400000000003,13.044799999999999,21.2592
flash,128k,fp32,256,32771,0.701171875,25.33245,19.24295,25.46045,38.489650000000005,17.6848,25.854400000000002
flash,128k,fp32,512,32771,0.701171875,47.168800000000005,35.65725,51.156099999999995,75.34085,33.344,46.766400000000004
flash,128k,fp32,1024,32771,0.701171875,82.87075,61.6712,78.30135,131.4305,57.4176,78.8784
flash,16k,bf16,1,4099,0.34375,8.0991,8.192,8.0015,6.1903999999999995,,6.4048
flash,16k,bf16,2,4099,0.34375,7.7359,8.0015,7.700699999999999,6.292800000000001,,6.5488
flash,16k,bf16,4,4099,0.34375,7.8575,7.98225,7.87515,6.3599499999999995,,6.5728
flash,16k,bf16,8,4099,0.34375,7.8095,7.99355,7.7535,6.4064,,6.6432
flash,16k,bf16,16,4099,0.34375,8.29275,8.44795,8.265450000000001,6.3536,,6.688
flash,16k,bf16,32,4099,0.34375,8.39035,8.53915,8.35035,6.4176,,6.68
flash,16k,bf16,64,4099,0.34375,8.543899999999999,8.72475,8.4238,6.496,,6.7936000000000005
flash,16k,bf16,128,4099,0.34375,8.88955,9.14535,8.8399,6.8288,,6.936
flash,16k,bf16,256,4099,0.34375,10.50065,10.321299999999999,9.3535,11.625549999999999,,8.8304
flash,16k,bf16,512,4099,0.34375,18.12785,18.1678,16.003049999999998,21.1728,,15.9568
flash,16k,bf16,1024,4099,0.34375,27.57095,27.1885,24.367849999999997,35.860699999999994,,27.03035
flash,16k,fp16,1,4099,0.34375,10.91835,7.9055,10.93425,6.081600000000001,,6.07835
flash,16k,fp16,2,4099,0.34375,11.1359,8.2399,11.100700000000002,6.2016,,6.3472
flash,16k,fp16,4,4099,0.34375,10.9679,8.00145,10.90875,6.2592,,6.34555
flash,16k,fp16,8,4099,0.34375,11.05905,8.09585,11.05275,6.2576,,6.344
flash,16k,fp16,16,4099,0.34375,11.04635,8.04,11.105450000000001,6.2303500000000005,,6.424
flash,16k,fp16,32,4099,0.34375,11.17755,8.231950000000001,11.16785,6.284800000000001,,6.454350000000001
flash,16k,fp16,64,4099,0.34375,11.38395,8.3279,11.3583,6.376,,6.5616
flash,16k,fp16,128,4099,0.34375,11.64955,8.615950000000002,11.59665,6.6896,,6.7008
flash,16k,fp16,256,4099,0.34375,13.988700000000001,10.25275,9.222299999999999,11.40315,,8.503950000000001
flash,16k,fp16,512,4099,0.34375,24.4143,17.8622,15.92465,20.846400000000003,,15.088
flash,16k,fp16,1024,4099,0.34375,37.2896,27.030099999999997,23.85745,35.1695,,25.7055
flash,16k,fp32,1,4099,0.34375,11.07355,8.66385,7.92785,7.1903500000000005,5.456,7.24315
flash,16k,fp32,2,4099,0.34375,10.998299999999999,8.65265,8.23505,7.0848,5.20155,7.3199499999999995
flash,16k,fp32,4,4099,0.34375,11.0976,8.8144,8.1279,7.2048000000000005,5.2432,7.2639499999999995
flash,16k,fp32,8,4099,0.34375,11.01235,8.65915,8.02065,7.30715,5.2512,7.55355
flash,16k,fp32,16,4099,0.34375,11.22315,8.8352,8.0591,7.50075,5.3904,7.6592
flash,16k,fp32,32,4099,0.34375,11.328,8.911850000000001,8.25255,7.58875,5.414350000000001,7.8064
flash,16k,fp32,64,4099,0.34375,11.376,8.9616,8.270299999999999,7.7536000000000005,5.6192,7.9632
flash,16k,fp32,128,4099,0.34375,11.71035,9.2829,8.53275,8.251149999999999,5.8784,8.19035
flash,16k,fp32,256,4099,0.34375,13.635,10.7856,10.78525,14.52315,7.2976,11.103950000000001
flash,16k,fp32,512,4099,0.34375,25.050849999999997,19.486150000000002,18.97575,26.921599999999998,12.50705,19.8128
flash,16k,fp32,1024,4099,0.34375,45.0346,34.8219,28.484450000000002,45.745400000000004,20.58395,33.5487
flash,256k,bf16,1,65538,0.279296875,13.09905,12.8111,13.09885,14.696,,10.329600000000001
flash,256k,bf16,2,65538,0.279296875,13.4335,13.0543,13.3598,14.704,,10.5344
flash,256k,bf16,4,65538,0.279296875,13.4031,13.07185,13.31965,14.9632,,10.5776
flash,256k,bf16,8,65538,0.279296875,14.01425,13.63825,13.93425,15.048,,10.8064
flash,256k,bf16,16,65538,0.279296875,14.1454,13.822299999999998,14.124600000000001,15.491200000000001,,12.836799999999998
flash,256k,bf16,32,65538,0.279296875,14.601450000000002,14.2719,14.5758,22.1648,,13.912
flash,256k,bf16,64,65538,0.279296875,16.0318,16.21895,15.38225,30.912,,16.904
flash,256k,bf16,128,65538,0.279296875,16.187,17.435,17.25255,23.302400000000002,,23.1264
flash,256k,bf16,256,65538,0.279296875,26.27975,26.4269,25.31165,43.8784,,34.88
flash,256k,bf16,512,65538,0.279296875,46.593199999999996,46.5787,43.83,85.74719999999999,,63.55675
flash,256k,bf16,1024,65538,0.279296875,72.4376,72.96085000000001,69.07435000000001,149.52960000000002,,106.6528
flash,256k,fp16,1,65538,0.279296875,15.7408,13.699200000000001,14.28465,12.478399999999999,,9.8608
flash,256k,fp16,2,65538,0.279296875,15.459200000000001,13.3584,13.8655,14.284799999999999,,9.9424
flash,256k,fp16,4,65538,0.279296875,15.601600000000001,13.428700000000001,14.011149999999999,14.52,,10.2544
flash,256k,fp16,8,65538,0.279296875,15.7904,13.513399999999999,14.24475,14.872,,10.4336
flash,256k,fp16,16,65538,0.279296875,15.96,13.66865,14.540700000000001,15.1392,,12.04
flash,256k,fp16,32,65538,0.279296875,16.3952,14.092649999999999,14.884649999999999,21.7088,,13.368
flash,256k,fp16,64,65538,0.279296875,17.7392,15.98845,15.643,30.596799999999998,,15.656
flash,256k,fp16,128,65538,0.279296875,18.139,16.996650000000002,20.284650000000003,23.00965,,21.624
flash,256k,fp16,256,65538,0.279296875,28.3998,25.81905,29.4734,43.2736,,32.0608
flash,256k,fp16,512,65538,0.279296875,50.8909,47.0301,52.261900000000004,84.7632,,58.5152
flash,256k,fp16,1024,65538,0.279296875,78.8426,72.7018,82.50655,147.71845000000002,,98.09125
flash,256k,fp32,1,65538,0.279296875,16.8012,12.9855,13.8735,19.05445,9.587200000000001,13.192
flash,256k,fp32,2,65538,0.279296875,16.7165,12.899049999999999,13.86055,19.04,9.6944,13.390450000000001
flash,256k,fp32,4,65538,0.279296875,16.852700000000002,13.075,13.8815,19.5472,9.686399999999999,13.41445
flash,256k,fp32,8,65538,0.279296875,17.179,13.4702,14.30395,20.088099999999997,9.9184,13.7408
flash,256k,fp32,16,65538,0.279296875,17.5054,13.6766,14.4848,20.94885,12.0016,16.65125
flash,256k,fp32,32,65538,0.279296875,18.40295,14.607850000000001,15.53575,30.24005,21.2449,18.302400000000002
flash,256k,fp32,64,65538,0.279296875,20.50215,16.8206,16.97595,57.5009,21.8705,20.8432
flash,256k,fp32,128,65538,0.279296875,23.1613,20.305349999999997,24.0077,58.822449999999996,22.91365,27.888
flash,256k,fp32,256,65538,0.279296875,34.4268,30.10995,37.27635,114.41460000000001,32.0561,41.8705
flash,256k,fp32,512,65538,0.279296875,64.19435,56.149699999999996,82.85485,197.2947,57.5649,74.2496
flash,256k,fp32,1024,65538,0.279296875,107.9505,92.93785000000001,126.987,388.8165,92.33439999999999,119.44030000000001
flash,32k,bf16,1,8195,0.685546875,10.83015,8.88955,10.8975,7.0192,,8.32485
flash,32k,bf16,2,8195,0.685546875,11.0591,9.167950000000001,11.062299999999999,6.9152,,8.128
flash,32k,bf16,4,8195,0.685546875,10.955200000000001,9.142299999999999,10.913549999999999,7.0688,,8.3696
flash,32k,bf16,8,8195,0.685546875,11.0607,9.2719,11.1838,7.12,,8.67045
flash,32k,bf16,16,8195,0.685546875,11.54875,9.62865,11.5215,7.3808,,10.390450000000001
flash,32k,bf16,32,8195,0.685546875,11.65115,9.8399,11.78055,7.6816,,10.900799999999998
flash,32k,bf16,64,8195,0.685546875,11.7584,9.87035,11.8095,7.79525,,11.120049999999999
flash,32k,bf16,128,8195,0.685546875,12.07505,10.27825,12.1198,8.144,,11.136
flash,32k,bf16,256,8195,0.685546875,14.9726,12.024,12.8735,14.128,,11.032
flash,32k,bf16,512,8195,0.685546875,25.6045,20.580599999999997,22.009349999999998,25.8304,,19.208099999999998
flash,32k,bf16,1024,8195,0.685546875,39.1371,31.4877,33.50685,43.61925,,31.857650000000003
flash,32k,fp16,1,8195,0.685546875,14.1599,9.4239,14.039950000000001,7.158399999999999,,8.09435
flash,32k,fp16,2,8195,0.685546875,14.00465,9.25275,13.96475,7.4224,,8.25595
flash,32k,fp16,4,8195,0.685546875,14.09105,9.28,14.0511,7.5648,,8.304
flash,32k,fp16,8,8195,0.685546875,13.958200000000001,9.28,13.964649999999999,7.5136,,8.651200000000001
flash,32k,fp16,16,8195,0.685546875,14.01585,9.29915,13.90545,7.4976,,9.843200000000001
flash,32k,fp16,32,8195,0.685546875,14.1119,9.4224,14.142299999999999,7.584,,10.673549999999999
flash,32k,fp16,64,8195,0.685546875,14.334299999999999,9.5472,14.28785,7.696,,10.527899999999999
flash,32k,fp16,128,8195,0.685546875,14.53905,9.782350000000001,14.515049999999999,8.0368,,10.798399999999999
flash,32k,fp16,256,8195,0.685546875,18.097450000000002,11.9775,12.7584,13.843200000000001,,10.42075
flash,32k,fp16,512,8195,0.685546875,31.2333,20.516650000000002,21.860599999999998,25.303900000000002,,18.23515
flash,32k,fp16,1024,8195,0.685546875,48.26515,30.98375,33.1982,42.6351,,30.358400000000003
flash,32k,fp32,1,8195,0.685546875,11.54865,9.392,10.1824,9.45115,6.4704,11.64
flash,32k,fp32,2,8195,0.685546875,11.35975,9.18045,10.2255,9.3072,6.06875,11.5808
flash,32k,fp32,4,8195,0.685546875,11.5184,9.378950000000001,10.08785,9.48475,6.14235,11.631950000000002
flash,32k,fp32,8,8195,0.685546875,11.3712,9.126149999999999,9.979049999999999,9.489600000000001,6.2078999999999995,11.8831
flash,32k,fp32,16,8195,0.685546875,11.537600000000001,9.31335,10.15505,9.507200000000001,6.078399999999999,14.44635
flash,32k,fp32,32,8195,0.685546875,11.6831,9.4559,10.266950000000001,9.66075,6.256,14.987200000000001
flash,32k,fp32,64,8195,0.685546875,11.846200000000001,9.63825,10.48125,9.81915,6.3792,14.35195
flash,32k,fp32,128,8195,0.685546875,12.347100000000001,10.2447,10.9885,10.3424,6.864,14.87515
flash,32k,fp32,256,8195,0.685546875,15.115,12.21115,14.06385,18.53265,8.753549999999999,13.30875
flash,32k,fp32,512,8195,0.685546875,27.20925,21.6397,25.00125,34.371199999999995,15.0879,23.238349999999997
flash,32k,fp32,1024,8195,0.685546875,48.197900000000004,38.6779,39.4139,58.1998,24.4815,39.2495
flash,4k,bf16,1,1027,0.638671875,8.30065,7.5919,7.89275,4.3024,,4.67675
flash,4k,bf16,2,1027,0.638671875,7.8462,7.491149999999999,7.6719,4.2576,,4.71195
flash,4k,bf16,4,1027,0.638671875,8.0303,7.71985,8.0527,4.7375,,5.057600000000001
flash,4k,bf16,8,1027,0.638671875,7.99195,7.6781999999999995,7.94865,4.9088,,5.3456
flash,4k,bf16,16,1027,0.638671875,8.2687,7.934399999999999,8.21755,5.2463500000000005,,5.4864
flash,4k,bf16,32,1027,0.638671875,8.3391,8.0527,8.31015,5.328,,5.5072
flash,4k,bf16,64,1027,0.638671875,8.5167,8.19195,8.427100000000001,5.4096,,5.6544
flash,4k,bf16,128,1027,0.638671875,8.79025,8.53425,8.77435,5.6256,,5.6879
flash,4k,bf16,256,1027,0.638671875,10.0863,9.39515,9.3888,9.409600000000001,,6.7008
flash,4k,bf16,512,1027,0.638671875,17.43015,16.497349999999997,16.290950000000002,16.5535,,11.721549999999999
flash,4k,bf16,1024,1027,0.638671875,26.68285,24.92775,24.6973,28.3167,,20.45275
flash,4k,fp16,1,1027,0.638671875,8.5471,7.7584,8.41115,5.2863999999999995,,5.3248
flash,4k,fp16,2,1027,0.638671875,8.302299999999999,7.82075,8.4032,5.272,,5.288
flash,4k,fp16,4,1027,0.638671875,8.0335,7.587149999999999,8.121550000000001,5.176,,5.272
flash,4k,fp16,8,1027,0.638671875,8.23995,7.77595,8.36315,5.228800000000001,,5.2783999999999995
flash,4k,fp16,16,1027,0.638671875,8.21755,7.6832,8.19515,5.166399999999999,,5.300800000000001
flash,4k,fp16,32,1027,0.638671875,8.47025,7.98075,8.54075,5.2656,,5.3344
flash,4k,fp16,64,1027,0.638671875,8.56465,8.022350000000001,8.64635,5.3056,,5.5088
flash,4k,fp16,128,1027,0.638671875,8.68795,8.1519,8.7711,5.5488,,5.46725
flash,4k,fp16,256,1027,0.638671875,10.1216,9.34075,9.3279,9.1376,,6.4576
flash,4k,fp16,512,1027,0.638671875,17.3056,16.52315,16.07505,16.4384,,11.2432
flash,4k,fp16,1024,1027,0.638671875,26.804599999999997,24.88305,24.5326,27.6672,,19.537599999999998
flash,4k,fp32,1,1027,0.638671875,9.24635,8.1264,8.494399999999999,5.9488,4.6704,6.42395
flash,4k,fp32,2,1027,0.638671875,8.7008,7.8048,8.3104,5.998399999999999,4.5424,6.5648
flash,4k,fp32,4,1027,0.638671875,8.776,7.887899999999999,8.187149999999999,6.054399999999999,4.504,6.6544
flash,4k,fp32,8,1027,0.638671875,8.78375,7.93585,8.2318,6.1568000000000005,4.4704,6.7008
flash,4k,fp32,16,1027,0.638671875,8.7631,7.9023,8.1694,6.1936,4.6064,6.771199999999999
flash,4k,fp32,32,1027,0.638671875,8.663799999999998,7.83975,8.2095,6.30075,4.5952,6.816
flash,4k,fp32,64,1027,0.638671875,8.7998,7.9343,8.3055,6.4048,4.6336,6.849600000000001
flash,4k,fp32,128,1027,0.638671875,9.022,8.112,8.44625,6.6112,4.857600000000001,7.0032
flash,4k,fp32,256,1027,0.638671875,10.0416,9.1567,10.5168,11.4064,5.6704,8.3264
flash,4k,fp32,512,1027,0.638671875,18.3966,16.828599999999998,18.634900000000002,20.96,9.6528,14.867149999999999
flash,4k,fp32,1024,1027,0.638671875,34.1707,30.93885,28.3533,35.4864,16.7488,26.39995
flash,512k,bf16,1,131075,0.056640625,42.46825,20.4317,22.4174,14.3024,,15.6768
flash,512k,bf16,2,131075,0.056640625,42.962650000000004,20.495849999999997,22.482950000000002,14.489600000000001,,16.0128
flash,512k,bf16,4,131075,0.056640625,43.271449999999994,20.5661,22.4909,14.884799999999998,,16.0144
flash,512k,bf16,8,131075,0.056640625,51.3306,23.575599999999998,23.25095,15.0048,,16.416
flash,512k,bf16,16,131075,0.056640625,51.8475,23.822,23.5133,17.796799999999998,,21.7536
flash,512k,bf16,32,131075,0.056640625,52.2602,24.145400000000002,29.06685,32.4704,,23.7264
flash,512k,bf16,64,131075,0.056640625,68.50155000000001,30.961599999999997,30.199650000000002,61.91045,,36.1024
flash,512k,bf16,128,131075,0.056640625,78.61185,36.18515,39.0395,63.9952,,64.28165
flash,512k,bf16,256,131075,0.056640625,152.90215,69.1432,66.5736,124.21119999999999,,132.45929999999998
flash,512k,bf16,512,131075,0.056640625,473.0795,185.2986,172.382,215.00164999999998,,239.00645
flash,512k,bf16,1024,131075,0.056640625,740.96115,291.3456,231.67239999999998,426.12809999999996,,422.19055
flash,512k,fp16,1,131075,0.056640625,43.22685,20.71335,23.35185,14.441600000000001,,11.792
flash,512k,fp16,2,131075,0.056640625,42.97885,20.7344,23.30375,14.2672,,11.9824
flash,512k,fp16,4,131075,0.056640625,43.02045,20.8764,23.36465,14.76,,12.0176
flash,512k,fp16,8,131075,0.056640625,51.38525,23.35825,23.74385,14.8,,12.2592
flash,512k,fp16,16,131075,0.056640625,51.677949999999996,23.675150000000002,24.08625,17.5184,,15.412799999999999
flash,512k,fp16,32,131075,0.056640625,52.11635,23.9997,30.010900000000003,31.0992,,16.9664
flash,512k,fp16,64,131075,0.056640625,69.45705000000001,30.867,31.1133,59.35515,,22.464
flash,512k,fp16,128,131075,0.056640625,77.34814999999999,35.59975,39.761199999999995,61.3344,,35.1424
flash,512k,fp16,256,131075,0.056640625,155.6132,68.19145,71.7114,119.29114999999999,,58.7984
flash,512k,fp16,512,131075,0.056640625,484.27635,190.7665,178.82275,205.88315,,106.4736
flash,512k,fp16,1024,131075,0.056640625,750.4806,295.34655,271.3595,407.7264,,177.18075
flash,512k,fp32,1,131075,0.056640625,43.305099999999996,20.265349999999998,22.734150000000003,19.723200000000002,13.6256,18.56
flash,512k,fp32,2,131075,0.056640625,44.0762,20.708599999999997,23.07495,20.0672,13.654399999999999,18.4576
flash,512k,fp32,4,131075,0.056640625,44.081050000000005,20.825200000000002,23.138849999999998,20.404799999999998,13.827200000000001,19.08
flash,512k,fp32,8,131075,0.056640625,52.12725,23.25245,23.5133,21.1312,14.1072,19.4176
flash,512k,fp32,16,131075,0.056640625,53.20575,23.70845,24.262,24.768,15.8448,25.372799999999998
flash,512k,fp32,32,131075,0.056640625,55.01685,25.0284,29.9052,58.5168,28.3696,27.828799999999998
flash,512k,fp32,64,131075,0.056640625,71.4087,34.260349999999995,34.3307,86.6752,34.32155,40.651199999999996
flash,512k,fp32,128,131075,0.056640625,92.42755,44.9834,51.7593,106.4976,40.0272,72.096
flash,512k,fp32,256,131075,0.056640625,347.86575,114.95519999999999,152.7755,207.5472,62.91355,145.58079999999998
flash,512k,fp32,512,131075,0.056640625,627.6732,207.09005,293.6424,374.81759999999997,110.55355,267.7024
flash,512k,fp32,1024,131075,0.056640625,1266.4661999999998,386.8078,499.14845,711.8927,194.9537,487.8912
flash,64k,bf16,1,16387,0.076171875,12.19185,11.811200000000001,13.32145,13.9216,,8.945649999999999
flash,64k,bf16,2,16387,0.076171875,12.0736,11.5776,13.1182,14.0432,,8.99685
flash,64k,bf16,4,16387,0.076171875,12.12,11.5967,13.14355,14.6736,,8.98085
flash,64k,bf16,8,16387,0.076171875,12.1503,11.5981,13.2912,14.92,,9.13125
flash,64k,bf16,16,16387,0.076171875,12.5518,11.9647,13.641350000000001,15.16005,,11.2928
flash,64k,bf16,32,16387,0.076171875,12.72955,12.1166,13.77875,15.284799999999999,,11.72965
flash,64k,bf16,64,16387,0.076171875,12.91675,12.366,14.05875,10.510399999999999,,11.43525
flash,64k,bf16,128,16387,0.076171875,13.44625,12.881450000000001,14.62235,11.076799999999999,,13.345600000000001
flash,64k,bf16,256,16387,0.076171875,17.7806,16.4127,18.19335,19.61925,,15.0881
flash,64k,bf16,512,16387,0.076171875,29.9709,28.2573,31.67485,36.316900000000004,,26.77925
flash,64k,bf16,1024,16387,0.076171875,46.3979,43.517900000000004,49.28905,61.7249,,45.020900000000005
flash,64k,fp16,1,16387,0.076171875,13.07995,12.00145,14.14875,13.9264,,8.667200000000001
flash,64k,fp16,2,16387,0.076171875,13.0863,12.0159,14.1294,13.9744,,8.896
flash,64k,fp16,4,16387,0.076171875,13.0223,11.8832,14.006350000000001,14.23845,,9.2448
flash,64k,fp16,8,16387,0.076171875,13.06225,11.883149999999999,14.107149999999999,14.8672,,9.35365
flash,64k,fp16,16,16387,0.076171875,13.1279,11.926350000000001,14.0703,15.1856,,11.23525
flash,64k,fp16,32,16387,0.076171875,13.108649999999999,11.964799999999999,14.09435,15.2448,,11.848
flash,64k,fp16,64,16387,0.076171875,13.3919,12.2271,14.45265,10.507200000000001,,11.377600000000001
flash,64k,fp16,128,16387,0.076171875,13.780700000000001,12.65265,14.924700000000001,10.9984,,13.4
flash,64k,fp16,256,16387,0.076171875,18.52,16.15025,18.68945,19.616,,15.48165
flash,64k,fp16,512,16387,0.076171875,31.338900000000002,27.75175,31.99655,36.1952,,27.3888
flash,64k,fp16,1024,16387,0.076171875,48.31815,42.731199999999994,49.745050000000006,61.77285,,46.011199999999995
flash,64k,fp32,1,16387,0.076171875,14.758149999999999,11.8139,12.15935,16.0176,8.5936,11.9775
flash,64k,fp32,2,16387,0.076171875,14.865450000000001,12.006350000000001,12.13735,19.35355,8.6623,12.0911
flash,64k,fp32,4,16387,0.076171875,14.62215,11.743649999999999,12.1119,19.7984,8.664,12.13435
flash,64k,fp32,8,16387,0.076171875,14.5853,11.6588,11.97565,19.66075,8.6592,12.279950000000001
flash,64k,fp32,16,16387,0.076171875,14.9454,11.99175,12.2638,20.25275,8.763200000000001,14.92315
flash,64k,fp32,32,16387,0.076171875,14.96135,12.05115,12.4816,20.6672,8.8992,15.5743
flash,64k,fp32,64,16387,0.076171875,15.35825,12.4653,12.77035,13.57595,9.23035,15.26875
flash,64k,fp32,128,16387,0.076171875,16.33895,13.3613,13.7663,14.361600000000001,9.9088,17.335900000000002
flash,64k,fp32,256,16387,0.076171875,22.06535,17.56295,20.31175,26.047900000000002,13.003200000000001,17.582349999999998
flash,64k,fp32,512,16387,0.076171875,39.753099999999996,31.703599999999998,37.90025,49.156800000000004,23.20315,31.24155
flash,64k,fp32,1024,16387,0.076171875,67.0919,57.74165,58.88875,85.51814999999999,39.2719,53.0703
flash,8k,bf16,1,2051,0.333984375,8.00795,7.61595,7.84475,5.5952,,6.5504
flash,8k,bf16,2,2051,0.333984375,8.26235,7.9823,8.08465,5.268800000000001,,6.3216
flash,8k,bf16,4,2051,0.333984375,8.32475,7.96635,8.2447,5.296,,6.3024
flash,8k,bf16,8,2051,0.333984375,8.1759,7.913600000000001,8.13275,5.3456,,6.3552
flash,8k,bf16,16,2051,0.333984375,8.6111,8.298950000000001,8.5055,5.3712,,6.528
flash,8k,bf16,32,2051,0.333984375,8.631950000000002,8.427100000000001,8.59515,5.4687,,6.5712
flash,8k,bf16,64,2051,0.333984375,8.75825,8.44155,8.719899999999999,5.5744,,6.6352
flash,8k,bf16,128,2051,0.333984375,9.1198,8.860700000000001,9.055950000000001,5.7776000000000005,,6.7824
flash,8k,bf16,256,2051,0.333984375,10.6383,9.81595,8.92305,9.7424,,8.256
flash,8k,bf16,512,2051,0.333984375,18.2735,17.28775,15.4556,17.80795,,14.5328
flash,8k,bf16,1024,2051,0.333984375,27.9917,26.2845,23.3886,30.0319,,25.2527
flash,8k,fp16,1,2051,0.333984375,10.016,7.999899999999999,9.96955,4.59195,,5.1088000000000005
flash,8k,fp16,2,2051,0.333984375,9.72625,7.7664,9.7935,4.9792,,5.5264
flash,8k,fp16,4,2051,0.333984375,9.5184,7.5775500000000005,9.446299999999999,5.1568000000000005,,5.79515
flash,8k,fp16,8,2051,0.333984375,9.7663,7.86875,9.688,5.2336,,6.01755
flash,8k,fp16,16,2051,0.333984375,9.7727,7.8175,9.68625,5.395149999999999,,6.14395
flash,8k,fp16,32,2051,0.333984375,9.95195,8.0095,9.9119,5.5248,,6.2016
flash,8k,fp16,64,2051,0.333984375,10.00155,7.98555,9.929549999999999,5.5088,,6.3152
flash,8k,fp16,128,2051,0.333984375,10.3583,8.345600000000001,10.238299999999999,5.872,,6.4096
flash,8k,fp16,256,2051,0.333984375,12.2256,9.63035,8.8479,9.7584,,7.6416
flash,8k,fp16,512,2051,0.333984375,21.14225,16.915,15.37275,17.5615,,13.3327
flash,8k,fp16,1024,2051,0.333984375,32.08455,25.67505,23.295849999999998,29.815849999999998,,23.393549999999998
flash,8k,fp32,1,2051,0.333984375,8.67495,8.0096,7.6015500000000005,6.1072,4.824,7.3216
flash,8k,fp32,2,2051,0.333984375,8.451049999999999,7.8687,7.4207,6.3856,4.7856000000000005,7.4752
flash,8k,fp32,4,2051,0.333984375,8.659049999999999,8.09585,7.7231000000000005,6.464,4.8,7.5648
flash,8k,fp32,8,2051,0.333984375,8.4528,7.871899999999999,7.462350000000001,6.5424,4.739199999999999,7.5488
flash,8k,fp32,16,2051,0.333984375,8.614049999999999,8.1072,7.69275,6.5328,4.7328,7.6192
flash,8k,fp32,32,2051,0.333984375,8.638399999999999,8.08315,7.69425,6.5968,4.7488,7.6208
flash,8k,fp32,64,2051,0.333984375,8.79345,8.1744,7.803100000000001,6.76,4.8256000000000006,7.832
flash,8k,fp32,128,2051,0.333984375,9.1616,8.5791,8.027149999999999,7.1216,5.009600000000001,7.897600000000001
flash,8k,fp32,256,2051,0.333984375,10.384,9.6984,10.1232,12.3248,6.1392,9.8256
flash,8k,fp32,512,2051,0.333984375,18.82855,17.56615,17.73095,22.5616,10.462399999999999,17.624
flash,8k,fp32,1024,2051,0.333984375,34.2091,31.3676,26.7532,38.1376,17.462400000000002,30.8176
pro,1024k,bf16,1,262127,0.2666015625,18.065450000000002,18.8093,19.50695,15.5984,,14.9056
pro,1024k,bf16,2,262127,0.2666015625,18.297400000000003,19.089299999999998,19.7198,15.6944,,15.0096
pro,1024k,bf16,4,262127,0.2666015625,18.47015,19.2141,19.98695,16.340799999999998,,15.0592
pro,1024k,bf16,8,262127,0.2666015625,19.810950000000002,21.00615,20.24455,18.944,,15.40315
pro,1024k,bf16,16,262127,0.2666015625,20.2718,21.422099999999997,20.63485,24.26715,,21.3808
pro,1024k,bf16,32,262127,0.2666015625,21.31165,22.30365,26.5868,33.9968,,22.8672
pro,1024k,bf16,64,262127,0.2666015625,27.138849999999998,28.9853,27.942,63.67035,,35.04
pro,1024k,bf16,128,262127,0.2666015625,36.91625,36.73535,39.913050000000005,112.37275,,62.947199999999995
pro,1024k,bf16,256,262127,0.2666015625,84.41005,86.65644999999999,75.90455,219.86235,,123.37275
pro,1024k,bf16,512,262127,0.2666015625,155.23945,158.2393,133.58855,399.504,,217.5135
pro,1024k,bf16,1024,262127,0.2666015625,245.03175,236.72465,219.78895,758.58685,,369.37579999999997
pro,1024k,fp16,1,262127,0.2666015625,20.459049999999998,17.683049999999998,18.2989,14.443200000000001,,14.4848
pro,1024k,fp16,2,262127,0.2666015625,20.466900000000003,17.5773,18.22225,14.699200000000001,,14.57595
pro,1024k,fp16,4,262127,0.2666015625,20.756700000000002,17.958299999999998,18.56145,16.0544,,14.9935
pro,1024k,fp16,8,262127,0.2666015625,23.99605,20.8702,18.921349999999997,18.92795,,15.31675
pro,1024k,fp16,16,262127,0.2666015625,24.34985,21.30695,19.3454,24.115099999999998,,20.955099999999998
pro,1024k,fp16,32,262127,0.2666015625,25.499200000000002,22.3645,24.705299999999998,33.46075,,22.1743
pro,1024k,fp16,64,262127,0.2666015625,31.958099999999998,28.811,26.138900000000003,62.8654,,33.9807
pro,1024k,fp16,128,262127,0.2666015625,44.10365,36.59795,39.7435,111.15325,,60.99335
pro,1024k,fp16,256,262127,0.2666015625,73.79925,76.69030000000001,71.37195,217.2872,,120.2299
pro,1024k,fp16,512,262127,0.2666015625,143.58245000000002,147.75035,145.52315,394.39695,,211.2776
pro,1024k,fp16,1024,262127,0.2666015625,228.14775,226.6114,222.9175,750.59075,,357.67225
pro,1024k,fp32,1,262127,0.2666015625,23.806150000000002,18.93425,19.5598,20.7776,16.0704,17.9344
pro,1024k,fp32,2,262127,0.2666015625,23.723,18.8526,19.61105,20.4576,15.9104,18.0608
pro,1024k,fp32,4,262127,0.2666015625,23.99025,19.0062,19.62545,21.7264,16.2112,18.3824
pro,1024k,fp32,8,262127,0.2666015625,26.2208,21.8383,20.167900000000003,25.052799999999998,16.6464,18.88
pro,1024k,fp32,16,262127,0.2666015625,27.40445,22.796650000000003,21.1182,32.041599999999995,21.5136,25.76
pro,1024k,fp32,32,262127,0.2666015625,30.5456,25.5871,26.97255,60.3872,33.5184,28.768
pro,1024k,fp32,64,262127,0.2666015625,41.289199999999994,37.16125,34.0621,117.1664,51.5344,43.83045
pro,1024k,fp32,128,262127,0.2666015625,69.07145,62.5771,63.58825,192.95839999999998,86.68639999999999,80.7952
pro,1024k,fp32,256,262127,0.2666015625,115.03425,109.5959,110.93355,341.76325,111.8608,137.0608
pro,1024k,fp32,512,262127,0.2666015625,197.869,187.9126,226.3727,675.8576999999999,199.30405,254.29925
pro,1024k,fp32,1024,262127,0.2666015625,367.77635,349.6694,379.2691,1337.11225,376.03684999999996,448.92485
pro,128k,bf16,1,32771,0.326171875,12.03025,12.41425,14.577350000000001,14.4656,,9.2
pro,128k,bf16,2,32771,0.326171875,12.03505,12.42865,14.302200000000001,14.4992,,9.412799999999999
pro,128k,bf16,4,32771,0.326171875,12.158299999999999,12.60455,14.476600000000001,14.5824,,9.4064
pro,128k,bf16,8,32771,0.326171875,12.17105,12.57895,14.522950000000002,15.0368,,9.5184
pro,128k,bf16,16,32771,0.326171875,12.302200000000001,12.67815,14.73265,15.124799999999999,,11.2944
pro,128k,bf16,32,32771,0.326171875,12.4878,12.900649999999999,14.82225,17.432,,12.0864
pro,128k,bf16,64,32771,0.326171875,12.9246,13.323049999999999,15.371049999999999,14.6144,,13.539200000000001
pro,128k,bf16,128,32771,0.326171875,13.5678,13.8958,15.9182,15.3216,,17.206400000000002
pro,128k,bf16,256,32771,0.326171875,18.215700000000002,18.90535,21.09095,27.76,,22.4784
pro,128k,bf16,512,32771,0.326171875,30.639599999999998,31.841150000000003,36.0571,52.93275,,40.065599999999996
pro,128k,bf16,1024,32771,0.326171875,48.14175,50.05045,57.03605,92.0656,,67.83515
pro,128k,fp16,1,32771,0.326171875,13.849450000000001,11.6143,15.202950000000001,12.2736,,8.8416
pro,128k,fp16,2,32771,0.326171875,13.74865,11.689549999999999,15.062299999999999,12.2192,,8.816
pro,128k,fp16,4,32771,0.326171875,13.6479,11.553600000000001,14.899049999999999,14.441600000000001,,9.192
pro,128k,fp16,8,32771,0.326171875,13.71505,11.712,15.03505,14.9952,,9.3104
pro,128k,fp16,16,32771,0.326171875,14.076600000000001,11.980799999999999,15.4206,15.2304,,10.936
pro,128k,fp16,32,32771,0.326171875,14.35825,12.19185,15.719850000000001,17.537599999999998,,11.808
pro,128k,fp16,64,32771,0.326171875,14.74705,12.595049999999999,16.07665,14.444799999999999,,12.9424
pro,128k,fp16,128,32771,0.326171875,15.531049999999999,13.305399999999999,16.80145,15.108799999999999,,16.4592
pro,128k,fp16,256,32771,0.326171875,20.9902,19.19335,23.4013,27.2576,,21.422400000000003
pro,128k,fp16,512,32771,0.326171875,35.876400000000004,33.57085,40.72435,51.93925,,38.0256
pro,128k,fp16,1024,32771,0.326171875,56.60385,53.18815,64.6024,90.3873,,64.2192
pro,128k,fp32,1,32771,0.326171875,15.479899999999999,12.23025,11.3904,19.5456,8.5008,12.2736
pro,128k,fp32,2,32771,0.326171875,15.33265,12.0879,11.2319,19.79845,8.60965,12.432
pro,128k,fp32,4,32771,0.326171875,15.411,12.05275,11.31995,19.8496,8.5984,12.4865
pro,128k,fp32,8,32771,0.326171875,15.6095,12.43035,11.47185,20.190450000000002,8.748850000000001,12.6528
pro,128k,fp32,16,32771,0.326171875,15.70065,12.41595,11.620700000000001,20.8432,12.147200000000002,15.505600000000001
pro,128k,fp32,32,32771,0.326171875,16.1167,12.737549999999999,12.038200000000002,24.12005,12.5296,16.5616
pro,128k,fp32,64,32771,0.326171875,16.9215,13.61585,12.83995,30.377650000000003,13.0784,17.318450000000002
pro,128k,fp32,128,32771,0.326171875,17.842950000000002,14.4894,13.69915,20.53925,13.836799999999998,20.9712
pro,128k,fp32,256,32771,0.326171875,24.86055,20.868650000000002,21.0559,38.337650000000004,18.61925,25.5936
pro,128k,fp32,512,32771,0.326171875,45.7166,38.548449999999995,40.06845,74.75695,34.7825,46.3536
pro,128k,fp32,1024,32771,0.326171875,80.1242,67.25545,62.46835,130.8339,60.411300000000004,78.0898
pro,16k,bf16,1,4099,0.740234375,10.0223,8.71185,10.123,5.97125,,6.6784
pro,16k,bf16,2,4099,0.740234375,9.94065,8.6191,10.0127,5.7616499999999995,,6.6336
pro,16k,bf16,4,4099,0.740234375,10.06225,8.74075,10.123,5.82085,,6.6720500000000005
pro,16k,bf16,8,4099,0.740234375,10.11985,8.72785,10.155,5.944,,6.976
pro,16k,bf16,16,4099,0.740234375,10.43345,8.787049999999999,10.0991,6.04325,,7.073600000000001
pro,16k,bf16,32,4099,0.740234375,10.156600000000001,8.8399,10.222299999999999,6.254449999999999,,7.2463999999999995
pro,16k,bf16,64,4099,0.740234375,10.31505,8.950299999999999,10.4719,6.34725,,7.39525
pro,16k,bf16,128,4099,0.740234375,10.607850000000001,9.21115,10.7135,6.6960500000000005,,7.5792
pro,16k,bf16,256,4099,0.740234375,12.71655,11.1374,11.54225,11.5184,,10.216
pro,16k,bf16,512,4099,0.740234375,22.4285,19.5038,20.6029,20.928099999999997,,18.33445
pro,16k,bf16,1024,4099,0.740234375,34.15475,29.40755,30.9211,35.5441,,31.22895
pro,16k,fp16,1,4099,0.7392578125,12.15675,8.5951,12.140450000000001,5.652699999999999,,6.20155
pro,16k,fp16,2,4099,0.7392578125,12.027149999999999,8.50535,11.8351,5.88155,,6.300800000000001
pro,16k,fp16,4,4099,0.7392578125,12.00475,8.4046,11.945549999999999,6.048,,6.3792
pro,16k,fp16,8,4099,0.7392578125,11.9709,8.46075,11.9935,6.0528,,6.42555
pro,16k,fp16,16,4099,0.7392578125,12.204799999999999,8.6623,12.1838,6.105600000000001,,6.4176
pro,16k,fp16,32,4099,0.7392578125,12.24775,8.6911,12.254100000000001,6.0928,,6.4896
pro,16k,fp16,64,4099,0.7392578125,12.670399999999999,8.9711,12.61435,6.264,,6.648
pro,16k,fp16,128,4099,0.7392578125,12.8496,9.20635,12.817350000000001,6.5792,,6.8031999999999995
pro,16k,fp16,256,4099,0.7392578125,15.8606,11.5487,11.828700000000001,11.2783,,8.9936
pro,16k,fp16,512,4099,0.7392578125,28.057299999999998,20.9726,20.95655,20.60475,,15.88795
pro,16k,fp16,1024,4099,0.7392578125,43.206,31.551650000000002,31.8172,34.9133,,26.915200000000002
pro,16k,fp32,1,4099,0.7392578125,14.47355,9.49915,10.81595,7.046399999999999,5.344,8.2624
pro,16k,fp32,2,4099,0.7392578125,14.299100000000001,9.38715,10.339049999999999,7.296,5.6032,8.459200000000001
pro,16k,fp32,4,4099,0.7392578125,14.247950000000001,9.3134,10.53275,7.2992,5.46555,8.45915
pro,16k,fp32,8,4099,0.7392578125,14.302299999999999,9.34235,10.43035,7.470350000000001,5.48,8.535950000000001
pro,16k,fp32,16,4099,0.7392578125,14.302299999999999,9.351899999999999,10.5487,7.5872,5.4752,8.61755
pro,16k,fp32,32,4099,0.7392578125,14.379,9.4015,10.63835,7.6319,5.528,8.6848
pro,16k,fp32,64,4099,0.7392578125,14.7151,9.65275,10.93435,7.7936000000000005,5.6768,8.8704
pro,16k,fp32,128,4099,0.7392578125,14.993450000000001,9.91825,11.254299999999999,8.252799999999999,5.929600000000001,9.04955
pro,16k,fp32,256,4099,0.7392578125,17.907,11.7295,14.09745,14.537600000000001,7.4288,12.47835
pro,16k,fp32,512,4099,0.7392578125,33.4862,21.374299999999998,25.6462,26.915200000000002,12.8992,22.5439
pro,16k,fp32,1024,4099,0.7392578125,59.57705,38.719699999999996,39.567699999999995,45.5567,21.1952,38.0095
pro,256k,bf16,1,65539,0.357421875,14.233450000000001,13.9325,14.260549999999999,14.784,,10.608
pro,256k,bf16,2,65539,0.357421875,14.366,14.14235,14.271799999999999,14.7728,,10.8224
pro,256k,bf16,4,65539,0.357421875,14.460700000000001,14.27035,14.50225,14.916799999999999,,10.8608
pro,256k,bf16,8,65539,0.357421875,14.58235,14.412799999999999,14.56465,15.220799999999999,,11.060799999999999
pro,256k,bf16,16,65539,0.357421875,14.836649999999999,14.68145,14.839799999999999,15.380799999999999,,13.2544
pro,256k,bf16,32,65539,0.357421875,15.289399999999999,15.0,15.5646,21.9952,,14.1856
pro,256k,bf16,64,65539,0.357421875,16.7566,17.14375,16.21895,31.153599999999997,,17.6144
pro,256k,bf16,128,65539,0.357421875,16.6414,16.7502,18.12935,23.462400000000002,,23.4576
pro,256k,bf16,256,65539,0.357421875,26.96445,26.7868,26.0732,44.26725,,34.732800000000005
pro,256k,bf16,512,65539,0.357421875,47.44575,47.0634,45.168949999999995,86.6752,,63.4048
pro,256k,bf16,1024,65539,0.357421875,73.93010000000001,73.4646,71.767,151.0352,,106.13119999999999
pro,256k,fp16,1,65539,0.3583984375,15.022200000000002,13.601450000000002,13.803049999999999,14.4688,,10.2784
pro,256k,fp16,2,65539,0.3583984375,15.028649999999999,13.643049999999999,13.7839,14.376,,10.4336
pro,256k,fp16,4,65539,0.3583984375,15.041450000000001,13.611049999999999,13.8702,14.536,,10.544
pro,256k,fp16,8,65539,0.3583984375,15.414200000000001,14.03665,14.1934,14.9136,,10.798399999999999
pro,256k,fp16,16,65539,0.3583984375,15.639850000000001,14.2143,14.4191,15.1648,,12.478399999999999
pro,256k,fp16,32,65539,0.3583984375,16.13895,14.63665,15.06225,21.81915,,13.769549999999999
pro,256k,fp16,64,65539,0.3583984375,17.734150000000003,16.5214,15.73425,30.889599999999998,,16.5984
pro,256k,fp16,128,65539,0.3583984375,18.183799999999998,16.7695,20.702099999999998,23.08795,,22.1792
pro,256k,fp16,256,65539,0.3583984375,26.3341,26.3949,28.64125,43.53755,,33.168
pro,256k,fp16,512,65539,0.3583984375,46.954699999999995,48.186699999999995,52.019800000000004,85.43355,,60.27675
pro,256k,fp16,1024,65539,0.3583984375,72.67595,74.1991,81.28705000000001,148.94875,,100.99355
pro,256k,fp32,1,65539,0.3583984375,16.5439,13.8463,14.33425,19.4528,9.8704,13.521600000000001
pro,256k,fp32,2,65539,0.3583984375,16.51355,13.7935,14.2431,19.686400000000003,9.955200000000001,13.622399999999999
pro,256k,fp32,4,65539,0.3583984375,16.5454,13.8735,14.2768,20.308799999999998,10.2192,13.944
pro,256k,fp32,8,65539,0.3583984375,16.959799999999998,14.2431,14.6511,20.2416,10.3024,14.1392
pro,256k,fp32,16,65539,0.3583984375,17.32455,14.62235,15.02225,21.0592,12.104,16.942400000000003
pro,256k,fp32,32,65539,0.3583984375,18.28955,15.5246,16.0575,30.3888,22.6288,19.1152
pro,256k,fp32,64,65539,0.3583984375,20.2495,17.86385,17.39025,57.864,23.1888,21.632
pro,256k,fp32,128,65539,0.3583984375,22.88935,20.4943,26.17095,59.9216,25.0656,28.3184
pro,256k,fp32,256,65539,0.3583984375,34.777300000000004,31.82695,40.3037,115.8528,33.6336,41.97285
pro,256k,fp32,512,65539,0.3583984375,64.09875,58.76575,89.20895,200.23520000000002,59.944,74.98885
pro,256k,fp32,1024,65539,0.3583984375,108.9,96.9353,134.13660000000002,393.68165000000005,95.0992,120.79205
pro,32k,bf16,1,8195,0.5322265625,14.185450000000001,11.291049999999998,13.8926,7.723199999999999,,9.224
pro,32k,bf16,2,8195,0.5322265625,14.379,11.45265,13.994950000000001,7.7264,,9.2432
pro,32k,bf16,4,8195,0.5322265625,14.127799999999999,11.49265,14.13905,7.8288,,9.31855
pro,32k,bf16,8,8195,0.5322265625,14.20935,11.513399999999999,14.147,7.8144,,9.3409
pro,32k,bf16,16,8195,0.5322265625,14.1742,11.553450000000002,14.267100000000001,7.921600000000001,,11.8353
pro,32k,bf16,32,8195,0.5322265625,14.3566,11.69425,14.361450000000001,8.0752,,12.33455
pro,32k,bf16,64,8195,0.5322265625,14.56775,11.838149999999999,14.50855,8.1312,,12.376
pro,32k,bf16,128,8195,0.5322265625,14.7214,12.0814,14.8174,8.512,,12.45605
pro,32k,bf16,256,8195,0.5322265625,18.766099999999998,14.7534,14.942200000000001,14.812850000000001,,13.8769
pro,32k,bf16,512,8195,0.5322265625,32.13715,25.99955,26.135650000000002,27.2817,,24.8898
pro,32k,bf16,1024,8195,0.5322265625,50.15285,39.5274,39.633050000000004,45.83055,,41.795449999999995
pro,32k,fp16,1,8195,0.5302734375,15.10855,10.924700000000001,15.10875,7.13285,,8.1936
pro,32k,fp16,2,8195,0.5302734375,14.87495,10.76795,14.8475,7.2352,,8.217600000000001
pro,32k,fp16,4,8195,0.5302734375,14.81425,10.808,14.859,7.4512,,8.396799999999999
pro,32k,fp16,8,8195,0.5302734375,14.9822,10.89275,15.0607,7.4352,,8.6256
pro,32k,fp16,16,8195,0.5302734375,15.16155,11.064,15.1535,7.6432,,10.688
pro,32k,fp16,32,8195,0.5302734375,15.281450000000001,11.25275,15.2847,7.7456000000000005,,10.948799999999999
pro,32k,fp16,64,8195,0.5302734375,15.64785,11.47815,15.6541,7.8768,,11.392
pro,32k,fp16,128,8195,0.5302734375,15.9502,11.7757,15.97275,8.272,,11.201649999999999
pro,32k,fp16,256,8195,0.5302734375,21.19975,15.395100000000001,15.37915,14.46085,,11.69285
pro,32k,fp16,512,8195,0.5302734375,36.1725,27.30375,26.55975,26.6384,,20.552049999999998
pro,32k,fp16,1024,8195,0.5302734375,56.7072,43.3099,41.078,44.7296,,34.16165
pro,32k,fp32,1,8195,0.5302734375,17.5774,11.006350000000001,11.0446,9.84475,6.755199999999999,12.17435
pro,32k,fp32,2,8195,0.5302734375,17.673599999999997,11.0063,10.91835,9.683200000000001,6.2976,12.195200000000002
pro,32k,fp32,4,8195,0.5302734375,17.457549999999998,10.8895,10.895950000000001,9.8448,6.4112,12.235149999999999
pro,32k,fp32,8,8195,0.5302734375,17.45915,10.8815,10.988700000000001,9.85915,6.3824,12.47835
pro,32k,fp32,16,8195,0.5302734375,17.76955,11.12635,11.08955,9.936,6.3519499999999995,15.7424
pro,32k,fp32,32,8195,0.5302734375,17.745549999999998,11.17905,11.2544,10.00475,6.51355,16.255950000000002
pro,32k,fp32,64,8195,0.5302734375,18.035,11.37915,11.414200000000001,10.179200000000002,6.624,16.2624
pro,32k,fp32,128,8195,0.5302734375,18.6318,11.98875,11.9967,10.6336,7.1136,15.99675
pro,32k,fp32,256,8195,0.5302734375,24.08465,14.76795,15.703850000000001,19.2416,9.33115,16.70235
pro,32k,fp32,512,8195,0.5302734375,44.23485,26.7806,29.6077,35.72475,16.12955,29.374299999999998
pro,32k,fp32,1024,8195,0.5302734375,76.42975,48.58015,45.82845,60.809400000000004,26.079900000000002,49.567800000000005
pro,4k,bf16,1,1027,0.998046875,18.8925,9.42065,18.79495,5.328,,5.664
pro,4k,bf16,2,1027,0.998046875,18.9582,9.084700000000002,18.913349999999998,5.2703999999999995,,5.68
pro,4k,bf16,4,1027,0.998046875,18.44455,9.19665,18.831799999999998,5.07995,,5.7088
pro,4k,bf16,8,1027,0.998046875,18.689349999999997,9.435049999999999,19.036450000000002,5.2703999999999995,,5.6
pro,4k,bf16,16,1027,0.998046875,18.53895,9.35985,18.862099999999998,5.1952,,5.656
pro,4k,bf16,32,1027,0.998046875,18.7037,9.4047,19.03975,5.3024,,5.6816
pro,4k,bf16,64,1027,0.998046875,18.844549999999998,9.5663,19.137349999999998,5.3616,,5.7871999999999995
pro,4k,bf16,128,1027,0.998046875,19.0029,9.739049999999999,19.2926,5.5088,,5.857600000000001
pro,4k,bf16,256,1027,0.998046875,21.126,11.2015,20.9054,9.1776,,7.065600000000001
pro,4k,bf16,512,1027,0.998046875,39.70185,20.1357,39.70665,16.3872,,12.3024
pro,4k,bf16,1024,1027,0.998046875,61.3927,30.55475,60.4855,27.6944,,21.6288
pro,4k,fp16,1,1027,0.998046875,18.838099999999997,9.1024,18.78855,4.1568000000000005,,4.753550000000001
pro,4k,fp16,2,1027,0.998046875,18.315,9.2478,18.4925,4.244800000000001,,4.7696000000000005
pro,4k,fp16,4,1027,0.998046875,18.4894,9.16315,18.63505,4.8191999999999995,,5.20315
pro,4k,fp16,8,1027,0.998046875,18.524549999999998,9.20305,18.7118,4.712,,5.494350000000001
pro,4k,fp16,16,1027,0.998046875,18.8942,9.495700000000001,19.0463,4.9728,,5.54075
pro,4k,fp16,32,1027,0.998046875,19.020599999999998,9.587200000000001,19.13895,5.2623999999999995,,5.6224
pro,4k,fp16,64,1027,0.998046875,19.05415,9.604700000000001,19.179,5.29915,,5.7566999999999995
pro,4k,fp16,128,1027,0.998046875,19.45575,10.07675,19.61735,5.5232,,5.824
pro,4k,fp16,256,1027,0.998046875,21.811,11.782,21.5085,9.2464,,7.016
pro,4k,fp16,512,1027,0.998046875,40.953199999999995,21.7182,40.884449999999994,16.244799999999998,,12.1759
pro,4k,fp16,1024,1027,0.998046875,62.890550000000005,33.3324,62.49525,27.50395,,21.3823
pro,4k,fp32,1,1027,0.998046875,18.612650000000002,9.3727,8.3392,6.16,4.8224,6.656
pro,4k,fp32,2,1027,0.998046875,18.58865,9.29425,8.12475,5.926399999999999,4.632,6.6832
pro,4k,fp32,4,1027,0.998046875,18.72305,9.4368,8.4685,6.2783999999999995,4.6272,6.7408
pro,4k,fp32,8,1027,0.998046875,18.582349999999998,9.297450000000001,8.300799999999999,6.3264,4.6592,6.7184
pro,4k,fp32,16,1027,0.998046875,18.5119,9.2352,8.3552,6.3168,4.6176,6.7776000000000005
pro,4k,fp32,32,1027,0.998046875,18.7118,9.48475,8.4398,6.3552,4.6592,6.9328
pro,4k,fp32,64,1027,0.998046875,18.93435,9.5631,8.5615,6.3888,4.7296000000000005,7.006399999999999
pro,4k,fp32,128,1027,0.998046875,19.01745,9.73275,8.8448,6.6672,4.9328,7.1408000000000005
pro,4k,fp32,256,1027,0.998046875,20.67505,10.785549999999999,10.55835,11.3072,5.8096000000000005,8.7728
pro,4k,fp32,512,1027,0.998046875,39.44125,20.03505,19.595,20.4656,9.654399999999999,15.6112
pro,4k,fp32,1024,1027,0.998046875,76.3306,37.676449999999996,29.762900000000002,34.76,16.609599999999997,27.70405
pro,512k,bf16,1,131075,0.23046875,16.988599999999998,16.2397,15.79175,13.7712,,11.7728
pro,512k,bf16,2,131075,0.23046875,16.83975,16.03175,15.801350000000001,14.964799999999999,,11.7311
pro,512k,bf16,4,131075,0.23046875,17.0366,16.30855,16.0254,14.6208,,11.992
pro,512k,bf16,8,131075,0.23046875,17.634900000000002,17.499,16.24465,15.4512,,12.39355
pro,512k,bf16,16,131075,0.23046875,17.9213,17.887700000000002,16.7165,17.5184,,15.686399999999999
pro,512k,bf16,32,131075,0.23046875,18.418950000000002,18.247799999999998,19.64775,31.1919,,16.974349999999998
pro,512k,bf16,64,131075,0.23046875,21.2364,21.63015,20.5676,59.531099999999995,,22.69755
pro,512k,bf16,128,131075,0.23046875,23.98845,23.6605,27.636400000000002,61.462300000000006,,35.73275
pro,512k,bf16,256,131075,0.23046875,45.0426,45.25215,45.66015,119.27669999999999,,62.10555
pro,512k,bf16,512,131075,0.23046875,97.9682,97.65944999999999,86.12195,205.77885,,112.62695
pro,512k,bf16,1024,131075,0.23046875,151.75625,149.22670000000002,132.53895,407.3062,,188.18045
pro,512k,fp16,1,131075,0.23046875,19.12605,15.726299999999998,15.201450000000001,14.651200000000001,,11.459200000000001
pro,512k,fp16,2,131075,0.23046875,19.20445,15.881350000000001,15.3598,14.5648,,11.6256
pro,512k,fp16,4,131075,0.23046875,19.43025,16.01905,15.451,14.7872,,11.7088
pro,512k,fp16,8,131075,0.23046875,19.919700000000002,16.822200000000002,15.8478,15.1824,,11.9984
pro,512k,fp16,16,131075,0.23046875,20.2638,17.09575,16.20625,17.4448,,15.1072
pro,512k,fp16,32,131075,0.23046875,20.849400000000003,17.61095,18.7502,30.8496,,16.53605
pro,512k,fp16,64,131075,0.23046875,24.724400000000003,21.7773,19.921349999999997,58.836800000000004,,21.942400000000003
pro,512k,fp16,128,131075,0.23046875,28.089299999999998,23.7469,27.64455,60.9456,,34.39525
pro,512k,fp16,256,131075,0.23046875,44.2618,43.655550000000005,45.1035,118.17445,,59.0896
pro,512k,fp16,512,131075,0.23046875,90.49975,92.44055,94.74589999999999,203.8,,107.7808
pro,512k,fp16,1024,131075,0.23046875,144.864,141.024,145.21439999999998,403.10895,,180.20645000000002
pro,512k,fp32,1,131075,0.23046875,20.8127,16.246299999999998,15.9999,19.1008,11.576,14.9248
pro,512k,fp32,2,131075,0.23046875,20.92945,16.2254,16.131149999999998,19.98075,11.6976,15.1904
pro,512k,fp32,4,131075,0.23046875,21.028599999999997,16.4719,16.12625,20.392,11.8096,15.3312
pro,512k,fp32,8,131075,0.23046875,21.7535,17.374299999999998,16.59505,20.9024,12.0848,15.7552
pro,512k,fp32,16,131075,0.23046875,22.23025,17.84615,17.115099999999998,24.5488,14.329600000000001,20.569599999999998
pro,512k,fp32,32,131075,0.23046875,23.67975,19.023799999999998,20.35995,57.26235,24.368,22.04
pro,512k,fp32,64,131075,0.23046875,28.865599999999997,24.52,23.335900000000002,84.76944999999999,37.10395,27.952
pro,512k,fp32,128,131075,0.23046875,38.8365,33.48135,35.08775,103.39835000000001,41.94075,44.38715
pro,512k,fp32,256,131075,0.23046875,67.0763,61.260400000000004,67.8491,201.9263,63.864,82.68960000000001
pro,512k,fp32,512,131075,0.23046875,119.2566,107.96075,138.52685,363.91655,110.74395,144.59835
pro,512k,fp32,1024,131075,0.23046875,215.6447,196.75045,216.85595,690.37725,196.6927,252.85745
pro,64k,bf16,1,16387,0.3115234375,11.39985,10.553450000000002,10.863850000000001,14.622399999999999,,9.224
pro,64k,bf16,2,16387,0.3115234375,11.56145,10.654200000000001,11.06705,15.0912,,9.2512
pro,64k,bf16,4,16387,0.3115234375,11.65105,10.76465,11.1055,15.220799999999999,,9.654399999999999
pro,64k,bf16,8,16387,0.3115234375,11.659,10.78545,11.13585,15.220799999999999,,9.7088
pro,64k,bf16,16,16387,0.3115234375,11.675049999999999,10.700700000000001,11.1631,15.4016,,12.088
pro,64k,bf16,32,16387,0.3115234375,11.79825,10.988700000000001,11.3246,15.6096,,12.592
pro,64k,bf16,64,16387,0.3115234375,12.108600000000001,11.155,11.5631,10.856,,12.5296
pro,64k,bf16,128,16387,0.3115234375,12.5534,11.59185,12.076649999999999,11.344,,15.6048
pro,64k,bf16,256,16387,0.3115234375,16.070149999999998,14.6622,14.763,20.36165,,22.536
pro,64k,bf16,512,16387,0.3115234375,27.42995,25.1517,25.6829,37.97445,,40.46245
pro,64k,bf16,1024,16387,0.3115234375,42.39455,38.3947,39.2539,64.2784,,67.80645
pro,64k,fp16,1,16387,0.3125,10.512,10.1389,13.20125,13.718399999999999,,9.076799999999999
pro,64k,fp16,2,16387,0.3125,10.527899999999999,10.143799999999999,13.2912,14.891200000000001,,9.060799999999999
pro,64k,fp16,4,16387,0.3125,10.51025,10.1616,13.29885,14.87845,,9.1344
pro,64k,fp16,8,16387,0.3125,10.54545,10.1407,13.3644,14.923200000000001,,9.352
pro,64k,fp16,16,16387,0.3125,10.70065,10.2735,13.49895,15.2624,,11.11365
pro,64k,fp16,32,16387,0.3125,10.85595,10.585450000000002,13.655899999999999,15.56165,,11.683200000000001
pro,64k,fp16,64,16387,0.3125,11.21755,10.804649999999999,13.97235,10.3504,,11.5952
pro,64k,fp16,128,16387,0.3125,11.7712,11.29095,14.46715,10.8416,,13.49445
pro,64k,fp16,256,16387,0.3125,15.19185,15.44785,19.02215,19.3744,,16.0576
pro,64k,fp16,512,16387,0.3125,26.35325,27.222150000000003,33.1884,36.36645,,28.60805
pro,64k,fp16,1024,16387,0.3125,39.9819,41.55625,51.2249,61.6818,,48.352050000000006
pro,64k,fp32,1,16387,0.3125,11.5647,10.38875,10.11355,19.212799999999998,8.608,12.3232
pro,64k,fp32,2,16387,0.3125,11.433549999999999,10.2287,10.056,20.1328,8.464,12.147200000000002
pro,64k,fp32,4,16387,0.3125,11.4495,10.25595,9.879950000000001,20.2672,8.518450000000001,12.614450000000001
pro,64k,fp32,8,16387,0.3125,11.568,10.3904,9.9664,20.2864,8.6736,12.8
pro,64k,fp32,16,16387,0.3125,11.7375,10.523100000000001,10.25275,20.62245,8.8832,16.0448
pro,64k,fp32,32,16387,0.3125,11.86875,10.75515,10.3824,21.081599999999998,9.104,16.648049999999998
pro,64k,fp32,64,16387,0.3125,12.37585,11.155149999999999,10.86395,13.9776,9.4528,16.398400000000002
pro,64k,fp32,128,16387,0.3125,13.219100000000001,11.988700000000001,11.7183,14.73125,10.204799999999999,19.5248
pro,64k,fp32,256,16387,0.3125,16.88945,15.3743,15.95505,26.73925,13.51365,24.910400000000003
pro,64k,fp32,512,16387,0.3125,30.52625,27.87965,29.275,50.7936,24.15525,44.9216
pro,64k,fp32,1024,16387,0.3125,54.486,50.3401,45.7532,88.26889999999999,40.632,76.37925
pro,8k,bf16,1,2051,0.4619140625,7.79195,9.03675,7.78715,5.184,,6.252800000000001
pro,8k,bf16,2,2051,0.4619140625,7.691050000000001,8.9519,7.6478,5.4176,,6.2352
pro,8k,bf16,4,2051,0.4619140625,7.79825,8.9982,7.73265,5.656,,6.4624
pro,8k,bf16,8,2051,0.4619140625,7.87185,9.0351,7.85745,5.6176,,6.4272
pro,8k,bf16,16,2051,0.4619140625,7.87505,9.18705,7.795,5.5264,,6.4912
pro,8k,bf16,32,2051,0.4619140625,7.9423,9.1631,7.9743,5.6608,,6.52
pro,8k,bf16,64,2051,0.4619140625,8.11345,9.3262,7.9855,5.6704,,6.5792
pro,8k,bf16,128,2051,0.4619140625,8.26065,9.4926,8.1919,5.9552,,6.6624
pro,8k,bf16,256,2051,0.4619140625,9.74065,11.2047,9.36785,9.9024,,8.265600000000001
pro,8k,bf16,512,2051,0.4619140625,17.137400000000003,20.06045,16.9069,17.9456,,14.2464
pro,8k,bf16,1024,2051,0.4619140625,25.99325,30.1836,25.24765,30.308799999999998,,25.0336
pro,8k,fp16,1,2051,0.4609375,8.4415,8.64955,8.20955,5.20955,,6.0128
pro,8k,fp16,2,2051,0.4609375,8.57595,8.8911,8.459100000000001,5.419149999999999,,5.9952
pro,8k,fp16,4,2051,0.4609375,8.351899999999999,8.64625,8.28315,5.5824,,6.2048000000000005
pro,8k,fp16,8,2051,0.4609375,8.39835,8.66385,8.23035,5.5472,,6.1823999999999995
pro,8k,fp16,16,2051,0.4609375,8.69755,8.9583,8.591899999999999,5.531149999999999,,6.2063500000000005
pro,8k,fp16,32,2051,0.4609375,8.74075,8.9791,8.62235,5.6608,,6.24155
pro,8k,fp16,64,2051,0.4609375,8.9839,9.227049999999998,8.8399,5.6575500000000005,,6.3504
pro,8k,fp16,128,2051,0.4609375,9.2143,9.46065,8.93275,5.8671999999999995,,6.4336
pro,8k,fp16,256,2051,0.4609375,10.9037,11.65435,9.98555,9.804799999999998,,7.944
pro,8k,fp16,512,2051,0.4609375,18.985349999999997,21.1997,17.7022,17.7568,,13.696
pro,8k,fp16,1024,2051,0.4609375,28.9005,32.7228,27.0557,29.8176,,24.022299999999998
pro,8k,fp32,1,2051,0.4609375,8.7696,9.076799999999999,7.95675,6.072,4.4896,6.9967
pro,8k,fp32,2,2051,0.4609375,8.7871,9.04305,7.945600000000001,6.3552,4.52,7.16315
pro,8k,fp32,4,2051,0.4609375,8.5566,8.84315,7.7551499999999995,6.3824,4.552,7.1215
pro,8k,fp32,8,2051,0.4609375,8.5504,8.8655,7.8784,6.403149999999999,4.56795,7.3039499999999995
pro,8k,fp32,16,2051,0.4609375,8.77745,8.99675,7.7984,6.6496,4.8368,7.5824
pro,8k,fp32,32,2051,0.4609375,8.806299999999998,9.056,8.0512,6.635149999999999,4.84,7.5728
pro,8k,fp32,64,2051,0.4609375,9.1647,9.44635,8.14555,6.848,4.8784,7.71995
pro,8k,fp32,128,2051,0.4609375,9.24315,9.524700000000001,8.4719,7.0912,4.9872,7.87035
pro,8k,fp32,256,2051,0.4609375,10.40955,11.12635,10.411100000000001,12.37915,6.0768,9.77275
pro,8k,fp32,512,2051,0.4609375,19.35025,20.483,19.05255,22.80635,10.58555,17.457549999999998
pro,8k,fp32,1024,2051,0.4609375,35.2797,36.788599999999995,28.47985,38.631099999999996,17.75355,30.985599999999998
v32,128k,bf16,1,131087,0.61962890625,20.217599999999997,17.9232,16.648,14.820799999999998,,17.08165
v32,128k,bf16,2,131087,0.61962890625,20.44,18.42715,16.9056,15.0096,,17.16965
v32,128k,bf16,4,131087,0.61962890625,20.82555,18.37435,17.4176,15.40325,,17.249599999999997
v32,128k,bf16,8,131087,0.61962890625,21.1312,18.921599999999998,17.7168,15.7793,,17.49765
v32,128k,bf16,16,131087,0.61962890625,21.3008,19.016,18.00955,19.11365,,23.1569
v32,128k,bf16,32,131087,0.61962890625,22.0368,19.6432,20.697599999999998,33.5057,,25.64965
v32,128k,bf16,64,131087,0.61962890625,23.609599999999997,22.664,21.739150000000002,64.88980000000001,,39.49925
v32,128k,bf16,128,131087,0.61962890625,25.0944,25.929599999999997,25.9984,67.1297,,74.6194
v32,128k,bf16,256,131087,0.61962890625,45.524800000000006,45.7072,46.1968,131.13635,,152.63395
v32,128k,bf16,512,131087,0.61962890625,93.2319,94.66235,95.6527,227.1205,,284.9415
v32,128k,bf16,1024,131087,0.61962890625,144.52145000000002,133.73104999999998,141.8639,449.081,,505.0812
v32,128k,fp16,1,131087,0.61962890625,19.79645,17.9725,17.07495,14.6208,,12.6816
v32,128k,fp16,2,131087,0.61962890625,19.6253,17.75175,16.79655,14.5632,,12.7536
v32,128k,fp16,4,131087,0.61962890625,19.7117,17.843,17.0542,15.2416,,12.836799999999998
v32,128k,fp16,8,131087,0.61962890625,20.31005,18.30695,17.1661,15.70395,,13.0496
v32,128k,fp16,16,131087,0.61962890625,20.7773,18.759700000000002,17.5438,18.552,,16.288
v32,128k,fp16,32,131087,0.61962890625,21.30525,19.2461,20.242900000000002,31.6352,,18.36
v32,128k,fp16,64,131087,0.61962890625,23.07005,22.02685,20.9629,60.3232,,24.2656
v32,128k,fp16,128,131087,0.61962890625,25.153200000000002,25.202849999999998,25.3229,62.2896,,37.688
v32,128k,fp16,256,131087,0.61962890625,44.46815,44.4425,45.305,121.38075,,63.8272
v32,128k,fp16,512,131087,0.61962890625,92.20185000000001,92.95545,94.09145,209.83520000000001,,115.90075
v32,128k,fp16,1024,131087,0.61962890625,141.53715,136.3004,140.33235000000002,414.6879,,193.58720000000002
v32,128k,fp32,1,131087,0.61962890625,21.66375,18.545450000000002,16.948700000000002,20.153599999999997,14.686399999999999,19.776
v32,128k,fp32,2,131087,0.61962890625,21.5005,18.33745,16.95825,20.368,14.571200000000001,19.768
v32,128k,fp32,4,131087,0.61962890625,21.5534,18.2285,17.0718,20.7904,15.0432,20.2048
v32,128k,fp32,8,131087,0.61962890625,22.54535,18.937450000000002,17.6926,21.4336,15.3552,20.673599999999997
v32,128k,fp32,16,131087,0.61962890625,23.1214,19.2845,18.195,25.312,17.368,28.008
v32,128k,fp32,32,131087,0.61962890625,24.6813,20.58055,21.31655,60.460800000000006,31.340799999999998,29.8272
v32,128k,fp32,64,131087,0.61962890625,28.846049999999998,25.34845,24.2046,89.25125,38.73925,44.552
v32,128k,fp32,128,131087,0.61962890625,35.034800000000004,33.07485,35.727599999999995,107.3328,44.489650000000005,86.4816
v32,128k,fp32,256,131087,0.61962890625,66.8073,62.4169,70.6682,207.94565,68.33760000000001,168.81925
v32,128k,fp32,512,131087,0.61962890625,117.6915,110.41815,139.0961,377.1617,117.3952,318.0785
v32,128k,fp32,1024,131087,0.61962890625,213.8329,200.4635,219.4122,714.4593000000001,210.60325,586.0721
v32,16k,bf16,1,16399,0.5341796875,13.7808,12.7616,16.9648,13.224,,10.32
v32,16k,bf16,2,16399,0.5341796875,14.0016,12.8448,13.7136,15.1216,,10.5008
v32,16k,bf16,4,16399,0.5341796875,13.87195,12.872,13.7584,15.217600000000001,,10.588799999999999
v32,16k,bf16,8,16399,0.5341796875,13.98715,12.91675,16.3488,15.2832,,10.670399999999999
v32,16k,bf16,16,16399,0.5341796875,14.23835,13.2288,14.9584,15.508799999999999,,13.6624
v32,16k,bf16,32,16399,0.5341796875,14.521600000000001,13.544,14.456,15.704,,13.923200000000001
v32,16k,bf16,64,16399,0.5341796875,14.728,13.683200000000001,15.3664,10.92,,14.252799999999999
v32,16k,bf16,128,16399,0.5341796875,15.539200000000001,14.510399999999999,16.796799999999998,11.398399999999999,,18.87045
v32,16k,bf16,256,16399,0.5341796875,20.244799999999998,19.5984,20.6848,20.30885,,25.32005
v32,16k,bf16,512,16399,0.5341796875,35.076800000000006,33.5472,35.351949999999995,37.7504,,46.702400000000004
v32,16k,bf16,1024,16399,0.5341796875,54.88,51.782199999999996,54.9967,63.8529,,78.50725
v32,16k,fp16,1,16399,0.53271484375,14.55985,13.0014,15.17415,14.6576,,9.6896
v32,16k,fp16,2,16399,0.53271484375,14.60775,12.9918,14.38055,14.6976,,9.715200000000001
v32,16k,fp16,4,16399,0.53271484375,14.5501,13.0639,14.46385,14.8352,,9.92
v32,16k,fp16,8,16399,0.53271484375,14.6494,13.051,14.4542,14.9952,,10.1936
v32,16k,fp16,16,16399,0.53271484375,14.51975,12.963049999999999,14.419049999999999,15.34725,,12.496
v32,16k,fp16,32,16399,0.53271484375,14.657399999999999,13.06055,14.5982,15.438450000000001,,13.2784
v32,16k,fp16,64,16399,0.53271484375,15.08615,13.4558,14.9918,10.574399999999999,,12.91685
v32,16k,fp16,128,16399,0.53271484375,15.48935,13.915,15.4109,11.1328,,15.28
v32,16k,fp16,256,16399,0.53271484375,20.606099999999998,18.9453,20.88445,19.99525,,18.281650000000003
v32,16k,fp16,512,16399,0.53271484375,35.4715,32.3947,35.5387,37.4321,,32.9504
v32,16k,fp16,1024,16399,0.53271484375,55.3688,50.12085,55.58805,63.448,,55.5681
v32,16k,fp32,1,16399,0.53271484375,26.66055,13.038200000000002,13.42705,18.238400000000002,11.2944,13.248
v32,16k,fp32,2,16399,0.53271484375,26.41105,12.8286,13.2927,18.3216,11.108799999999999,13.2944
v32,16k,fp32,4,16399,0.53271484375,26.583599999999997,13.004700000000001,13.2591,18.3536,11.17595,13.2928
v32,16k,fp32,8,16399,0.53271484375,26.4845,12.9104,13.28945,20.1184,11.22555,13.505600000000001
v32,16k,fp32,16,16399,0.53271484375,26.82055,13.2879,13.67985,20.624,11.12795,17.025599999999997
v32,16k,fp32,32,16399,0.53271484375,27.0909,13.55515,13.947049999999999,21.166400000000003,11.313600000000001,17.696
v32,16k,fp32,64,16399,0.53271484375,27.710099999999997,14.008,14.42045,14.11195,11.6432,18.0575
v32,16k,fp32,128,16399,0.53271484375,28.782349999999997,14.99335,15.3758,14.904,12.3759,22.6064
v32,16k,fp32,256,16399,0.53271484375,40.674800000000005,20.21575,22.801299999999998,26.846400000000003,16.69595,27.886400000000002
v32,16k,fp32,512,16399,0.53271484375,75.9494,37.6012,38.94835,50.9775,30.0128,52.582300000000004
v32,16k,fp32,1024,16399,0.53271484375,128.82105,67.85045,65.12734999999999,88.69265,50.585550000000005,89.75019999999999
v32,256k,bf16,1,163775,0.8623046875,18.326400000000003,21.712,19.928,15.12795,,13.59025
v32,256k,bf16,2,163775,0.8623046875,18.384,21.558349999999997,20.0304,15.2544,,13.8111
v32,256k,bf16,4,163775,0.8623046875,18.691200000000002,21.5744,20.390400000000003,15.792,,14.424
v32,256k,bf16,8,163775,0.8623046875,19.865599999999997,23.20155,20.761599999999998,19.134349999999998,,14.686350000000001
v32,256k,bf16,16,163775,0.8623046875,20.1264,23.3696,21.072,24.1888,,19.2656
v32,256k,bf16,32,163775,0.8623046875,21.104,24.23675,25.8272,32.82875,,20.688
v32,256k,bf16,64,163775,0.8623046875,23.36315,28.166400000000003,27.011200000000002,62.979150000000004,,31.51995
v32,256k,bf16,128,163775,0.8623046875,28.2224,34.728,34.27675,72.90065,,52.48785
v32,256k,bf16,256,163775,0.8623046875,52.6704,65.92314999999999,67.03035000000001,142.03005,,101.0558
v32,256k,bf16,512,163775,0.8623046875,104.04475,133.45595,141.2239,244.70675,,178.8941
v32,256k,bf16,1024,163775,0.8623046875,160.37439999999998,209.08464999999998,220.44145,483.9111,,308.2288
v32,256k,fp16,1,163775,0.865234375,18.503700000000002,21.5549,20.1245,13.9248,,13.3888
v32,256k,fp16,2,163775,0.865234375,18.53415,21.47165,20.1934,14.8192,,13.232
v32,256k,fp16,4,163775,0.865234375,18.595,21.54045,20.2205,15.0704,,13.571200000000001
v32,256k,fp16,8,163775,0.865234375,19.643,22.833299999999998,20.34685,18.184,,13.84
v32,256k,fp16,16,163775,0.865234375,20.1598,23.2652,20.830099999999998,22.9088,,18.5616
v32,256k,fp16,32,163775,0.865234375,20.8397,23.85565,25.642799999999998,31.584,,19.7792
v32,256k,fp16,64,163775,0.865234375,23.0653,27.838,26.32285,60.617650000000005,,27.4336
v32,256k,fp16,128,163775,0.865234375,28.21565,34.581900000000005,33.70035,70.576,,43.9328
v32,256k,fp16,256,163775,0.865234375,51.596,64.96545,66.1238,137.60485,,77.5008
v32,256k,fp16,512,163775,0.865234375,103.31689999999999,131.0413,139.166,237.59054999999998,,140.43045
v32,256k,fp16,1024,163775,0.865234375,159.2969,212.5633,218.2032,468.96959999999996,,233.4497
v32,256k,fp32,1,163775,0.865234375,26.68125,21.78545,18.8719,19.4576,14.6528,17.21435
v32,256k,fp32,2,163775,0.865234375,26.5981,21.5293,19.06865,20.2752,14.603200000000001,17.136
v32,256k,fp32,4,163775,0.865234375,26.86855,21.6941,19.284650000000003,20.39515,14.7744,17.4208
v32,256k,fp32,8,163775,0.865234375,28.204549999999998,22.82855,19.899,25.0912,15.2064,17.92
v32,256k,fp32,16,163775,0.865234375,29.0349,23.39665,20.4525,32.3104,20.11675,23.76475
v32,256k,fp32,32,163775,0.865234375,30.49245,24.75655,24.5038,60.5488,32.1488,25.536
v32,256k,fp32,64,163775,0.865234375,36.88125,29.300549999999998,28.10845,90.28475,44.6,37.032
v32,256k,fp32,128,163775,0.865234375,49.0475,41.79635,42.900349999999996,121.104,56.4688,63.809599999999996
v32,256k,fp32,256,163775,0.865234375,84.588,75.8726,83.22785,233.97915,80.624,116.2655
v32,256k,fp32,512,163775,0.865234375,151.80485000000002,136.93135,166.81425,423.03025,142.2431,215.4592
v32,256k,fp32,1024,163775,0.865234375,273.24675,245.39745000000002,265.5861,800.3934,257.3664,383.44155
v32,32k,bf16,1,32783,0.43017578125,18.44,15.368,18.404799999999998,12.361600000000001,,9.8768
v32,32k,bf16,2,32783,0.43017578125,18.5216,15.428799999999999,18.4,12.42405,,10.001700000000001
v32,32k,bf16,4,32783,0.43017578125,18.515099999999997,15.42235,16.1664,15.2448,,10.504
v32,32k,bf16,8,32783,0.43017578125,18.5408,15.430399999999999,16.4399,15.7089,,10.59525
v32,32k,bf16,16,32783,0.43017578125,18.905549999999998,15.8288,17.9056,16.2256,,12.6897
v32,32k,bf16,32,32783,0.43017578125,19.219150000000003,16.1024,16.6368,19.568099999999998,,13.750399999999999
v32,32k,bf16,64,32783,0.43017578125,19.601599999999998,16.532799999999998,17.046400000000002,16.016,,15.8736
v32,32k,bf16,128,32783,0.43017578125,20.6,17.6048,18.872,16.77925,,23.8624
v32,32k,bf16,256,32783,0.43017578125,28.67995,24.56315,25.352,30.1873,,34.3489
v32,32k,bf16,512,32783,0.43017578125,49.604800000000004,42.455949999999994,43.7824,57.310550000000006,,62.177800000000005
v32,32k,bf16,1024,32783,0.43017578125,78.86395,66.73915,70.0288,99.44185,,104.5746
v32,32k,fp16,1,32783,0.42919921875,18.5854,15.54055,16.778950000000002,14.6721,,9.480049999999999
v32,32k,fp16,2,32783,0.42919921875,18.5469,15.420549999999999,17.281299999999998,14.5152,,9.48
v32,32k,fp16,4,32783,0.42919921875,18.5709,15.444600000000001,17.5998,14.8,,9.476799999999999
v32,32k,fp16,8,32783,0.42919921875,18.583650000000002,15.482899999999999,17.30695,14.987200000000001,,9.590399999999999
v32,32k,fp16,16,32783,0.42919921875,18.57255,15.50855,17.07815,15.4368,,11.488
v32,32k,fp16,32,32783,0.42919921875,18.70055,15.65895,17.3454,18.198700000000002,,12.376
v32,32k,fp16,64,32783,0.42919921875,19.39495,16.1934,17.508599999999998,15.249600000000001,,13.99685
v32,32k,fp16,128,32783,0.42919921875,20.081349999999997,16.91495,17.839650000000002,15.8304,,19.20645
v32,32k,fp16,256,32783,0.42919921875,27.7628,23.73245,24.7213,28.8209,,25.368
v32,32k,fp16,512,32783,0.42919921875,47.7369,40.77705,42.2218,54.8194,,45.13125
v32,32k,fp16,1024,32783,0.42919921875,76.10130000000001,64.29344999999999,67.4598,95.2098,,75.92014999999999
v32,32k,fp32,1,32783,0.42919921875,18.67825,15.25265,15.26385,19.9072,10.78885,12.9952
v32,32k,fp32,2,32783,0.42919921875,18.567700000000002,15.028649999999999,15.148700000000002,20.13605,10.84,13.056
v32,32k,fp32,4,32783,0.42919921875,18.57425,15.03025,15.35815,20.2656,11.024,13.3088
v32,32k,fp32,8,32783,0.42919921875,18.854200000000002,15.3262,15.29575,20.6064,11.136,13.6256
v32,32k,fp32,16,32783,0.42919921875,19.247799999999998,15.74865,15.79515,21.1616,14.93925,15.9856
v32,32k,fp32,32,32783,0.42919921875,19.69735,16.15665,16.18705,24.84965,15.27365,18.18085
v32,32k,fp32,64,32783,0.42919921875,20.5182,16.88625,16.990299999999998,31.4912,15.8624,19.912
v32,32k,fp32,128,32783,0.42919921875,21.58845,17.96295,18.0701,21.65125,16.7584,28.1809
v32,32k,fp32,256,32783,0.42919921875,31.71175,25.810950000000002,29.5277,40.644800000000004,22.2416,38.11685
v32,32k,fp32,512,32783,0.42919921875,59.8523,47.88425,55.47945,79.4928,42.012800000000006,70.54405
v32,32k,fp32,1024,32783,0.42919921875,105.7845,83.56710000000001,86.48864999999999,138.37920000000003,72.22725,119.57925
v32,4k,bf16,1,4111,0.72705078125,13.8512,11.9792,13.568,6.2223999999999995,,7.755199999999999
v32,4k,bf16,2,4111,0.72705078125,13.42235,11.8176,13.368,6.4192,,7.873600000000001
v32,4k,bf16,4,4111,0.72705078125,13.4864,11.8512,13.45755,6.5536,,7.9088
v32,4k,bf16,8,4111,0.72705078125,13.5504,11.820799999999998,13.508799999999999,6.5376,,7.976
v32,4k,bf16,16,4111,0.72705078125,13.7856,12.108799999999999,13.7232,6.5552,,7.9952
v32,4k,bf16,32,4111,0.72705078125,14.0944,12.4208,14.035200000000001,6.5456,,8.0784
v32,4k,bf16,64,4111,0.72705078125,14.195200000000002,12.523200000000001,14.232,6.6688,,8.2256
v32,4k,bf16,128,4111,0.72705078125,14.7856,12.976,14.6928,7.0,,8.36
v32,4k,bf16,256,4111,0.72705078125,18.5024,15.8624,17.3296,11.7728,,10.987200000000001
v32,4k,bf16,512,4111,0.72705078125,32.87355,28.3104,30.69435,21.3936,,20.2256
v32,4k,bf16,1024,4111,0.72705078125,51.83835,43.9968,48.176,35.8112,,34.384
v32,4k,fp16,1,4111,0.7294921875,13.915049999999999,11.9535,13.7102,6.05115,,7.1472
v32,4k,fp16,2,4111,0.7294921875,13.74535,11.961450000000001,13.7054,6.3072,,7.3824
v32,4k,fp16,4,4111,0.7294921875,13.635,11.862200000000001,13.5998,6.4528,,7.4176
v32,4k,fp16,8,4111,0.7294921875,13.782200000000001,11.939,13.6495,6.39675,,7.4272
v32,4k,fp16,16,4111,0.7294921875,13.74705,11.963049999999999,13.62375,6.4672,,7.4592
v32,4k,fp16,32,4111,0.7294921875,13.7614,12.0063,13.7294,6.376,,7.5504
v32,4k,fp16,64,4111,0.7294921875,14.172649999999999,12.21425,14.131,6.5710500000000005,,7.6896
v32,4k,fp16,128,4111,0.7294921875,14.347,12.5022,14.25735,6.8864,,7.881600000000001
v32,4k,fp16,256,4111,0.7294921875,17.95815,15.1806,16.828599999999998,11.6351,,10.5776
v32,4k,fp16,512,4111,0.7294921875,31.99795,27.4028,29.75,21.326349999999998,,19.01275
v32,4k,fp16,1024,4111,0.7294921875,50.295199999999994,42.18825,46.775349999999996,35.807900000000004,,32.34395
v32,4k,fp32,1,4111,0.7294921875,14.643,11.022350000000001,11.8174,6.95995,6.6496,8.6784
v32,4k,fp32,2,4111,0.7294921875,14.55505,10.91675,11.913549999999999,6.94715,6.470350000000001,8.734350000000001
v32,4k,fp32,4,4111,0.7294921875,14.57105,10.9231,11.7999,6.950399999999999,6.4336,8.7392
v32,4k,fp32,8,4111,0.7294921875,14.77585,11.1199,11.9919,7.030399999999999,6.496,8.9728
v32,4k,fp32,16,4111,0.7294921875,14.8973,11.2926,12.185450000000001,7.3936,6.752,9.0736
v32,4k,fp32,32,4111,0.7294921875,15.091149999999999,11.4223,12.48475,7.6336,6.8528,9.3103
v32,4k,fp32,64,4111,0.7294921875,15.58705,11.8335,12.5775,7.7631000000000006,6.942399999999999,9.43835
v32,4k,fp32,128,4111,0.7294921875,15.97265,12.252600000000001,13.1375,8.348799999999999,7.2463500000000005,9.704
v32,4k,fp32,256,4111,0.7294921875,20.166150000000002,14.77435,17.547,14.4048,10.059149999999999,13.248
v32,4k,fp32,512,4111,0.7294921875,37.721199999999996,27.135650000000002,31.13595,26.62555,17.5247,24.09425
v32,4k,fp32,1024,4111,0.7294921875,65.9562,48.2203,50.972300000000004,45.4838,29.12785,40.8896
v32,64k,bf16,1,65551,0.40673828125,27.26075,22.763150000000003,23.2096,15.268799999999999,,12.3248
v32,64k,bf16,2,65551,0.40673828125,27.3056,23.048,23.5552,15.3872,,12.3824
v32,64k,bf16,4,65551,0.40673828125,27.7152,23.308799999999998,24.05275,15.5488,,12.430399999999999
v32,64k,bf16,8,65551,0.40673828125,27.90875,23.5472,24.336,15.64,,12.6368
v32,64k,bf16,16,65551,0.40673828125,28.056,23.6688,24.44155,16.0336,,15.172799999999999
v32,64k,bf16,32,65551,0.40673828125,28.9312,24.176,26.276799999999998,24.262400000000003,,16.9648
v32,64k,bf16,64,65551,0.40673828125,33.609449999999995,28.0368,27.3712,34.9056,,22.128
v32,64k,bf16,128,65551,0.40673828125,30.3072,26.825599999999998,28.56315,25.7312,,34.603199999999994
v32,64k,bf16,256,65551,0.40673828125,50.659150000000004,44.073550000000004,47.2816,48.33595,,54.57115
v32,64k,bf16,512,65551,0.40673828125,89.67835000000001,77.8719,83.28475,94.6576,,99.7376
v32,64k,bf16,1024,65551,0.40673828125,142.59189999999998,123.51185000000001,133.26545000000002,164.38395,,167.92475
v32,64k,fp16,1,65551,0.40625,27.83955,22.85725,24.0077,12.443200000000001,,10.28
v32,64k,fp16,2,65551,0.40625,27.882849999999998,22.86045,23.716450000000002,13.971200000000001,,10.542399999999999
v32,64k,fp16,4,65551,0.40625,27.69075,22.762900000000002,23.83645,14.884799999999998,,10.9424
v32,64k,fp16,8,65551,0.40625,27.67475,22.844450000000002,23.91805,15.1808,,11.0592
v32,64k,fp16,16,65551,0.40625,27.96595,23.050900000000002,24.06045,15.656,,13.3792
v32,64k,fp16,32,65551,0.40625,28.34205,23.41235,26.174049999999998,22.81605,,14.7072
v32,64k,fp16,64,65551,0.40625,33.0859,27.11955,26.863599999999998,31.961599999999997,,18.889599999999998
v32,64k,fp16,128,65551,0.40625,30.13075,26.014,27.692400000000003,24.2512,,26.102400000000003
v32,64k,fp16,256,65551,0.40625,49.5145,42.817,45.3657,45.7104,,38.34245
v32,64k,fp16,512,65551,0.40625,87.19395,75.77015,80.50765,89.5392,,69.95039999999999
v32,64k,fp16,1024,65551,0.40625,138.32285000000002,120.1998,128.51655,155.888,,117.44325
v32,64k,fp32,1,65551,0.40625,30.96125,19.75815,18.03185,19.6768,12.04965,14.8784
v32,64k,fp32,2,65551,0.40625,31.37245,20.094099999999997,18.1598,19.966450000000002,12.09925,15.09125
v32,64k,fp32,4,65551,0.40625,31.28285,20.14215,18.1006,20.644849999999998,12.150450000000001,15.18885
v32,64k,fp32,8,65551,0.40625,31.794900000000002,20.45105,18.831799999999998,20.947200000000002,12.4672,15.5008
v32,64k,fp32,16,65551,0.40625,32.5165,20.793400000000002,19.05415,21.6464,14.7104,19.281650000000003
v32,64k,fp32,32,65551,0.40625,33.529199999999996,21.8093,20.297400000000003,31.632,25.66725,21.82245
v32,64k,fp32,64,65551,0.40625,38.558099999999996,24.5886,21.563,60.46895,26.04645,25.76645
v32,64k,fp32,128,65551,0.40625,41.8204,24.05095,26.2077,62.3281,27.5585,39.404900000000005
v32,64k,fp32,256,65551,0.40625,57.189800000000005,38.038,46.772349999999996,120.97139999999999,37.917,64.5745
v32,64k,fp32,512,65551,0.40625,109.50760000000001,69.74815,98.58614999999999,209.5412,67.65769999999999,118.8514
v32,64k,fp32,1024,65551,0.40625,191.1404,117.09795,145.43210000000002,412.67920000000004,107.54589999999999,204.2756
v32,8k,bf16,1,8207,0.84130859375,10.8576,12.932799999999999,10.7616,7.73445,,9.9056
v32,8k,bf16,2,8207,0.84130859375,10.587200000000001,12.7216,10.6416,7.3936,,9.7488
v32,8k,bf16,4,8207,0.84130859375,10.7136,12.8544,10.6368,7.49605,,10.121649999999999
v32,8k,bf16,8,8207,0.84130859375,10.7568,12.8656,10.704,7.6592,,10.265649999999999
v32,8k,bf16,16,8207,0.84130859375,10.9136,13.051200000000001,10.8672,8.08,,12.921700000000001
v32,8k,bf16,32,8207,0.84130859375,11.251149999999999,13.3856,11.1696,8.192,,13.37765
v32,8k,bf16,64,8207,0.84130859375,11.414399999999999,13.526399999999999,11.36475,8.361600000000001,,13.6225
v32,8k,bf16,128,8207,0.84130859375,12.0048,14.032,11.9984,8.65285,,13.65125
v32,8k,bf16,256,8207,0.84130859375,14.6176,17.6304,14.616,15.0193,,16.19685
v32,8k,bf16,512,8207,0.84130859375,25.070400000000003,30.867150000000002,25.043200000000002,27.5873,,29.40485
v32,8k,bf16,1024,8207,0.84130859375,38.88795,48.0816,38.60315,46.435300000000005,,49.011300000000006
v32,8k,fp16,1,8207,0.841796875,15.1774,12.787049999999999,15.0046,7.4,,9.0896
v32,8k,fp16,2,8207,0.841796875,14.9534,12.563049999999999,15.00935,7.8911999999999995,,9.295950000000001
v32,8k,fp16,4,8207,0.841796875,15.15335,12.724549999999999,15.04625,8.0528,,9.272
v32,8k,fp16,8,8207,0.841796875,15.1934,12.7566,15.175799999999999,8.05115,,9.58715
v32,8k,fp16,16,8207,0.841796875,15.07655,12.7134,15.038200000000002,8.0176,,12.204799999999999
v32,8k,fp16,32,8207,0.841796875,15.21735,12.77585,15.1806,8.0208,,12.72795
v32,8k,fp16,64,8207,0.841796875,15.5598,13.1326,15.5182,8.2,,12.60635
v32,8k,fp16,128,8207,0.841796875,15.86375,13.410950000000001,15.71805,8.49115,,12.9152
v32,8k,fp16,256,8207,0.841796875,20.0957,16.8622,18.7245,14.8096,,13.9584
v32,8k,fp16,512,8207,0.841796875,35.13545,29.757900000000003,32.645900000000005,27.3552,,24.777549999999998
v32,8k,fp16,1024,8207,0.841796875,55.02325,45.786550000000005,50.8233,46.144,,41.4251
v32,8k,fp32,1,8207,0.841796875,14.0654,12.9598,11.3871,10.096,7.96955,12.71355
v32,8k,fp32,2,8207,0.841796875,14.25595,13.100700000000002,11.5375,10.187149999999999,8.0368,12.814350000000001
v32,8k,fp32,4,8207,0.841796875,14.0861,12.87665,11.51985,10.288,7.9808,12.9535
v32,8k,fp32,8,8207,0.841796875,14.057549999999999,12.8719,11.489450000000001,10.29115,7.993600000000001,13.0976
v32,8k,fp32,16,8207,0.841796875,14.5023,13.385549999999999,11.832,10.3264,7.82875,16.45745
v32,8k,fp32,32,8207,0.841796875,14.6749,13.5182,11.892700000000001,10.4544,7.92955,17.017599999999998
v32,8k,fp32,64,8207,0.841796875,15.0927,13.883,12.29905,10.651200000000001,8.1168,16.9295
v32,8k,fp32,128,8207,0.841796875,15.70715,14.603200000000001,13.0063,11.14395,8.60155,16.969549999999998
v32,8k,fp32,256,8207,0.841796875,19.7533,18.3358,16.8078,19.86555,12.2768,18.632
v32,8k,fp32,512,8207,0.841796875,35.9628,34.015699999999995,29.178900000000002,37.191849999999995,21.168,33.479949999999995
v32,8k,fp32,1024,8207,0.841796875,63.35615,60.01215,46.4972,63.307199999999995,35.6079,56.9935
