scenario,K,dtype,N,BS,hit_rate,layer,gvr_cutedsl_cold_us,gvr_cutedsl_warm_us,gvr_multicta_cutedsl_cold_us,gvr_multicta_cutedsl_warm_us,radix_cutedsl_cold_us,radix_cutedsl_warm_us,radix_single_cuda_cold_us,radix_single_cuda_warm_us,radix_multi_cuda_cold_us,radix_multi_cuda_warm_us,op25_hls_cold_us,op25_hls_warm_us,op27_hls_cold_us,op27_hls_warm_us,op26_r0auto_cold_us,op26_r0auto_warm_us,sglang_v2_cold_us,sglang_v2_warm_us,flashinfer_topk_cold_us,flashinfer_topk_warm_us,speedup_vs_base_gvr_multicta_cutedsl,speedup_vs_base_radix_cutedsl,speedup_vs_base_radix_single_cuda,speedup_vs_base_radix_multi_cuda,speedup_vs_base_op25_hls,speedup_vs_base_op27_hls,speedup_vs_base_op26_r0auto,speedup_vs_base_sglang_v2,speedup_vs_base_flashinfer_topk,mc_cluster_size,op25_ms_path,op27_ms_path,r0_arm,sglang_v2_cold_span_us
best,512,bf16,4096,1,0.3008,22,7.402,5.99,7.25,6.182,5.266,4.428,13.707,13.014,34.842,30.993,9.306,8.391,9.538,8.382,6.974,5.922,,,,,1.021,1.406,0.54,0.212,0.795,0.776,1.061,,,1,ms_1cta,ms_1cta,plain,
best,512,bf16,8192,1,0.3008,10,8.168,6.74,8.282,6.963,6.504,5.836,15.341,14.461,35.09,31.277,10.728,9.557,10.936,9.574,8.221,6.694,,,,,0.986,1.256,0.532,0.233,0.761,0.747,0.994,,,1,ms_1cta,ms_1cta,plain,
best,512,bf16,16384,1,0.3008,22,9.434,7.751,8.824,7.41,9.285,8.792,18.243,16.794,35.139,31.735,13.346,11.502,13.184,11.485,10.066,8.323,,,,,1.069,1.016,0.517,0.268,0.707,0.716,0.937,,,1,ms_1cta,ms_1cta,1cta,
best,512,bf16,32768,1,0.3008,12,10.826,8.89,11.011,8.984,12.064,11.083,23.222,20.798,36.686,33.173,19.776,15.638,19.464,15.627,11.784,9.78,,,,,0.983,0.897,0.466,0.295,0.547,0.556,0.919,,,1,ms_1cta,ms_1cta,1cta,
best,512,bf16,65536,1,0.3008,32,12.981,11.589,12.488,10.625,12.13,11.037,32.581,28.813,37.818,34.382,13.253,11.586,13.254,11.78,13.155,11.482,,,,,1.039,1.07,0.398,0.343,0.979,0.979,0.987,,,4,msc_C8,msc_C8,mc,
best,512,bf16,131072,1,0.3008,14,18.427,16.704,13.189,11.632,13.634,12.796,53.171,45.202,40.49,36.596,13.438,11.737,13.378,11.924,14.219,12.649,,,,,1.397,1.352,0.347,0.455,1.371,1.377,1.296,,,4,msc_C8,msc_C8,mc,
best,512,bf16,262144,1,0.3008,22,28.462,26.443,16.309,14.476,13.91,13.122,93.84,78.62,44.04,39.605,15.088,13.12,15.011,13.322,17.55,15.949,,,,,1.745,2.046,0.303,0.646,1.886,1.896,1.622,,,4,msc_C8,msc_C8,mc,
best,512,bf16,524288,1,0.3008,2,48.248,45.728,21.856,19.672,14.17,13.228,175.723,145.992,51.184,45.478,16.734,13.423,16.526,13.451,24.069,22.164,,,,,2.208,3.405,0.275,0.943,2.883,2.919,2.005,,,4,msc_C8,msc_C8,mc,
best,512,bf16,1048576,1,0.3008,12,87.926,84.552,33.088,29.884,14.915,13.735,339.43,279.958,68.677,60.385,19.28,15.917,19.085,15.914,36.371,34.326,,,,,2.657,5.895,0.259,1.28,4.56,4.607,2.417,,,4,msc_C8,msc_C8,mc,
best,512,fp16,4096,1,0.3008,22,7.982,6.568,7.827,6.835,5.253,4.385,13.72,13.033,36.349,31.062,9.267,8.337,9.472,8.326,7.61,6.569,,,,,1.02,1.52,0.582,0.22,0.861,0.843,1.049,,,1,ms_1cta,ms_1cta,plain,
best,512,fp16,8192,1,0.3008,10,10.749,9.412,11.021,9.763,6.406,5.714,15.286,14.444,36.152,31.332,10.709,9.496,10.925,9.514,11.368,9.466,,,,,0.975,1.678,0.703,0.297,1.004,0.984,0.946,,,1,ms_1cta,ms_1cta,plain,
best,512,fp16,16384,1,0.3008,22,11.035,9.089,10.099,8.62,8.931,8.428,18.293,16.794,36.264,31.82,13.242,11.417,13.011,11.412,12.651,10.802,,,,,1.093,1.236,0.603,0.304,0.833,0.848,0.872,,,1,ms_1cta,ms_1cta,1cta,
best,512,fp16,32768,1,0.3008,12,11.002,9.27,11.381,9.251,11.819,10.897,23.13,20.932,37.781,33.263,18.09,15.526,17.918,15.505,12.091,10.396,,,,,0.967,0.931,0.476,0.291,0.608,0.614,0.91,,,1,ms_1cta,ms_1cta,1cta,
best,512,fp16,65536,1,0.3008,32,13.402,11.83,12.952,10.943,11.941,10.97,32.762,29.063,39.021,34.349,13.262,11.575,13.198,11.754,13.029,11.273,,,,,1.035,1.122,0.409,0.343,1.01,1.015,1.029,,,4,msc_C8,msc_C8,mc,
best,512,fp16,131072,1,0.3008,14,18.11,16.36,13.211,11.577,13.523,12.789,52.84,46.036,41.373,36.596,13.341,11.678,13.773,11.873,14.47,12.669,,,,,1.371,1.339,0.343,0.438,1.358,1.315,1.252,,,4,msc_C8,msc_C8,mc,
best,512,fp16,262144,1,0.3008,22,27.824,25.746,16.197,14.372,13.762,12.963,93.79,80.892,44.971,39.661,14.952,12.995,15.003,13.204,17.851,15.885,,,,,1.718,2.022,0.297,0.619,1.861,1.855,1.559,,,4,msc_C8,msc_C8,mc,
best,512,fp16,524288,1,0.3008,2,47.192,44.653,22.346,19.905,13.901,13.059,175.659,151.078,52.318,45.398,16.03,13.368,15.91,13.382,24.037,21.661,,,,,2.112,3.395,0.269,0.902,2.944,2.966,1.963,,,4,msc_C8,msc_C8,mc,
best,512,fp16,1048576,1,0.3008,12,85.232,81.677,32.781,29.485,14.514,13.306,339.154,290.328,69.598,60.335,19.293,15.885,19.154,15.882,35.85,32.834,,,,,2.6,5.873,0.251,1.225,4.418,4.45,2.377,,,4,msc_C8,msc_C8,mc,
best,512,fp32,4096,1,0.3008,22,9.432,7.801,9.077,7.763,6.248,5.585,14.128,13.246,34.806,30.685,10.488,9.426,10.744,9.431,7.638,6.286,4.693,3.745,6.326,5.743,1.039,1.51,0.668,0.271,0.899,0.878,1.235,2.01,1.491,1,ms_1cta,ms_1cta,plain,4.693
best,512,fp32,8192,1,0.3008,10,10.525,8.804,10.517,8.802,8.021,7.366,16.387,14.816,34.851,31.043,11.283,9.866,11.211,9.843,8.197,6.374,5.64,4.533,11.05,10.342,1.001,1.312,0.642,0.302,0.933,0.939,1.284,1.866,0.953,1,ms_1cta,ms_1cta,plain,5.64
best,512,fp32,16384,1,0.3008,22,9.75,7.985,9.706,7.99,12.216,11.377,20.208,17.626,35.181,31.467,13.648,12.063,13.635,12.068,9.126,7.308,7.357,6.115,11.786,10.782,1.005,0.798,0.483,0.277,0.714,0.715,1.068,1.325,0.827,1,ms_1cta,ms_1cta,plain,7.357
best,512,fp32,32768,1,0.3008,12,11.451,9.558,11.485,9.537,16.277,15.313,27.566,23.372,37.198,33.255,17.611,16.021,17.683,16.015,10.824,8.84,11.189,8.817,11.019,10.344,0.997,0.704,0.415,0.308,0.65,0.648,1.058,1.023,1.039,1,ms_1cta,ms_1cta,plain,11.189
best,512,fp32,65536,1,0.3008,32,13.942,12.093,12.902,10.9,16.264,15.234,42.707,33.634,38.949,34.645,13.43,11.76,13.453,11.772,13.4,11.629,9.888,8.346,12.051,11.126,1.081,0.857,0.326,0.358,1.038,1.036,1.04,1.41,1.157,4,msc_C4,msc_C4,mc,9.888
best,512,fp32,131072,1,0.3008,14,19.176,16.535,13.854,12.074,18.787,17.957,70.95,53.764,42.296,36.876,14.317,12.472,14.368,12.489,14.661,12.959,10.714,9.015,14.424,12.845,1.384,1.021,0.27,0.453,1.339,1.335,1.308,1.79,1.329,4,msc_C8,msc_C8,mc,10.714
best,512,fp32,262144,1,0.3008,22,30.224,26.486,17.341,15.371,19.131,18.449,127.771,93.318,46.954,40.683,15.835,14.508,15.846,14.509,17.675,15.851,14.97,12.287,19.48,16.947,1.743,1.58,0.237,0.644,1.909,1.907,1.71,2.019,1.552,4,msc_C8,msc_C8,mc,14.97
best,512,fp32,524288,1,0.3008,2,50.341,44.644,22.752,19.969,19.077,18.259,240.346,172.369,60.882,50.756,18.997,17.398,18.994,17.404,23.926,21.398,20.845,16.935,25.773,20.984,2.213,2.639,0.209,0.827,2.65,2.65,2.104,2.415,1.953,4,msc_C8,msc_C8,mc,20.845
best,512,fp32,1048576,1,0.3008,12,90.552,81.087,32.984,28.91,20.208,18.828,465.013,329.791,86.168,67.559,25.448,23.674,25.422,23.677,35.981,32.421,31.771,25.054,40.963,32.113,2.745,4.481,0.195,1.051,3.558,3.562,2.517,2.85,2.211,4,msc_C8,msc_C8,mc,31.771
best,1024,bf16,4096,1,0.1504,26,8.725,7.268,8.506,7.325,5.811,4.988,15.36,14.682,38.747,33.702,10.702,9.56,10.659,9.555,8.243,7.054,,,,,1.026,1.501,0.568,0.225,0.815,0.819,1.058,,,1,ms_1cta,ms_1cta,plain,
best,1024,bf16,8192,1,0.1504,46,9.216,8.022,9.192,8.075,6.909,6.398,16.581,15.622,38.854,34.2,11.949,10.851,11.952,10.855,9.019,7.814,,,,,1.003,1.334,0.556,0.237,0.771,0.771,1.022,,,1,ms_1cta,ms_1cta,plain,
best,1024,bf16,16384,1,0.1504,52,10.043,8.858,9.813,8.597,9.93,9.48,19.429,18.159,40.346,35.853,13.488,12.364,13.499,12.364,10.942,9.842,,,,,1.023,1.011,0.517,0.249,0.745,0.744,0.918,,,1,ms_1cta,ms_1cta,1cta,
best,1024,bf16,32768,1,0.1504,40,12.622,11.034,12.885,11.149,15.042,14.3,24.89,22.537,41.97,37.699,16.806,14.353,16.794,14.355,12.621,11.267,,,,,0.98,0.839,0.507,0.301,0.751,0.752,1.0,,,1,ms_1cta,ms_1cta,1cta,
best,1024,bf16,65536,1,0.1504,34,14.2,13.005,13.192,11.696,14.774,13.933,34.277,31.225,42.315,38.15,13.898,12.596,13.869,12.598,14.048,12.546,,,,,1.076,0.961,0.414,0.336,1.022,1.024,1.011,,,4,msc_C8,msc_C8,mc,
best,1024,bf16,131072,1,0.1504,46,20.786,19.26,14.987,13.729,14.75,13.667,55.79,48.013,45.528,40.785,14.346,12.872,14.346,12.913,14.864,13.758,,,,,1.387,1.409,0.373,0.457,1.449,1.449,1.398,,,4,msc_C8,msc_C8,mc,
best,1024,bf16,262144,1,0.1504,10,30.058,28.202,17.266,15.491,14.646,13.664,95.381,80.623,49.669,44.22,15.312,13.388,15.429,13.396,18.35,16.889,,,,,1.741,2.052,0.315,0.605,1.963,1.948,1.638,,,4,msc_C8,msc_C8,mc,
best,1024,bf16,524288,1,0.1504,48,49.933,47.809,22.925,20.854,14.787,13.835,177.21,147.622,57.389,50.66,17.216,15.039,17.448,15.226,24.549,23.157,,,,,2.178,3.377,0.282,0.87,2.9,2.862,2.034,,,4,msc_C8,msc_C8,mc,
best,1024,bf16,1048576,1,0.1504,24,90.058,87.062,34.088,31.063,15.522,14.309,342.269,282.837,74.678,65.551,21.296,17.993,21.349,18.007,37.086,35.133,,,,,2.642,5.802,0.263,1.206,4.229,4.218,2.428,,,4,msc_C8,msc_C8,mc,
best,1024,fp16,4096,1,0.1504,26,9.837,8.146,9.438,8.246,5.776,4.941,15.326,14.625,38.672,33.7,11.872,10.804,11.891,10.799,9.395,8.206,,,,,1.042,1.703,0.642,0.254,0.829,0.827,1.047,,,1,ms_1cta,ms_1cta,plain,
best,1024,fp16,8192,1,0.1504,46,10.986,9.717,10.947,9.8,6.851,6.248,16.506,15.608,38.354,34.08,13.25,12.178,13.285,12.18,10.835,9.72,,,,,1.004,1.603,0.666,0.286,0.829,0.827,1.014,,,1,ms_1cta,ms_1cta,plain,
best,1024,fp16,16384,1,0.1504,52,11.864,10.634,11.514,10.412,9.688,9.162,19.382,18.177,39.784,35.811,13.97,12.773,14.003,12.778,11.883,10.55,,,,,1.03,1.225,0.612,0.298,0.849,0.847,0.998,,,1,ms_1cta,ms_1cta,1cta,
best,1024,fp16,32768,1,0.1504,40,13.965,12.412,14.293,12.554,14.741,13.878,24.782,22.717,41.51,37.728,16.954,14.884,16.931,14.896,14.893,13.551,,,,,0.977,0.947,0.563,0.336,0.824,0.825,0.938,,,1,ms_1cta,ms_1cta,1cta,
best,1024,fp16,65536,1,0.1504,34,14.765,13.533,13.746,12.222,14.654,13.834,34.248,31.425,41.714,38.092,14.389,13.133,14.456,13.116,14.082,12.803,,,,,1.074,1.008,0.431,0.354,1.026,1.021,1.049,,,4,msc_C8,msc_C8,mc,
best,1024,fp16,131072,1,0.1504,46,19.722,18.169,13.998,12.738,14.634,13.583,55.475,48.84,45.299,40.721,15.102,13.334,15.166,13.372,14.715,13.544,,,,,1.409,1.348,0.356,0.435,1.306,1.3,1.34,,,4,msc_C8,msc_C8,mc,
best,1024,fp16,262144,1,0.1504,10,30.008,28.097,17.618,15.945,14.546,13.578,95.029,82.589,49.28,44.284,15.789,13.804,15.765,13.836,18.501,16.945,,,,,1.703,2.063,0.316,0.609,1.901,1.903,1.622,,,4,msc_C8,msc_C8,mc,
best,1024,fp16,524288,1,0.1504,48,48.656,46.463,22.651,20.725,14.691,13.713,176.53,152.793,56.696,50.514,17.602,15.363,18.014,15.618,24.357,22.707,,,,,2.148,3.312,0.276,0.858,2.764,2.701,1.998,,,4,msc_C8,msc_C8,mc,
best,1024,fp16,1048576,1,0.1504,24,88.325,84.787,34.123,31.285,15.173,13.941,341.768,295.37,74.464,65.379,21.643,18.256,21.701,18.289,36.504,34.148,,,,,2.588,5.821,0.258,1.186,4.081,4.07,2.42,,,4,msc_C8,msc_C8,mc,
best,1024,fp32,4096,1,0.1504,26,10.822,9.626,10.97,9.715,6.661,6.063,15.851,14.9,37.632,33.372,11.594,10.554,11.579,10.541,8.341,7.057,5.275,4.561,7.814,7.334,0.987,1.625,0.683,0.288,0.933,0.935,1.298,2.052,1.385,1,ms_1cta,ms_1cta,plain,5.275
best,1024,fp32,8192,1,0.1504,46,11.554,10.423,11.749,10.413,8.298,7.822,17.395,15.96,37.216,33.669,12.467,11.542,12.421,11.54,8.586,7.469,5.864,5.121,11.678,11.108,0.983,1.392,0.664,0.31,0.927,0.93,1.346,1.97,0.989,1,ms_1cta,ms_1cta,plain,5.864
best,1024,fp32,16384,1,0.1504,52,13.07,11.82,13.026,11.797,12.549,11.944,21.606,18.972,38.787,35.292,13.622,12.597,13.872,12.62,9.957,8.524,7.851,6.949,12.192,11.178,1.003,1.042,0.605,0.337,0.959,0.942,1.313,1.665,1.072,1,ms_1cta,ms_1cta,plain,7.851
best,1024,fp32,32768,1,0.1504,40,17.074,15.284,17.141,15.276,20.042,19.535,29.738,25.557,41.424,37.873,15.912,14.401,15.893,14.37,11.837,9.917,12.091,10.017,11.814,11.101,0.996,0.852,0.574,0.412,1.073,1.074,1.442,1.412,1.445,1,ms_1cta,ms_1cta,plain,12.091
best,1024,fp32,65536,1,0.1504,34,15.768,13.928,14.33,12.413,19.88,19.35,46.003,36.866,42.64,38.716,14.509,13.041,14.667,13.023,14.35,12.801,9.472,8.439,12.914,11.875,1.1,0.793,0.343,0.37,1.087,1.075,1.099,1.665,1.221,4,msc_C8,msc_C8,mc,9.472
best,1024,fp32,131072,1,0.1504,46,20.234,17.949,14.421,13.036,20.062,19.196,74.589,57.613,45.597,40.989,15.712,13.955,15.821,14.093,14.95,13.679,11.035,9.597,14.798,13.213,1.403,1.009,0.271,0.444,1.288,1.279,1.353,1.834,1.367,4,msc_C8,msc_C8,mc,11.035
best,1024,fp32,262144,1,0.1504,10,30.941,27.612,17.723,16.018,19.984,19.211,132.486,97.953,51.613,45.254,17.03,15.67,17.272,15.848,18.174,16.677,14.456,12.385,19.04,16.216,1.746,1.548,0.234,0.599,1.817,1.791,1.702,2.14,1.625,4,msc_C8,msc_C8,mc,14.456
best,1024,fp32,524288,1,0.1504,48,52.976,47.624,24.693,22.427,19.976,19.156,245.973,177.61,66.203,55.862,20.518,19.064,20.477,19.052,24.534,22.669,20.53,16.896,27.603,22.805,2.145,2.652,0.215,0.8,2.582,2.587,2.159,2.58,1.919,4,msc_C8,msc_C8,mc,20.53
best,1024,fp32,1048576,1,0.1504,24,93.6,84.906,35.245,31.856,21.066,19.689,473.842,337.976,91.686,72.921,27.022,25.405,27.403,25.602,36.67,34.002,31.33,24.851,42.454,33.414,2.656,4.443,0.198,1.021,3.464,3.416,2.552,2.988,2.205,4,msc_C8,msc_C8,mc,31.33
best,2048,bf16,8192,1,0.1499,1,11.787,10.084,11.715,10.259,6.538,5.955,15.781,14.754,25.818,21.666,14.406,12.397,12.845,11.45,11.493,10.086,,,,,1.006,1.803,0.747,0.457,0.818,0.918,1.026,,,1,ms_1cta,ms_1cta,plain,
best,2048,bf16,16384,1,0.1499,20,12.675,11.387,12.366,11.087,9.861,9.325,19.01,17.562,28.827,24.875,15.458,13.483,16.32,14.417,13.346,12.269,,,,,1.025,1.285,0.667,0.44,0.82,0.777,0.95,,,1,ms_1cta,ms_1cta,1cta,
best,2048,bf16,32768,1,0.1499,1,13.632,12.428,13.456,12.3,15.248,14.167,25.202,23.039,42.693,38.558,20.016,15.973,20.062,18.161,17.568,13.658,,,,,1.013,0.894,0.541,0.319,0.681,0.679,0.776,,,1,ms_1cta,ms_1cta,1cta,
best,2048,bf16,65536,1,0.1499,21,16.664,15.316,16.205,14.317,15.253,14.309,36.45,32.835,44.574,40.221,24.915,19.223,20.614,18.636,16.07,14.222,,,,,1.028,1.093,0.457,0.374,0.669,0.808,1.037,,,4,msc_C8,msc_C8,mc,
best,2048,bf16,131072,1,0.1499,1,21.502,19.894,16.379,14.78,15.205,14.344,57.774,49.788,47.693,42.98,21.931,20.045,16.341,14.807,16.685,15.303,,,,,1.313,1.414,0.372,0.451,0.98,1.316,1.289,,,4,msc_C8,msc_C8,mc,
best,2048,bf16,262144,1,0.1499,1,31.946,29.955,19.472,17.804,15.059,14.166,97.445,82.566,53.646,48.038,24.448,22.499,21.582,19.471,20.634,18.989,,,,,1.641,2.121,0.328,0.595,1.307,1.48,1.548,,,4,msc_C8,msc_C8,mc,
best,2048,bf16,524288,1,0.1499,21,52.634,50.323,26.379,24.216,15.208,14.236,175.587,145.474,62.491,55.364,32.037,26.986,24.282,21.891,27.626,25.279,,,,,1.995,3.461,0.3,0.842,1.643,2.168,1.905,,,4,msc_C8,msc_C8,mc,
best,2048,bf16,1048576,1,0.1499,1,92.39,89.08,37.013,34.143,16.179,14.87,337.397,277.656,81.2,71.707,41.701,33.775,27.528,23.852,40.184,37.333,,,,,2.496,5.71,0.274,1.138,2.216,3.356,2.299,,,4,msc_C8,msc_C8,mc,
best,2048,fp16,8192,1,0.1499,1,11.781,10.412,11.632,10.527,7.056,6.301,16.085,15.196,26.035,22.545,14.141,13.064,13.09,12.028,11.55,10.432,,,,,1.013,1.67,0.732,0.452,0.833,0.9,1.02,,,1,ms_1cta,ms_1cta,plain,
best,2048,fp16,16384,1,0.1499,20,12.883,11.759,12.662,11.585,10.296,9.633,19.742,18.167,29.558,25.95,15.11,13.807,15.878,14.655,14.704,12.617,,,,,1.017,1.251,0.653,0.436,0.853,0.811,0.876,,,1,ms_1cta,ms_1cta,1cta,
best,2048,fp16,32768,1,0.1499,1,14.426,13.133,14.722,13.363,13.782,12.651,25.867,23.584,43.759,40.117,18.846,16.847,19.654,18.414,17.483,14.581,,,,,0.98,1.047,0.558,0.33,0.765,0.734,0.825,,,1,ms_1cta,ms_1cta,1cta,
best,2048,fp16,65536,1,0.1499,21,17.094,15.631,15.949,14.43,13.784,12.695,37.226,34.099,45.544,41.803,21.045,18.894,16.248,14.585,16.387,14.334,,,,,1.072,1.24,0.459,0.375,0.812,1.052,1.043,,,4,msc_C8,msc_C8,mc,
best,2048,fp16,131072,1,0.1499,1,22.042,20.281,16.173,14.842,14.493,13.61,59.101,52.408,48.978,44.412,21.101,19.532,16.33,14.596,17.371,15.363,,,,,1.363,1.521,0.373,0.45,1.045,1.35,1.269,,,4,msc_C8,msc_C8,mc,
best,2048,fp16,262144,1,0.1499,1,32.291,30.159,19.506,17.659,14.357,13.487,97.627,85.138,54.357,49.42,25.336,22.284,17.718,15.578,20.618,18.795,,,,,1.655,2.249,0.331,0.594,1.275,1.822,1.566,,,4,msc_C8,msc_C8,mc,
best,2048,fp16,524288,1,0.1499,21,52.603,50.081,26.186,23.909,14.888,13.818,177.818,154.305,63.743,57.648,34.099,26.384,21.056,17.999,27.294,24.712,,,,,2.009,3.533,0.296,0.825,1.543,2.498,1.927,,,4,msc_C8,msc_C8,mc,
best,2048,fp16,1048576,1,0.1499,1,91.823,88.37,36.525,33.509,15.898,14.563,338.555,292.223,81.927,73.164,37.301,33.175,23.827,19.914,39.879,36.647,,,,,2.514,5.776,0.271,1.121,2.462,3.854,2.303,,,4,msc_C8,msc_C8,mc,
best,2048,fp32,8192,1,0.1499,1,10.803,9.485,10.925,9.489,8.09,7.374,16.702,15.056,24.557,21.486,13.486,11.715,12.152,11.076,9.568,8.17,5.69,4.708,11.84,11.087,0.989,1.335,0.647,0.44,0.801,0.889,1.129,1.899,0.912,1,ms_1cta,ms_1cta,plain,5.69
best,2048,fp32,16384,1,0.1499,20,13.07,11.619,13.118,11.634,12.621,11.817,20.931,18.287,27.773,24.669,15.386,14.086,14.814,13.562,11.082,9.597,8.36,7.092,11.763,10.744,0.996,1.036,0.624,0.471,0.85,0.882,1.179,1.563,1.111,1,ms_1cta,ms_1cta,plain,8.36
best,2048,fp32,32768,1,0.1499,1,14.37,12.332,14.13,12.346,19.768,18.886,29.829,25.282,43.022,38.469,17.475,15.487,19.358,17.66,12.984,11.121,12.45,10.292,11.699,11.007,1.017,0.727,0.482,0.334,0.822,0.742,1.107,1.154,1.228,1,ms_1cta,ms_1cta,plain,12.45
best,2048,fp32,65536,1,0.1499,21,18.462,16.338,17.149,15.291,19.57,18.879,47.533,38.353,45.434,40.454,23.032,20.931,16.694,14.73,15.875,13.954,11.517,10.221,12.866,11.855,1.077,0.943,0.388,0.406,0.802,1.106,1.163,1.603,1.435,4,msc_C4,msc_C4,mc,11.517
best,2048,fp32,131072,1,0.1499,1,22.214,19.763,16.611,15.112,19.848,19.112,76.28,59.401,49.061,42.976,24.605,22.504,17.933,16.061,16.526,15.002,13.384,11.589,15.496,13.852,1.337,1.119,0.291,0.453,0.903,1.239,1.344,1.66,1.434,4,msc_C4,msc_C4,mc,13.384
best,2048,fp32,262144,1,0.1499,1,33.032,29.608,20.082,18.361,19.621,18.81,132.331,98.812,55.958,48.556,26.691,24.192,18.541,16.712,19.574,17.763,16.502,14.127,21.261,18.508,1.645,1.684,0.25,0.59,1.238,1.782,1.688,2.002,1.554,4,msc_C8,msc_C8,mc,16.502
best,2048,fp32,524288,1,0.1499,21,53.178,47.809,25.35,22.901,19.805,18.833,245.666,179.435,71.766,60.795,30.749,28.497,22.322,20.077,25.816,23.637,22.834,19.031,35.106,30.137,2.098,2.685,0.216,0.741,1.729,2.382,2.06,2.329,1.515,4,msc_C8,msc_C8,mc,22.834
best,2048,fp32,1048576,1,0.1499,1,94.466,86.207,36.982,33.311,21.234,19.777,465.324,333.017,98.328,79.123,42.568,39.998,28.965,26.385,37.813,35.199,33.12,26.248,53.914,44.995,2.554,4.449,0.203,0.961,2.219,3.261,2.498,2.852,1.752,4,msc_C8,msc_C8,mc,33.12
worst,512,bf16,4096,1,0.9004,22,11.214,9.544,11.123,9.783,5.475,4.869,14.39,13.461,36.943,31.98,9.448,8.147,9.283,8.153,10.72,9.455,,,,,1.008,2.048,0.779,0.304,1.187,1.208,1.046,,,1,ms_1cta,ms_1cta,plain,
worst,512,bf16,8192,1,0.9004,10,11.192,9.811,11.459,10.031,7.061,6.338,15.981,14.949,36.455,32.277,10.322,8.886,10.114,8.869,10.984,9.727,,,,,0.977,1.585,0.7,0.307,1.084,1.107,1.019,,,1,ms_1cta,ms_1cta,plain,
worst,512,bf16,16384,1,0.9004,22,16.63,14.706,15.898,14.301,9.947,9.201,18.707,17.244,37.019,32.771,11.643,9.716,11.798,9.724,13.472,11.825,,,,,1.046,1.672,0.889,0.449,1.428,1.41,1.234,,,1,ms_1cta,ms_1cta,1cta,
worst,512,bf16,32768,1,0.9004,12,20.862,19.395,21.472,19.887,14.992,13.863,23.482,21.224,38.95,34.959,13.411,11.348,13.646,11.372,15.374,14.173,,,,,0.972,1.392,0.888,0.536,1.556,1.529,1.357,,,1,ms_1cta,ms_1cta,1cta,
worst,512,bf16,65536,1,0.9004,32,29.703,28.268,25.464,23.75,14.982,14.063,33.309,29.53,39.926,36.045,12.979,11.619,13.0,11.413,18.25,16.797,,,,,1.166,1.982,0.892,0.744,2.288,2.285,1.628,,,4,msc_C8,msc_C8,mc,
worst,512,bf16,131072,1,0.9004,14,23.426,21.927,16.01,14.846,14.541,13.804,53.687,45.964,42.749,38.285,12.882,11.665,12.907,11.475,19.886,18.728,,,,,1.463,1.611,0.436,0.548,1.819,1.815,1.178,,,4,msc_C8,msc_C8,mc,
worst,512,bf16,262144,1,0.9004,22,66.887,64.937,31.478,30.048,14.73,13.866,94.397,79.666,46.333,41.35,13.866,12.278,13.891,12.076,25.498,24.357,,,,,2.125,4.541,0.709,1.444,4.824,4.815,2.623,,,4,msc_C8,msc_C8,mc,
worst,512,bf16,524288,1,0.9004,2,62.523,60.178,28.029,26.047,14.562,13.724,177.121,148.146,53.693,47.28,16.075,13.629,16.374,13.638,36.757,35.352,,,,,2.231,4.294,0.353,1.164,3.889,3.818,1.701,,,4,msc_C8,msc_C8,mc,
worst,512,bf16,1048576,1,0.9004,12,113.159,109.436,41.651,38.775,15.496,14.298,341.825,283.682,70.709,61.415,18.992,15.974,19.17,15.987,58.517,56.673,,,,,2.717,7.302,0.331,1.6,5.958,5.903,1.934,,,4,msc_C8,msc_C8,mc,
worst,512,fp16,4096,1,0.9004,22,11.166,9.874,11.035,10.079,5.21,4.333,13.654,12.978,36.168,30.874,8.406,7.457,8.554,7.443,10.936,9.953,,,,,1.012,2.143,0.818,0.309,1.328,1.305,1.021,,,1,ms_1cta,ms_1cta,plain,
worst,512,fp16,8192,1,0.9004,10,11.328,9.892,11.442,10.052,6.352,5.677,15.296,14.397,35.827,31.208,9.427,8.214,9.618,8.221,11.893,9.983,,,,,0.99,1.783,0.741,0.316,1.202,1.178,0.953,,,1,ms_1cta,ms_1cta,plain,
worst,512,fp16,16384,1,0.9004,22,17.027,15.127,16.03,14.679,8.894,8.383,18.149,16.783,36.086,31.717,10.803,9.138,10.594,9.125,15.672,13.681,,,,,1.062,1.914,0.938,0.472,1.576,1.607,1.086,,,1,ms_1cta,ms_1cta,1cta,
worst,512,fp16,32768,1,0.9004,12,20.597,18.847,21.426,19.302,11.73,10.895,23.019,20.869,37.549,33.144,13.13,10.594,12.85,10.585,15.253,13.585,,,,,0.961,1.756,0.895,0.549,1.569,1.603,1.35,,,1,ms_1cta,ms_1cta,1cta,
worst,512,fp16,65536,1,0.9004,32,28.496,27.037,25.278,23.426,11.944,10.938,32.23,28.847,38.846,34.303,12.816,11.078,12.723,11.259,18.182,16.497,,,,,1.127,2.386,0.884,0.734,2.223,2.24,1.567,,,4,msc_C8,msc_C8,mc,
worst,512,fp16,131072,1,0.9004,14,22.504,20.768,16.0,14.424,13.578,12.72,52.794,46.092,41.29,36.497,12.699,11.087,13.09,11.27,20.053,18.346,,,,,1.406,1.657,0.426,0.545,1.772,1.719,1.122,,,4,msc_C8,msc_C8,mc,
worst,512,fp16,262144,1,0.9004,22,65.904,63.469,32.52,30.703,13.77,12.928,93.245,80.964,44.762,39.567,13.699,11.614,13.618,11.805,25.683,23.783,,,,,2.027,4.786,0.707,1.472,4.811,4.84,2.566,,,4,msc_C8,msc_C8,mc,
worst,512,fp16,524288,1,0.9004,2,61.637,59.073,29.254,26.819,13.942,13.012,174.729,151.56,51.979,45.325,15.624,13.009,15.472,13.091,36.533,34.389,,,,,2.107,4.421,0.353,1.186,3.945,3.984,1.687,,,4,msc_C8,msc_C8,mc,
worst,512,fp16,1048576,1,0.9004,12,109.326,105.855,41.893,38.673,14.483,13.269,338.2,292.227,69.142,60.213,18.534,15.251,18.366,15.252,58.542,55.7,,,,,2.61,7.548,0.323,1.581,5.899,5.953,1.867,,,4,msc_C8,msc_C8,mc,
worst,512,fp32,4096,1,0.9004,22,13.789,11.885,13.651,11.83,6.779,6.006,14.714,13.67,36.475,31.667,10.739,9.327,10.637,9.313,10.002,8.259,5.064,4.175,6.742,6.179,1.01,2.034,0.937,0.378,1.284,1.296,1.379,2.723,2.045,1,ms_1cta,ms_1cta,plain,5.064
worst,512,fp32,8192,1,0.9004,10,12.637,11.373,12.807,11.368,8.299,7.78,16.904,15.279,36.383,31.994,10.787,9.686,10.854,9.713,10.136,8.521,5.749,5.011,11.528,10.753,0.987,1.523,0.748,0.347,1.171,1.164,1.247,2.198,1.096,1,ms_1cta,ms_1cta,plain,5.749
worst,512,fp32,16384,1,0.9004,22,17.694,16.356,17.781,16.353,12.376,11.8,20.792,18.159,36.782,32.511,11.944,10.833,11.946,10.826,12.528,11.19,7.462,6.578,12.173,11.156,0.995,1.43,0.851,0.481,1.481,1.481,1.412,2.371,1.454,1,ms_1cta,ms_1cta,plain,7.462
worst,512,fp32,32768,1,0.9004,12,21.48,19.583,21.466,19.612,20.123,19.441,28.056,23.978,39.264,34.839,13.888,12.397,13.987,12.394,18.502,16.548,11.242,9.293,11.461,10.807,1.001,1.067,0.766,0.547,1.547,1.536,1.161,1.911,1.874,1,ms_1cta,ms_1cta,plain,11.242
worst,512,fp32,65536,1,0.9004,32,36.763,34.966,25.565,23.812,19.755,19.154,43.56,34.716,41.403,36.521,13.523,11.837,13.6,11.829,18.702,17.045,10.146,8.79,12.51,11.599,1.438,1.861,0.844,0.888,2.719,2.703,1.966,3.624,2.939,4,msc_C4,msc_C4,mc,10.146
worst,512,fp32,131072,1,0.9004,14,24.52,22.28,16.496,15.442,19.91,19.242,72.103,54.871,44.215,38.554,14.048,12.7,14.134,12.696,20.301,19.087,10.797,9.439,14.866,13.249,1.486,1.232,0.34,0.555,1.745,1.735,1.208,2.271,1.649,4,msc_C8,msc_C8,mc,10.797
worst,512,fp32,262144,1,0.9004,22,70.999,67.457,31.941,30.406,20.024,19.276,129.44,95.402,49.104,42.314,15.637,14.354,15.635,14.346,25.624,24.038,15.314,12.691,19.994,17.364,2.223,3.546,0.549,1.446,4.54,4.541,2.771,4.636,3.551,4,msc_C8,msc_C8,mc,15.314
worst,512,fp32,524288,1,0.9004,2,65.293,59.658,28.051,25.857,19.765,18.959,242.967,175.569,63.627,52.613,18.714,17.544,18.712,17.563,35.122,33.08,20.92,17.37,26.261,21.372,2.328,3.303,0.269,1.026,3.489,3.489,1.859,3.121,2.486,4,msc_C8,msc_C8,mc,20.92
worst,512,fp32,1048576,1,0.9004,12,115.727,106.603,39.485,36.101,20.85,19.612,471.199,335.723,88.191,68.557,25.056,23.612,25.104,23.624,54.229,51.129,31.818,25.452,41.486,32.615,2.931,5.551,0.246,1.312,4.619,4.61,2.134,3.637,2.79,4,msc_C8,msc_C8,mc,31.818
worst,1024,bf16,4096,1,0.8496,52,10.358,8.888,10.072,8.796,5.84,5.05,15.307,14.658,38.853,33.837,9.997,8.856,10.013,8.852,9.958,8.738,,,,,1.028,1.774,0.677,0.267,1.036,1.035,1.04,,,1,ms_1cta,ms_1cta,plain,
worst,1024,bf16,8192,1,0.8496,26,11.725,10.653,11.827,10.618,6.947,6.426,17.19,16.271,39.051,34.308,11.398,10.271,11.43,10.273,12.2,11.064,,,,,0.991,1.688,0.682,0.3,1.029,1.026,0.961,,,1,ms_1cta,ms_1cta,plain,
worst,1024,bf16,16384,1,0.8496,28,14.07,12.666,13.534,12.364,9.946,9.455,19.486,18.219,40.291,35.748,12.899,11.572,12.901,11.584,10.603,9.333,,,,,1.04,1.415,0.722,0.349,1.091,1.091,1.327,,,1,ms_1cta,ms_1cta,1cta,
worst,1024,bf16,32768,1,0.8496,40,15.043,13.443,15.555,13.818,15.155,14.323,24.835,22.5,41.965,37.721,15.408,13.167,15.427,13.167,12.998,11.655,,,,,0.967,0.993,0.606,0.358,0.976,0.975,1.157,,,1,ms_1cta,ms_1cta,1cta,
worst,1024,bf16,65536,1,0.8496,38,18.63,17.391,17.229,15.724,14.885,14.12,35.081,31.615,43.485,39.258,13.237,11.937,13.222,11.942,13.875,12.416,,,,,1.081,1.252,0.531,0.428,1.407,1.409,1.343,,,4,msc_C8,msc_C8,mc,
worst,1024,bf16,131072,1,0.8496,26,27.219,25.709,19.458,18.339,14.523,13.588,56.11,48.304,45.981,41.322,13.531,12.12,13.584,12.153,14.702,13.583,,,,,1.399,1.874,0.485,0.592,2.012,2.004,1.851,,,4,msc_C8,msc_C8,mc,
worst,1024,bf16,262144,1,0.8496,58,84.696,82.713,39.918,38.242,14.6,13.71,95.429,80.646,49.83,44.385,15.078,13.155,15.144,13.164,18.549,17.126,,,,,2.122,5.801,0.888,1.7,5.617,5.593,4.566,,,4,msc_C8,msc_C8,mc,
worst,1024,bf16,524288,1,0.8496,26,63.112,61.029,27.862,25.905,14.733,13.629,177.627,147.382,57.75,50.916,16.293,14.054,16.51,14.236,24.69,23.36,,,,,2.265,4.284,0.355,1.093,3.874,3.823,2.556,,,4,msc_C8,msc_C8,mc,
worst,1024,bf16,1048576,1,0.8496,46,115.507,112.431,42.832,39.854,15.36,14.082,342.111,282.068,74.741,65.289,19.981,16.5,20.126,16.684,36.979,34.959,,,,,2.697,7.52,0.338,1.545,5.781,5.739,3.124,,,4,msc_C8,msc_C8,mc,
worst,1024,fp16,4096,1,0.8496,52,11.757,10.182,11.443,10.242,5.773,4.948,15.245,14.582,39.005,33.757,11.331,10.296,11.339,10.284,11.427,10.21,,,,,1.027,2.037,0.771,0.301,1.038,1.037,1.029,,,1,ms_1cta,ms_1cta,plain,
worst,1024,fp16,8192,1,0.8496,26,12.677,11.424,12.65,11.451,6.83,6.321,17.16,16.255,38.627,34.233,12.73,11.617,12.714,11.612,12.973,11.51,,,,,1.002,1.856,0.739,0.328,0.996,0.997,0.977,,,1,ms_1cta,ms_1cta,plain,
worst,1024,fp16,16384,1,0.8496,28,15.221,13.846,14.558,13.368,9.661,9.167,19.414,18.148,39.784,35.74,13.413,11.966,13.315,11.974,11.867,10.449,,,,,1.046,1.576,0.784,0.383,1.135,1.143,1.283,,,1,ms_1cta,ms_1cta,1cta,
worst,1024,fp16,32768,1,0.8496,40,16.645,15.063,17.067,15.347,14.771,13.958,24.821,22.672,41.632,37.776,15.477,13.664,15.608,13.661,13.035,11.676,,,,,0.975,1.127,0.671,0.4,1.075,1.066,1.277,,,1,ms_1cta,ms_1cta,1cta,
worst,1024,fp16,65536,1,0.8496,38,18.661,17.481,17.098,15.721,14.635,13.81,34.744,31.502,43.019,39.204,13.776,12.418,13.746,12.42,13.909,12.589,,,,,1.091,1.275,0.537,0.434,1.355,1.358,1.342,,,4,msc_C8,msc_C8,mc,
worst,1024,fp16,131072,1,0.8496,26,24.273,22.395,16.178,15.041,14.715,13.605,55.773,49.206,45.918,41.228,14.314,12.606,14.389,12.632,14.829,13.633,,,,,1.5,1.65,0.435,0.529,1.696,1.687,1.637,,,4,msc_C8,msc_C8,mc,
worst,1024,fp16,262144,1,0.8496,58,85.122,83.345,41.035,39.48,14.715,13.674,95.189,82.459,49.328,44.265,15.618,13.674,15.6,13.698,18.269,16.686,,,,,2.074,5.785,0.894,1.726,5.45,5.457,4.659,,,4,msc_C8,msc_C8,mc,
worst,1024,fp16,524288,1,0.8496,26,63.153,60.827,28.675,26.776,14.581,13.614,177.257,152.416,57.214,50.901,16.738,14.459,17.178,14.714,24.539,22.808,,,,,2.202,4.331,0.356,1.104,3.773,3.677,2.574,,,4,msc_C8,msc_C8,mc,
worst,1024,fp16,1048576,1,0.8496,46,114.491,111.198,43.673,40.827,15.15,13.88,341.274,293.025,74.541,65.483,20.403,16.915,20.606,17.108,36.592,34.155,,,,,2.622,7.557,0.335,1.536,5.611,5.556,3.129,,,4,msc_C8,msc_C8,mc,
worst,1024,fp32,4096,1,0.8496,52,14.597,13.407,14.506,13.352,6.637,6.068,15.794,14.824,37.728,33.473,11.11,10.053,11.082,10.045,10.789,9.59,5.374,4.618,7.795,7.385,1.006,2.199,0.924,0.387,1.314,1.317,1.353,2.716,1.873,1,ms_1cta,ms_1cta,plain,5.374
worst,1024,fp32,8192,1,0.8496,26,17.624,16.403,17.697,16.392,8.387,7.867,18.001,16.535,37.502,33.914,11.931,11.002,11.928,11.004,10.709,9.505,6.214,5.503,12.112,11.496,0.996,2.101,0.979,0.47,1.477,1.478,1.646,2.836,1.455,1,ms_1cta,ms_1cta,plain,6.214
worst,1024,fp32,16384,1,0.8496,28,17.333,16.047,17.285,16.02,12.466,11.898,21.64,18.958,38.925,35.311,13.045,11.967,13.315,11.969,12.128,10.801,7.707,6.823,12.179,11.139,1.003,1.39,0.801,0.445,1.329,1.302,1.429,2.249,1.423,1,ms_1cta,ms_1cta,plain,7.707
worst,1024,fp32,32768,1,0.8496,40,19.344,17.501,19.341,17.485,20.11,19.643,29.605,25.281,41.443,37.892,14.979,13.493,14.942,13.469,14.603,12.735,12.093,10.009,11.79,11.105,1.0,0.962,0.653,0.467,1.291,1.295,1.325,1.6,1.641,1,ms_1cta,ms_1cta,plain,12.093
worst,1024,fp32,65536,1,0.8496,38,21.605,19.871,18.891,17.048,20.218,19.519,46.221,37.154,43.808,39.831,14.05,12.565,14.445,12.73,14.07,12.584,9.454,8.472,13.278,12.273,1.144,1.069,0.467,0.493,1.538,1.496,1.535,2.285,1.627,4,msc_C8,msc_C8,mc,9.454
worst,1024,fp32,131072,1,0.8496,26,25.069,22.855,16.643,15.433,19.899,19.212,75.19,57.77,46.2,41.455,15.227,13.498,15.224,13.632,15.064,13.81,10.95,9.577,14.595,12.916,1.506,1.26,0.333,0.543,1.646,1.647,1.664,2.289,1.718,4,msc_C8,msc_C8,mc,10.95
worst,1024,fp32,262144,1,0.8496,58,89.277,85.938,40.216,38.923,20.128,19.316,132.638,98.045,51.653,45.145,17.25,15.887,17.158,15.782,18.243,16.74,14.682,12.53,19.338,16.576,2.22,4.435,0.673,1.728,5.176,5.203,4.894,6.081,4.617,4,msc_C8,msc_C8,mc,14.682
worst,1024,fp32,524288,1,0.8496,26,69.152,63.919,31.616,29.563,20.021,19.098,246.633,177.955,66.625,56.347,20.219,18.736,19.971,18.53,24.474,22.62,20.493,16.938,26.464,21.546,2.187,3.454,0.28,1.038,3.42,3.463,2.826,3.374,2.613,4,msc_C8,msc_C8,mc,20.493
worst,1024,fp32,1048576,1,0.8496,46,117.605,109.089,41.099,37.834,20.749,19.582,474.906,337.56,91.778,72.965,26.682,24.902,26.632,24.721,36.249,33.562,32.061,25.516,40.745,31.773,2.861,5.668,0.248,1.281,4.408,4.416,3.244,3.668,2.886,4,msc_C8,msc_C8,mc,32.061
worst,2048,bf16,8192,1,0.8501,21,13.726,12.119,13.578,12.212,6.534,5.906,15.723,14.674,25.677,21.546,13.395,11.973,13.339,11.974,13.544,12.205,,,,,1.011,2.101,0.873,0.535,1.025,1.029,1.013,,,1,ms_1cta,ms_1cta,plain,
worst,2048,bf16,16384,1,0.8501,20,14.95,13.177,14.125,12.831,9.826,9.301,18.934,17.541,28.552,24.637,22.661,15.487,20.168,15.471,12.226,11.129,,,,,1.058,1.522,0.79,0.524,0.66,0.741,1.223,,,1,ms_1cta,ms_1cta,1cta,
worst,2048,bf16,32768,1,0.8501,22,15.405,14.348,15.861,14.627,14.962,13.928,25.394,23.325,43.408,39.212,25.773,18.063,24.864,18.017,16.789,12.964,,,,,0.971,1.03,0.607,0.355,0.598,0.62,0.918,,,1,ms_1cta,ms_1cta,1cta,
worst,2048,bf16,65536,1,0.8501,41,22.389,21.082,20.605,18.748,14.646,13.751,35.981,32.667,44.152,39.953,24.805,19.196,24.259,19.175,15.838,13.853,,,,,1.087,1.529,0.622,0.507,0.903,0.923,1.414,,,4,msc_C8,msc_C8,mc,
worst,2048,bf16,131072,1,0.8501,21,32.435,30.89,21.838,20.295,15.261,14.406,58.382,50.794,47.779,43.066,21.885,19.839,21.33,19.77,17.709,15.768,,,,,1.485,2.125,0.556,0.679,1.482,1.521,1.832,,,4,msc_C8,msc_C8,mc,
worst,2048,bf16,262144,1,0.8501,21,58.64,56.669,30.435,28.71,14.771,14.056,96.528,82.065,52.576,47.031,24.011,22.051,24.019,22.045,20.595,18.943,,,,,1.927,3.97,0.607,1.115,2.442,2.441,2.847,,,4,msc_C8,msc_C8,mc,
worst,2048,bf16,524288,1,0.8501,41,89.699,87.419,38.49,36.517,15.056,14.093,174.203,145.504,60.822,54.012,31.283,26.026,30.397,25.914,26.52,24.695,,,,,2.33,5.958,0.515,1.475,2.867,2.951,3.382,,,4,msc_C8,msc_C8,mc,
worst,2048,bf16,1048576,1,0.8501,40,166.411,163.361,60.392,57.594,15.47,14.107,334.642,277.461,79.912,70.501,41.338,33.265,40.347,33.389,39.696,37.201,,,,,2.756,10.757,0.497,2.082,4.026,4.124,4.192,,,4,msc_C8,msc_C8,mc,
worst,2048,fp16,8192,1,0.8501,21,14.592,13.087,14.571,13.21,6.482,5.88,15.792,14.768,24.608,21.729,13.741,12.319,13.619,12.331,14.448,13.174,,,,,1.001,2.251,0.924,0.593,1.062,1.071,1.01,,,1,ms_1cta,ms_1cta,plain,
worst,2048,fp16,16384,1,0.8501,20,14.92,13.414,14.75,13.127,9.746,9.164,19.157,17.732,27.706,24.973,18.048,15.558,18.002,15.588,14.262,11.934,,,,,1.011,1.531,0.779,0.539,0.827,0.829,1.046,,,1,ms_1cta,ms_1cta,1cta,
worst,2048,fp16,32768,1,0.8501,22,16.01,14.971,17.083,15.472,14.646,13.626,25.536,23.423,42.429,39.392,29.411,20.648,28.877,20.634,8.856,7.754,,,,,0.937,1.093,0.627,0.377,0.544,0.554,1.808,,,1,ms_1cta,ms_1cta,1cta,
worst,2048,fp16,65536,1,0.8501,41,21.92,20.593,20.11,18.351,14.685,13.725,36.32,33.007,43.354,40.084,25.203,22.683,24.074,22.673,15.554,13.887,,,,,1.09,1.493,0.604,0.506,0.87,0.911,1.409,,,4,msc_C8,msc_C8,mc,
worst,2048,fp16,131072,1,0.8501,21,32.411,30.79,21.544,20.011,15.133,14.202,58.486,51.654,46.906,43.231,21.685,19.849,22.81,19.8,16.619,15.011,,,,,1.504,2.142,0.554,0.691,1.495,1.421,1.95,,,4,msc_C8,msc_C8,mc,
worst,2048,fp16,262144,1,0.8501,21,58.211,56.255,30.034,28.349,14.682,13.808,96.92,84.413,51.794,47.261,24.768,22.096,25.61,21.996,19.942,18.265,,,,,1.938,3.965,0.601,1.124,2.35,2.273,2.919,,,4,msc_C8,msc_C8,mc,
worst,2048,fp16,524288,1,0.8501,41,88.993,86.739,38.035,35.988,14.824,13.708,175.921,151.138,60.152,54.438,33.613,26.402,32.248,26.516,26.541,24.263,,,,,2.34,6.003,0.506,1.479,2.648,2.76,3.353,,,4,msc_C8,msc_C8,mc,
worst,2048,fp16,1048576,1,0.8501,40,164.997,161.873,59.68,56.758,15.262,14.021,335.899,287.515,79.235,70.884,37.357,33.188,38.795,33.28,38.845,36.129,,,,,2.765,10.811,0.491,2.082,4.417,4.253,4.248,,,4,msc_C8,msc_C8,mc,
worst,2048,fp32,8192,1,0.8501,21,15.029,13.62,15.01,13.625,8.09,7.376,16.738,15.148,24.611,21.489,13.258,11.943,13.088,11.956,11.032,9.619,5.685,4.719,11.962,11.212,1.001,1.858,0.898,0.611,1.134,1.148,1.362,2.644,1.256,1,ms_1cta,ms_1cta,plain,5.685
worst,2048,fp32,16384,1,0.8501,20,15.696,14.23,15.688,14.241,12.594,11.816,20.95,18.291,27.781,24.669,21.891,17.904,22.038,18.003,12.949,11.46,8.354,7.091,11.79,10.79,1.001,1.246,0.749,0.565,0.717,0.712,1.212,1.879,1.331,1,ms_1cta,ms_1cta,plain,8.354
worst,2048,fp32,32768,1,0.8501,22,17.246,15.389,17.086,15.397,19.622,18.852,30.099,25.528,43.885,39.287,23.102,19.009,24.432,19.03,16.48,14.92,12.405,10.25,11.456,10.737,1.009,0.879,0.573,0.393,0.747,0.706,1.047,1.39,1.505,1,ms_1cta,ms_1cta,plain,12.405
worst,2048,fp32,65536,1,0.8501,41,31.986,29.818,25.403,23.711,19.43,18.803,46.989,37.985,45.267,40.194,24.867,22.816,25.198,22.915,15.811,13.764,9.693,8.406,12.717,11.698,1.259,1.646,0.681,0.707,1.286,1.269,2.023,3.3,2.515,4,msc_C4,msc_C4,mc,9.693
worst,2048,fp32,131072,1,0.8501,21,38.555,36.263,23.72,22.218,19.837,19.126,76.186,59.612,49.411,43.339,25.227,23.06,25.762,23.138,16.363,14.824,13.334,11.559,16.07,14.44,1.625,1.944,0.506,0.78,1.528,1.497,2.356,2.891,2.399,4,msc_C4,msc_C4,mc,13.334
worst,2048,fp32,262144,1,0.8501,21,57.995,54.721,30.318,28.639,19.646,18.883,132.398,98.91,55.361,48.06,26.038,23.538,25.733,23.546,19.616,17.77,16.264,13.91,22.106,19.395,1.913,2.952,0.438,1.048,2.227,2.254,2.957,3.566,2.624,4,msc_C8,msc_C8,mc,16.264
worst,2048,fp32,524288,1,0.8501,41,85.654,80.624,35.582,33.252,19.642,18.685,243.856,177.328,70.286,59.444,33.018,30.606,32.851,30.599,25.674,23.558,21.84,18.045,29.176,24.228,2.407,4.361,0.351,1.219,2.594,2.607,3.336,3.922,2.936,4,msc_C8,msc_C8,mc,21.84
worst,2048,fp32,1048576,1,0.8501,40,157.942,149.692,55.208,51.693,20.491,19.204,465.174,333.779,97.733,78.413,44.902,42.388,44.914,42.395,37.515,34.924,32.883,26.067,44.653,35.591,2.861,7.708,0.34,1.616,3.517,3.517,4.21,4.803,3.537,4,msc_C8,msc_C8,mc,32.883
