batch,family,scen,K,isl,N,BS,off_us,on_us,ratio
synth_best_seqlen_K1024_fp32,synth,best,1024,,4096,1,9.536,9.379,1.0167
synth_best_seqlen_K1024_fp32,synth,best,1024,,8192,1,10.146,10.28,0.9869
synth_best_seqlen_K1024_fp32,synth,best,1024,,16384,1,11.058,11.17,0.99
synth_best_seqlen_K1024_fp32,synth,best,1024,,32768,1,12.398,12.538,0.9889
synth_best_seqlen_K1024_fp32,synth,best,1024,,65536,1,14.59,14.712,0.9917
synth_best_seqlen_K1024_fp32,synth,best,1024,,131072,1,14.971,15.171,0.9868
synth_best_seqlen_K1024_fp32,synth,best,1024,,262144,1,17.333,17.528,0.9889
synth_best_seqlen_K1024_fp32,synth,best,1024,,524288,1,20.627,20.304,1.0159
synth_best_seqlen_K1024_fp32,synth,best,1024,,1048576,1,27.379,26.896,1.018
synth_best_seqlen_K2048_fp32,synth,best,2048,,8192,1,10.299,10.424,0.988
synth_best_seqlen_K2048_fp32,synth,best,2048,,16384,1,11.675,11.853,0.985
synth_best_seqlen_K2048_fp32,synth,best,2048,,32768,1,13.827,13.979,0.9891
synth_best_seqlen_K2048_fp32,synth,best,2048,,65536,1,15.445,15.584,0.9911
synth_best_seqlen_K2048_fp32,synth,best,2048,,131072,1,16.758,17.061,0.9823
synth_best_seqlen_K2048_fp32,synth,best,2048,,262144,1,19.157,19.307,0.9922
synth_best_seqlen_K2048_fp32,synth,best,2048,,524288,1,22.915,23.384,0.98
synth_best_seqlen_K2048_fp32,synth,best,2048,,1048576,1,30.21,30.406,0.9935
synth_worst_seqlen_K1024_fp32,synth,worst,1024,,4096,1,9.03,8.982,1.0053
synth_worst_seqlen_K1024_fp32,synth,worst,1024,,8192,1,9.901,10.054,0.9847
synth_worst_seqlen_K1024_fp32,synth,worst,1024,,16384,1,10.826,11.006,0.9836
synth_worst_seqlen_K1024_fp32,synth,worst,1024,,32768,1,12.317,12.56,0.9806
synth_worst_seqlen_K1024_fp32,synth,worst,1024,,65536,1,14.766,14.974,0.9861
synth_worst_seqlen_K1024_fp32,synth,worst,1024,,131072,1,15.238,15.389,0.9902
synth_worst_seqlen_K1024_fp32,synth,worst,1024,,262144,1,17.632,17.758,0.9929
synth_worst_seqlen_K1024_fp32,synth,worst,1024,,524288,1,21.03,20.656,1.0181
synth_worst_seqlen_K1024_fp32,synth,worst,1024,,1048576,1,27.878,27.13,1.0276
synth_worst_seqlen_K2048_fp32,synth,worst,2048,,8192,1,10.747,10.862,0.9894
synth_worst_seqlen_K2048_fp32,synth,worst,2048,,16384,1,11.877,12.064,0.9845
synth_worst_seqlen_K2048_fp32,synth,worst,2048,,32768,1,14.474,14.626,0.9896
synth_worst_seqlen_K2048_fp32,synth,worst,2048,,65536,1,15.93,16.187,0.9841
synth_worst_seqlen_K2048_fp32,synth,worst,2048,,131072,1,16.938,17.229,0.9831
synth_worst_seqlen_K2048_fp32,synth,worst,2048,,262144,1,20.034,20.259,0.9889
synth_worst_seqlen_K2048_fp32,synth,worst,2048,,524288,1,23.745,24.133,0.984
synth_worst_seqlen_K2048_fp32,synth,worst,2048,,1048576,1,30.474,30.645,0.9944
synth_best_bs_K1024_fp32,synth,best,1024,,4096,1,9.557,9.48,1.0081
synth_best_bs_K1024_fp32,synth,best,1024,,4096,2,9.365,9.346,1.0021
synth_best_bs_K1024_fp32,synth,best,1024,,4096,4,9.515,9.576,0.9937
synth_best_bs_K1024_fp32,synth,best,1024,,4096,8,9.272,9.494,0.9766
synth_best_bs_K1024_fp32,synth,best,1024,,4096,16,9.635,9.64,0.9995
synth_best_bs_K1024_fp32,synth,best,1024,,4096,32,9.832,9.96,0.9871
synth_best_bs_K1024_fp32,synth,best,1024,,4096,64,10.013,10.142,0.9872
synth_best_bs_K1024_fp32,synth,best,1024,,4096,128,10.378,10.531,0.9854
synth_best_bs_K1024_fp32,synth,best,1024,,4096,256,12.05,12.261,0.9828
synth_best_bs_K1024_fp32,synth,best,1024,,4096,512,21.952,22.101,0.9933
synth_best_bs_K1024_fp32,synth,best,1024,,4096,1024,39.219,39.77,0.9862
synth_best_bs_K1024_fp32,synth,best,1024,,8192,1,9.778,9.966,0.9811
synth_best_bs_K1024_fp32,synth,best,1024,,8192,2,9.802,9.917,0.9884
synth_best_bs_K1024_fp32,synth,best,1024,,8192,4,9.784,9.962,0.9822
synth_best_bs_K1024_fp32,synth,best,1024,,8192,8,10.067,10.222,0.9848
synth_best_bs_K1024_fp32,synth,best,1024,,8192,16,10.36,10.4,0.9962
synth_best_bs_K1024_fp32,synth,best,1024,,8192,32,10.49,10.606,0.989
synth_best_bs_K1024_fp32,synth,best,1024,,8192,64,10.747,10.874,0.9884
synth_best_bs_K1024_fp32,synth,best,1024,,8192,128,11.378,11.47,0.9919
synth_best_bs_K1024_fp32,synth,best,1024,,8192,256,13.666,13.733,0.9951
synth_best_bs_K1024_fp32,synth,best,1024,,8192,512,24.77,25.149,0.9849
synth_best_bs_K1024_fp32,synth,best,1024,,8192,1024,44.925,45.528,0.9867
synth_best_bs_K1024_fp32,synth,best,1024,,16384,1,10.869,10.93,0.9944
synth_best_bs_K1024_fp32,synth,best,1024,,16384,2,11.056,10.987,1.0063
synth_best_bs_K1024_fp32,synth,best,1024,,16384,4,10.842,10.995,0.986
synth_best_bs_K1024_fp32,synth,best,1024,,16384,8,11.15,11.192,0.9963
synth_best_bs_K1024_fp32,synth,best,1024,,16384,16,11.379,11.469,0.9922
synth_best_bs_K1024_fp32,synth,best,1024,,16384,32,11.621,11.787,0.9859
synth_best_bs_K1024_fp32,synth,best,1024,,16384,64,12.07,12.054,1.0013
synth_best_bs_K1024_fp32,synth,best,1024,,16384,128,12.907,13.04,0.9898
synth_best_bs_K1024_fp32,synth,best,1024,,16384,256,15.974,16.006,0.998
synth_best_bs_K1024_fp32,synth,best,1024,,16384,512,29.546,29.467,1.0027
synth_best_bs_K1024_fp32,synth,best,1024,,16384,1024,51.926,52.05,0.9976
synth_best_bs_K1024_fp32,synth,best,1024,,32768,1,12.184,12.35,0.9865
synth_best_bs_K1024_fp32,synth,best,1024,,32768,2,12.224,12.474,0.98
synth_best_bs_K1024_fp32,synth,best,1024,,32768,4,12.51,12.594,0.9934
synth_best_bs_K1024_fp32,synth,best,1024,,32768,8,12.582,12.494,1.007
synth_best_bs_K1024_fp32,synth,best,1024,,32768,16,12.861,12.944,0.9936
synth_best_bs_K1024_fp32,synth,best,1024,,32768,32,13.186,13.28,0.9929
synth_best_bs_K1024_fp32,synth,best,1024,,32768,64,13.784,13.872,0.9937
synth_best_bs_K1024_fp32,synth,best,1024,,32768,128,14.888,14.96,0.9952
synth_best_bs_K1024_fp32,synth,best,1024,,32768,256,20.266,20.28,0.9993
synth_best_bs_K1024_fp32,synth,best,1024,,32768,512,38.053,38.01,1.0011
synth_best_bs_K1024_fp32,synth,best,1024,,32768,1024,64.522,64.718,0.997
synth_best_bs_K1024_fp32,synth,best,1024,,65536,1,14.366,14.528,0.9889
synth_best_bs_K1024_fp32,synth,best,1024,,65536,2,14.664,14.677,0.9991
synth_best_bs_K1024_fp32,synth,best,1024,,65536,4,15.026,15.205,0.9882
synth_best_bs_K1024_fp32,synth,best,1024,,65536,8,15.136,15.358,0.9855
synth_best_bs_K1024_fp32,synth,best,1024,,65536,16,15.632,15.842,0.9868
synth_best_bs_K1024_fp32,synth,best,1024,,65536,32,16.554,16.674,0.9928
synth_best_bs_K1024_fp32,synth,best,1024,,65536,64,18.81,18.987,0.9906
synth_best_bs_K1024_fp32,synth,best,1024,,65536,128,21.342,21.496,0.9929
synth_best_bs_K1024_fp32,synth,best,1024,,65536,256,32.269,32.098,1.0053
synth_best_bs_K1024_fp32,synth,best,1024,,65536,512,61.174,60.805,1.0061
synth_best_bs_K1024_fp32,synth,best,1024,,65536,1024,100.411,100.531,0.9988
synth_best_bs_K1024_fp32,synth,best,1024,,131072,1,14.957,15.165,0.9863
synth_best_bs_K1024_fp32,synth,best,1024,,131072,2,15.066,15.198,0.9913
synth_best_bs_K1024_fp32,synth,best,1024,,131072,4,15.379,15.414,0.9977
synth_best_bs_K1024_fp32,synth,best,1024,,131072,8,17.029,17.192,0.9905
synth_best_bs_K1024_fp32,synth,best,1024,,131072,16,17.277,17.448,0.9902
synth_best_bs_K1024_fp32,synth,best,1024,,131072,32,18.757,18.891,0.9929
synth_best_bs_K1024_fp32,synth,best,1024,,131072,64,23.285,23.286,0.9999
synth_best_bs_K1024_fp32,synth,best,1024,,131072,128,33.238,33.333,0.9972
synth_best_bs_K1024_fp32,synth,best,1024,,131072,256,62.12,61.899,1.0036
synth_best_bs_K1024_fp32,synth,best,1024,,131072,512,111.526,110.528,1.009
synth_best_bs_K1024_fp32,synth,best,1024,,131072,1024,201.475,199.128,1.0118
synth_best_bs_K1024_fp32,synth,best,1024,,262144,1,17.341,17.502,0.9908
synth_best_bs_K1024_fp32,synth,best,1024,,262144,2,17.384,17.778,0.9779
synth_best_bs_K1024_fp32,synth,best,1024,,262144,4,18.128,18.312,0.99
synth_best_bs_K1024_fp32,synth,best,1024,,262144,8,20.091,20.189,0.9952
synth_best_bs_K1024_fp32,synth,best,1024,,262144,16,20.995,21.054,0.9972
synth_best_bs_K1024_fp32,synth,best,1024,,262144,32,24.046,24.171,0.9948
synth_best_bs_K1024_fp32,synth,best,1024,,262144,64,36.029,36.054,0.9993
synth_best_bs_K1024_fp32,synth,best,1024,,262144,128,63.01,63.466,0.9928
synth_best_bs_K1024_fp32,synth,best,1024,,262144,256,107.418,106.243,1.0111
synth_best_bs_K1024_fp32,synth,best,1024,,262144,512,197.52,195.931,1.0081
synth_best_bs_K1024_fp32,synth,best,1024,,262144,1024,373.229,369.24,1.0108
synth_best_bs_K1024_fp32,synth,best,1024,,524288,1,20.226,20.158,1.0033
synth_best_bs_K1024_fp32,synth,best,1024,,524288,2,20.818,20.333,1.0238
synth_best_bs_K1024_fp32,synth,best,1024,,524288,4,21.206,20.962,1.0117
synth_best_bs_K1024_fp32,synth,best,1024,,524288,8,26.504,26.898,0.9854
synth_best_bs_K1024_fp32,synth,best,1024,,524288,16,27.869,27.986,0.9958
synth_best_bs_K1024_fp32,synth,best,1024,,524288,32,37.219,36.995,1.0061
synth_best_bs_K1024_fp32,synth,best,1024,,524288,64,65.186,65.11,1.0012
synth_best_bs_K1024_fp32,synth,best,1024,,524288,128,107.466,108.098,0.9942
synth_best_bs_K1024_fp32,synth,best,1024,,524288,256,197.803,196.526,1.0065
synth_best_bs_K1024_fp32,synth,best,1024,,524288,512,363.952,361.883,1.0057
synth_best_bs_K1024_fp32,synth,best,1024,,524288,1024,703.661,698.168,1.0079
synth_best_bs_K1024_fp32,synth,best,1024,,1048576,1,27.213,26.856,1.0133
synth_best_bs_K1024_fp32,synth,best,1024,,1048576,2,28.021,27.229,1.0291
synth_best_bs_K1024_fp32,synth,best,1024,,1048576,4,28.373,27.861,1.0184
synth_best_bs_K1024_fp32,synth,best,1024,,1048576,8,39.166,39.322,0.9961
synth_best_bs_K1024_fp32,synth,best,1024,,1048576,16,44.805,44.939,0.997
synth_best_bs_K1024_fp32,synth,best,1024,,1048576,32,65.738,65.934,0.997
synth_best_bs_K1024_fp32,synth,best,1024,,1048576,64,109.637,109.954,0.9971
synth_best_bs_K1024_fp32,synth,best,1024,,1048576,128,197.654,197.966,0.9984
synth_best_bs_K1024_fp32,synth,best,1024,,1048576,256,364.174,363.882,1.0008
synth_best_bs_K1024_fp32,synth,best,1024,,1048576,512,685.877,684.613,1.0018
synth_best_bs_K1024_fp32,synth,best,1024,,1048576,1024,1352.813,1348.946,1.0029
synth_best_bs_K2048_fp32,synth,best,2048,,8192,1,10.342,10.48,0.9869
synth_best_bs_K2048_fp32,synth,best,2048,,8192,2,10.373,10.25,1.012
synth_best_bs_K2048_fp32,synth,best,2048,,8192,4,10.197,10.322,0.9879
synth_best_bs_K2048_fp32,synth,best,2048,,8192,8,10.416,10.554,0.987
synth_best_bs_K2048_fp32,synth,best,2048,,8192,16,10.626,10.795,0.9843
synth_best_bs_K2048_fp32,synth,best,2048,,8192,32,10.838,10.918,0.9927
synth_best_bs_K2048_fp32,synth,best,2048,,8192,64,11.082,11.186,0.9907
synth_best_bs_K2048_fp32,synth,best,2048,,8192,128,11.65,11.864,0.9819
synth_best_bs_K2048_fp32,synth,best,2048,,8192,256,14.712,14.694,1.0012
synth_best_bs_K2048_fp32,synth,best,2048,,8192,512,26.962,27.184,0.9918
synth_best_bs_K2048_fp32,synth,best,2048,,8192,1024,49.39,49.826,0.9913
synth_best_bs_K2048_fp32,synth,best,2048,,16384,1,11.63,11.803,0.9854
synth_best_bs_K2048_fp32,synth,best,2048,,16384,2,11.754,11.67,1.0071
synth_best_bs_K2048_fp32,synth,best,2048,,16384,4,11.678,11.843,0.9861
synth_best_bs_K2048_fp32,synth,best,2048,,16384,8,11.586,11.702,0.99
synth_best_bs_K2048_fp32,synth,best,2048,,16384,16,11.982,12.056,0.9939
synth_best_bs_K2048_fp32,synth,best,2048,,16384,32,12.35,12.414,0.9948
synth_best_bs_K2048_fp32,synth,best,2048,,16384,64,12.701,12.829,0.99
synth_best_bs_K2048_fp32,synth,best,2048,,16384,128,13.539,13.698,0.9884
synth_best_bs_K2048_fp32,synth,best,2048,,16384,256,17.43,17.44,0.9994
synth_best_bs_K2048_fp32,synth,best,2048,,16384,512,32.686,32.853,0.9949
synth_best_bs_K2048_fp32,synth,best,2048,,16384,1024,58.944,59.36,0.993
synth_best_bs_K2048_fp32,synth,best,2048,,32768,1,13.842,13.915,0.9947
synth_best_bs_K2048_fp32,synth,best,2048,,32768,2,13.77,13.883,0.9918
synth_best_bs_K2048_fp32,synth,best,2048,,32768,4,13.643,13.819,0.9873
synth_best_bs_K2048_fp32,synth,best,2048,,32768,8,13.918,14.058,0.9901
synth_best_bs_K2048_fp32,synth,best,2048,,32768,16,14.253,14.357,0.9928
synth_best_bs_K2048_fp32,synth,best,2048,,32768,32,14.634,14.779,0.9901
synth_best_bs_K2048_fp32,synth,best,2048,,32768,64,15.494,15.53,0.9977
synth_best_bs_K2048_fp32,synth,best,2048,,32768,128,16.315,16.4,0.9948
synth_best_bs_K2048_fp32,synth,best,2048,,32768,256,23.194,23.355,0.9931
synth_best_bs_K2048_fp32,synth,best,2048,,32768,512,43.629,44.083,0.9897
synth_best_bs_K2048_fp32,synth,best,2048,,32768,1024,73.546,75.925,0.9687
synth_best_bs_K2048_fp32,synth,best,2048,,65536,1,15.184,15.445,0.9831
synth_best_bs_K2048_fp32,synth,best,2048,,65536,2,15.469,15.77,0.9809
synth_best_bs_K2048_fp32,synth,best,2048,,65536,4,15.862,16.04,0.9889
synth_best_bs_K2048_fp32,synth,best,2048,,65536,8,16.136,16.21,0.9955
synth_best_bs_K2048_fp32,synth,best,2048,,65536,16,16.485,16.709,0.9866
synth_best_bs_K2048_fp32,synth,best,2048,,65536,32,17.493,17.587,0.9946
synth_best_bs_K2048_fp32,synth,best,2048,,65536,64,20.422,20.691,0.987
synth_best_bs_K2048_fp32,synth,best,2048,,65536,128,21.917,21.931,0.9993
synth_best_bs_K2048_fp32,synth,best,2048,,65536,256,34.44,35.034,0.9831
synth_best_bs_K2048_fp32,synth,best,2048,,65536,512,66.331,67.054,0.9892
synth_best_bs_K2048_fp32,synth,best,2048,,65536,1024,107.613,110.058,0.9778
synth_best_bs_K2048_fp32,synth,best,2048,,131072,1,17.451,16.989,1.0272
synth_best_bs_K2048_fp32,synth,best,2048,,131072,2,17.506,16.947,1.0329
synth_best_bs_K2048_fp32,synth,best,2048,,131072,4,17.726,17.485,1.0138
synth_best_bs_K2048_fp32,synth,best,2048,,131072,8,18.958,19.208,0.987
synth_best_bs_K2048_fp32,synth,best,2048,,131072,16,19.541,19.779,0.9879
synth_best_bs_K2048_fp32,synth,best,2048,,131072,32,20.678,20.733,0.9974
synth_best_bs_K2048_fp32,synth,best,2048,,131072,64,24.907,24.946,0.9985
synth_best_bs_K2048_fp32,synth,best,2048,,131072,128,33.411,33.555,0.9957
synth_best_bs_K2048_fp32,synth,best,2048,,131072,256,65.448,65.947,0.9924
synth_best_bs_K2048_fp32,synth,best,2048,,131072,512,117.715,118.854,0.9904
synth_best_bs_K2048_fp32,synth,best,2048,,131072,1024,201.755,212.746,0.9483
synth_best_bs_K2048_fp32,synth,best,2048,,262144,1,20.086,19.355,1.0378
synth_best_bs_K2048_fp32,synth,best,2048,,262144,2,20.088,19.624,1.0236
synth_best_bs_K2048_fp32,synth,best,2048,,262144,4,20.518,20.053,1.0232
synth_best_bs_K2048_fp32,synth,best,2048,,262144,8,22.102,22.322,0.9902
synth_best_bs_K2048_fp32,synth,best,2048,,262144,16,22.582,22.85,0.9883
synth_best_bs_K2048_fp32,synth,best,2048,,262144,32,25.44,25.627,0.9927
synth_best_bs_K2048_fp32,synth,best,2048,,262144,64,37.747,37.221,1.0141
synth_best_bs_K2048_fp32,synth,best,2048,,262144,128,64.061,64.165,0.9984
synth_best_bs_K2048_fp32,synth,best,2048,,262144,256,112.915,112.438,1.0042
synth_best_bs_K2048_fp32,synth,best,2048,,262144,512,207.672,208.285,0.9971
synth_best_bs_K2048_fp32,synth,best,2048,,262144,1024,390.158,395.435,0.9867
synth_best_bs_K2048_fp32,synth,best,2048,,524288,1,22.699,22.952,0.989
synth_best_bs_K2048_fp32,synth,best,2048,,524288,2,22.925,23.15,0.9903
synth_best_bs_K2048_fp32,synth,best,2048,,524288,4,23.715,23.837,0.9949
synth_best_bs_K2048_fp32,synth,best,2048,,524288,8,29.355,29.664,0.9896
synth_best_bs_K2048_fp32,synth,best,2048,,524288,16,30.11,30.288,0.9941
synth_best_bs_K2048_fp32,synth,best,2048,,524288,32,37.742,38.122,0.9901
synth_best_bs_K2048_fp32,synth,best,2048,,524288,64,68.539,67.413,1.0167
synth_best_bs_K2048_fp32,synth,best,2048,,524288,128,108.802,109.184,0.9965
synth_best_bs_K2048_fp32,synth,best,2048,,524288,256,205.686,204.862,1.004
synth_best_bs_K2048_fp32,synth,best,2048,,524288,512,377.552,377.779,0.9994
synth_best_bs_K2048_fp32,synth,best,2048,,524288,1024,730.731,735.738,0.9932
synth_best_bs_K2048_fp32,synth,best,2048,,1048576,1,30.066,30.23,0.9945
synth_best_bs_K2048_fp32,synth,best,2048,,1048576,2,30.338,30.352,0.9995
synth_best_bs_K2048_fp32,synth,best,2048,,1048576,4,30.965,31.086,0.9961
synth_best_bs_K2048_fp32,synth,best,2048,,1048576,8,43.707,44.022,0.9928
synth_best_bs_K2048_fp32,synth,best,2048,,1048576,16,47.344,47.79,0.9907
synth_best_bs_K2048_fp32,synth,best,2048,,1048576,32,67.467,67.934,0.9931
synth_best_bs_K2048_fp32,synth,best,2048,,1048576,64,112.835,111.8,1.0093
synth_best_bs_K2048_fp32,synth,best,2048,,1048576,128,197.907,198.143,0.9988
synth_best_bs_K2048_fp32,synth,best,2048,,1048576,256,374.288,371.896,1.0064
synth_best_bs_K2048_fp32,synth,best,2048,,1048576,512,704.907,704.927,1.0
synth_best_bs_K2048_fp32,synth,best,2048,,1048576,1024,1401.666,1406.219,0.9968
synth_worst_bs_K1024_fp32,synth,worst,1024,,4096,1,9.106,9.024,1.009
synth_worst_bs_K1024_fp32,synth,worst,1024,,4096,2,8.995,8.915,1.009
synth_worst_bs_K1024_fp32,synth,worst,1024,,4096,4,9.013,9.138,0.9863
synth_worst_bs_K1024_fp32,synth,worst,1024,,4096,8,8.936,9.115,0.9803
synth_worst_bs_K1024_fp32,synth,worst,1024,,4096,16,9.291,9.37,0.9916
synth_worst_bs_K1024_fp32,synth,worst,1024,,4096,32,9.437,9.614,0.9815
synth_worst_bs_K1024_fp32,synth,worst,1024,,4096,64,9.672,9.738,0.9933
synth_worst_bs_K1024_fp32,synth,worst,1024,,4096,128,10.099,10.181,0.992
synth_worst_bs_K1024_fp32,synth,worst,1024,,4096,256,11.794,12.104,0.9744
synth_worst_bs_K1024_fp32,synth,worst,1024,,4096,512,21.63,21.853,0.9898
synth_worst_bs_K1024_fp32,synth,worst,1024,,4096,1024,38.488,39.297,0.9794
synth_worst_bs_K1024_fp32,synth,worst,1024,,8192,1,9.64,9.701,0.9937
synth_worst_bs_K1024_fp32,synth,worst,1024,,8192,2,9.552,9.747,0.98
synth_worst_bs_K1024_fp32,synth,worst,1024,,8192,4,9.73,9.931,0.9797
synth_worst_bs_K1024_fp32,synth,worst,1024,,8192,8,10.003,10.158,0.9847
synth_worst_bs_K1024_fp32,synth,worst,1024,,8192,16,10.256,10.397,0.9865
synth_worst_bs_K1024_fp32,synth,worst,1024,,8192,32,10.459,10.635,0.9835
synth_worst_bs_K1024_fp32,synth,worst,1024,,8192,64,10.73,10.76,0.9972
synth_worst_bs_K1024_fp32,synth,worst,1024,,8192,128,11.293,11.39,0.9914
synth_worst_bs_K1024_fp32,synth,worst,1024,,8192,256,13.696,13.77,0.9947
synth_worst_bs_K1024_fp32,synth,worst,1024,,8192,512,24.819,25.198,0.985
synth_worst_bs_K1024_fp32,synth,worst,1024,,8192,1024,44.997,45.745,0.9836
synth_worst_bs_K1024_fp32,synth,worst,1024,,16384,1,10.635,10.805,0.9843
synth_worst_bs_K1024_fp32,synth,worst,1024,,16384,2,10.806,10.726,1.0075
synth_worst_bs_K1024_fp32,synth,worst,1024,,16384,4,10.843,11.003,0.9855
synth_worst_bs_K1024_fp32,synth,worst,1024,,16384,8,11.043,11.131,0.9921
synth_worst_bs_K1024_fp32,synth,worst,1024,,16384,16,11.187,11.43,0.9787
synth_worst_bs_K1024_fp32,synth,worst,1024,,16384,32,11.555,11.845,0.9755
synth_worst_bs_K1024_fp32,synth,worst,1024,,16384,64,11.893,12.062,0.9859
synth_worst_bs_K1024_fp32,synth,worst,1024,,16384,128,12.837,12.862,0.998
synth_worst_bs_K1024_fp32,synth,worst,1024,,16384,256,15.835,15.79,1.0028
synth_worst_bs_K1024_fp32,synth,worst,1024,,16384,512,29.229,29.08,1.0051
synth_worst_bs_K1024_fp32,synth,worst,1024,,16384,1024,51.643,51.819,0.9966
synth_worst_bs_K1024_fp32,synth,worst,1024,,32768,1,12.139,12.27,0.9893
synth_worst_bs_K1024_fp32,synth,worst,1024,,32768,2,12.181,12.573,0.9688
synth_worst_bs_K1024_fp32,synth,worst,1024,,32768,4,12.576,12.715,0.9891
synth_worst_bs_K1024_fp32,synth,worst,1024,,32768,8,12.683,12.699,0.9987
synth_worst_bs_K1024_fp32,synth,worst,1024,,32768,16,13.035,13.035,1.0
synth_worst_bs_K1024_fp32,synth,worst,1024,,32768,32,13.352,13.446,0.993
synth_worst_bs_K1024_fp32,synth,worst,1024,,32768,64,13.941,14.053,0.992
synth_worst_bs_K1024_fp32,synth,worst,1024,,32768,128,14.934,15.061,0.9916
synth_worst_bs_K1024_fp32,synth,worst,1024,,32768,256,20.307,20.23,1.0038
synth_worst_bs_K1024_fp32,synth,worst,1024,,32768,512,38.064,37.806,1.0068
synth_worst_bs_K1024_fp32,synth,worst,1024,,32768,1024,64.056,64.141,0.9987
synth_worst_bs_K1024_fp32,synth,worst,1024,,65536,1,14.52,14.749,0.9845
synth_worst_bs_K1024_fp32,synth,worst,1024,,65536,2,14.867,14.84,1.0018
synth_worst_bs_K1024_fp32,synth,worst,1024,,65536,4,15.227,15.397,0.989
synth_worst_bs_K1024_fp32,synth,worst,1024,,65536,8,15.414,15.594,0.9885
synth_worst_bs_K1024_fp32,synth,worst,1024,,65536,16,15.789,16.0,0.9868
synth_worst_bs_K1024_fp32,synth,worst,1024,,65536,32,16.762,16.946,0.9891
synth_worst_bs_K1024_fp32,synth,worst,1024,,65536,64,18.851,18.973,0.9936
synth_worst_bs_K1024_fp32,synth,worst,1024,,65536,128,21.15,21.346,0.9909
synth_worst_bs_K1024_fp32,synth,worst,1024,,65536,256,32.606,32.427,1.0055
synth_worst_bs_K1024_fp32,synth,worst,1024,,65536,512,62.129,61.853,1.0045
synth_worst_bs_K1024_fp32,synth,worst,1024,,65536,1024,101.462,100.781,1.0068
synth_worst_bs_K1024_fp32,synth,worst,1024,,131072,1,15.238,15.39,0.9901
synth_worst_bs_K1024_fp32,synth,worst,1024,,131072,2,15.31,15.456,0.9906
synth_worst_bs_K1024_fp32,synth,worst,1024,,131072,4,15.451,15.662,0.9865
synth_worst_bs_K1024_fp32,synth,worst,1024,,131072,8,17.149,17.323,0.9899
synth_worst_bs_K1024_fp32,synth,worst,1024,,131072,16,17.402,17.634,0.9868
synth_worst_bs_K1024_fp32,synth,worst,1024,,131072,32,18.894,19.075,0.9905
synth_worst_bs_K1024_fp32,synth,worst,1024,,131072,64,23.331,23.297,1.0014
synth_worst_bs_K1024_fp32,synth,worst,1024,,131072,128,33.246,33.547,0.991
synth_worst_bs_K1024_fp32,synth,worst,1024,,131072,256,63.029,62.712,1.0051
synth_worst_bs_K1024_fp32,synth,worst,1024,,131072,512,112.733,111.489,1.0112
synth_worst_bs_K1024_fp32,synth,worst,1024,,131072,1024,203.463,201.463,1.0099
synth_worst_bs_K1024_fp32,synth,worst,1024,,262144,1,17.619,17.818,0.9889
synth_worst_bs_K1024_fp32,synth,worst,1024,,262144,2,17.602,17.896,0.9835
synth_worst_bs_K1024_fp32,synth,worst,1024,,262144,4,18.309,18.507,0.9893
synth_worst_bs_K1024_fp32,synth,worst,1024,,262144,8,20.259,20.307,0.9976
synth_worst_bs_K1024_fp32,synth,worst,1024,,262144,16,21.114,21.15,0.9983
synth_worst_bs_K1024_fp32,synth,worst,1024,,262144,32,24.19,24.226,0.9986
synth_worst_bs_K1024_fp32,synth,worst,1024,,262144,64,36.253,36.2,1.0015
synth_worst_bs_K1024_fp32,synth,worst,1024,,262144,128,63.141,63.547,0.9936
synth_worst_bs_K1024_fp32,synth,worst,1024,,262144,256,107.905,107.497,1.0038
synth_worst_bs_K1024_fp32,synth,worst,1024,,262144,512,198.436,196.931,1.0076
synth_worst_bs_K1024_fp32,synth,worst,1024,,262144,1024,374.276,370.751,1.0095
synth_worst_bs_K1024_fp32,synth,worst,1024,,524288,1,20.653,20.53,1.006
synth_worst_bs_K1024_fp32,synth,worst,1024,,524288,2,21.363,20.637,1.0352
synth_worst_bs_K1024_fp32,synth,worst,1024,,524288,4,21.749,21.352,1.0186
synth_worst_bs_K1024_fp32,synth,worst,1024,,524288,8,26.714,27.026,0.9885
synth_worst_bs_K1024_fp32,synth,worst,1024,,524288,16,28.133,28.256,0.9956
synth_worst_bs_K1024_fp32,synth,worst,1024,,524288,32,37.278,37.237,1.0011
synth_worst_bs_K1024_fp32,synth,worst,1024,,524288,64,65.648,65.624,1.0004
synth_worst_bs_K1024_fp32,synth,worst,1024,,524288,128,107.781,108.1,0.997
synth_worst_bs_K1024_fp32,synth,worst,1024,,524288,256,199.3,197.827,1.0074
synth_worst_bs_K1024_fp32,synth,worst,1024,,524288,512,365.332,363.191,1.0059
synth_worst_bs_K1024_fp32,synth,worst,1024,,524288,1024,704.974,700.27,1.0067
synth_worst_bs_K1024_fp32,synth,worst,1024,,1048576,1,27.878,27.125,1.0278
synth_worst_bs_K1024_fp32,synth,worst,1024,,1048576,2,27.866,27.258,1.0223
synth_worst_bs_K1024_fp32,synth,worst,1024,,1048576,4,28.483,27.971,1.0183
synth_worst_bs_K1024_fp32,synth,worst,1024,,1048576,8,39.293,39.358,0.9983
synth_worst_bs_K1024_fp32,synth,worst,1024,,1048576,16,44.794,44.95,0.9965
synth_worst_bs_K1024_fp32,synth,worst,1024,,1048576,32,65.801,66.141,0.9949
synth_worst_bs_K1024_fp32,synth,worst,1024,,1048576,64,109.756,110.014,0.9977
synth_worst_bs_K1024_fp32,synth,worst,1024,,1048576,128,198.123,198.545,0.9979
synth_worst_bs_K1024_fp32,synth,worst,1024,,1048576,256,365.549,365.191,1.001
synth_worst_bs_K1024_fp32,synth,worst,1024,,1048576,512,686.526,684.115,1.0035
synth_worst_bs_K1024_fp32,synth,worst,1024,,1048576,1024,1361.878,1359.284,1.0019
synth_worst_bs_K2048_fp32,synth,worst,2048,,8192,1,10.685,10.875,0.9825
synth_worst_bs_K2048_fp32,synth,worst,2048,,8192,2,10.669,10.624,1.0042
synth_worst_bs_K2048_fp32,synth,worst,2048,,8192,4,10.56,10.757,0.9817
synth_worst_bs_K2048_fp32,synth,worst,2048,,8192,8,10.827,11.054,0.9795
synth_worst_bs_K2048_fp32,synth,worst,2048,,8192,16,11.082,11.243,0.9856
synth_worst_bs_K2048_fp32,synth,worst,2048,,8192,32,11.21,11.35,0.9876
synth_worst_bs_K2048_fp32,synth,worst,2048,,8192,64,11.494,11.675,0.9845
synth_worst_bs_K2048_fp32,synth,worst,2048,,8192,128,12.088,12.322,0.981
synth_worst_bs_K2048_fp32,synth,worst,2048,,8192,256,15.382,15.414,0.9979
synth_worst_bs_K2048_fp32,synth,worst,2048,,8192,512,28.243,28.549,0.9893
synth_worst_bs_K2048_fp32,synth,worst,2048,,8192,1024,51.369,52.485,0.9788
synth_worst_bs_K2048_fp32,synth,worst,2048,,16384,1,11.784,11.989,0.9829
synth_worst_bs_K2048_fp32,synth,worst,2048,,16384,2,11.931,11.803,1.0108
synth_worst_bs_K2048_fp32,synth,worst,2048,,16384,4,12.029,12.259,0.9812
synth_worst_bs_K2048_fp32,synth,worst,2048,,16384,8,11.867,12.085,0.982
synth_worst_bs_K2048_fp32,synth,worst,2048,,16384,16,12.342,12.464,0.9902
synth_worst_bs_K2048_fp32,synth,worst,2048,,16384,32,12.584,12.778,0.9849
synth_worst_bs_K2048_fp32,synth,worst,2048,,16384,64,12.986,13.174,0.9857
synth_worst_bs_K2048_fp32,synth,worst,2048,,16384,128,13.818,14.002,0.9869
synth_worst_bs_K2048_fp32,synth,worst,2048,,16384,256,18.254,18.344,0.9951
synth_worst_bs_K2048_fp32,synth,worst,2048,,16384,512,34.179,34.384,0.994
synth_worst_bs_K2048_fp32,synth,worst,2048,,16384,1024,61.374,62.097,0.9884
synth_worst_bs_K2048_fp32,synth,worst,2048,,32768,1,14.282,14.461,0.9876
synth_worst_bs_K2048_fp32,synth,worst,2048,,32768,2,14.314,14.547,0.9839
synth_worst_bs_K2048_fp32,synth,worst,2048,,32768,4,14.309,14.518,0.9856
synth_worst_bs_K2048_fp32,synth,worst,2048,,32768,8,14.664,14.845,0.9878
synth_worst_bs_K2048_fp32,synth,worst,2048,,32768,16,14.866,15.147,0.9814
synth_worst_bs_K2048_fp32,synth,worst,2048,,32768,32,15.264,15.408,0.9907
synth_worst_bs_K2048_fp32,synth,worst,2048,,32768,64,15.997,16.171,0.9892
synth_worst_bs_K2048_fp32,synth,worst,2048,,32768,128,17.403,17.558,0.9912
synth_worst_bs_K2048_fp32,synth,worst,2048,,32768,256,26.374,26.342,1.0012
synth_worst_bs_K2048_fp32,synth,worst,2048,,32768,512,48.659,48.84,0.9963
synth_worst_bs_K2048_fp32,synth,worst,2048,,32768,1024,82.992,83.963,0.9884
synth_worst_bs_K2048_fp32,synth,worst,2048,,65536,1,15.744,15.998,0.9841
synth_worst_bs_K2048_fp32,synth,worst,2048,,65536,2,15.923,16.378,0.9723
synth_worst_bs_K2048_fp32,synth,worst,2048,,65536,4,16.349,16.731,0.9771
synth_worst_bs_K2048_fp32,synth,worst,2048,,65536,8,16.64,16.918,0.9835
synth_worst_bs_K2048_fp32,synth,worst,2048,,65536,16,17.016,17.21,0.9887
synth_worst_bs_K2048_fp32,synth,worst,2048,,65536,32,17.958,18.264,0.9833
synth_worst_bs_K2048_fp32,synth,worst,2048,,65536,64,20.254,20.538,0.9862
synth_worst_bs_K2048_fp32,synth,worst,2048,,65536,128,21.885,21.978,0.9958
synth_worst_bs_K2048_fp32,synth,worst,2048,,65536,256,34.827,35.731,0.9747
synth_worst_bs_K2048_fp32,synth,worst,2048,,65536,512,66.92,68.045,0.9835
synth_worst_bs_K2048_fp32,synth,worst,2048,,65536,1024,108.584,111.044,0.9778
synth_worst_bs_K2048_fp32,synth,worst,2048,,131072,1,17.762,17.262,1.0289
synth_worst_bs_K2048_fp32,synth,worst,2048,,131072,2,17.715,17.146,1.0332
synth_worst_bs_K2048_fp32,synth,worst,2048,,131072,4,18.027,17.669,1.0203
synth_worst_bs_K2048_fp32,synth,worst,2048,,131072,8,19.363,19.648,0.9855
synth_worst_bs_K2048_fp32,synth,worst,2048,,131072,16,19.845,20.262,0.9794
synth_worst_bs_K2048_fp32,synth,worst,2048,,131072,32,20.869,21.067,0.9906
synth_worst_bs_K2048_fp32,synth,worst,2048,,131072,64,25.061,24.91,1.006
synth_worst_bs_K2048_fp32,synth,worst,2048,,131072,128,34.187,34.149,1.0011
synth_worst_bs_K2048_fp32,synth,worst,2048,,131072,256,70.425,71.169,0.9895
synth_worst_bs_K2048_fp32,synth,worst,2048,,131072,512,126.304,127.886,0.9876
synth_worst_bs_K2048_fp32,synth,worst,2048,,131072,1024,215.43,221.489,0.9726
synth_worst_bs_K2048_fp32,synth,worst,2048,,262144,1,20.757,20.272,1.0239
synth_worst_bs_K2048_fp32,synth,worst,2048,,262144,2,20.763,20.43,1.0163
synth_worst_bs_K2048_fp32,synth,worst,2048,,262144,4,21.235,20.974,1.0124
synth_worst_bs_K2048_fp32,synth,worst,2048,,262144,8,22.958,23.165,0.9911
synth_worst_bs_K2048_fp32,synth,worst,2048,,262144,16,23.525,23.813,0.9879
synth_worst_bs_K2048_fp32,synth,worst,2048,,262144,32,25.803,25.918,0.9956
synth_worst_bs_K2048_fp32,synth,worst,2048,,262144,64,37.787,37.625,1.0043
synth_worst_bs_K2048_fp32,synth,worst,2048,,262144,128,66.15,66.285,0.998
synth_worst_bs_K2048_fp32,synth,worst,2048,,262144,256,120.006,120.865,0.9929
synth_worst_bs_K2048_fp32,synth,worst,2048,,262144,512,219.105,220.267,0.9947
synth_worst_bs_K2048_fp32,synth,worst,2048,,262144,1024,410.226,415.191,0.988
synth_worst_bs_K2048_fp32,synth,worst,2048,,524288,1,23.517,23.706,0.992
synth_worst_bs_K2048_fp32,synth,worst,2048,,524288,2,23.646,23.72,0.9969
synth_worst_bs_K2048_fp32,synth,worst,2048,,524288,4,24.397,24.546,0.9939
synth_worst_bs_K2048_fp32,synth,worst,2048,,524288,8,30.197,30.565,0.988
synth_worst_bs_K2048_fp32,synth,worst,2048,,524288,16,31.008,31.185,0.9943
synth_worst_bs_K2048_fp32,synth,worst,2048,,524288,32,38.493,38.976,0.9876
synth_worst_bs_K2048_fp32,synth,worst,2048,,524288,64,69.214,68.235,1.0144
synth_worst_bs_K2048_fp32,synth,worst,2048,,524288,128,110.406,110.531,0.9989
synth_worst_bs_K2048_fp32,synth,worst,2048,,524288,256,208.785,208.139,1.0031
synth_worst_bs_K2048_fp32,synth,worst,2048,,524288,512,382.084,382.164,0.9998
synth_worst_bs_K2048_fp32,synth,worst,2048,,524288,1024,739.294,742.473,0.9957
synth_worst_bs_K2048_fp32,synth,worst,2048,,1048576,1,30.361,30.464,0.9966
synth_worst_bs_K2048_fp32,synth,worst,2048,,1048576,2,30.598,30.497,1.0033
synth_worst_bs_K2048_fp32,synth,worst,2048,,1048576,4,31.123,31.326,0.9935
synth_worst_bs_K2048_fp32,synth,worst,2048,,1048576,8,44.214,44.494,0.9937
synth_worst_bs_K2048_fp32,synth,worst,2048,,1048576,16,47.669,48.285,0.9872
synth_worst_bs_K2048_fp32,synth,worst,2048,,1048576,32,67.888,68.315,0.9937
synth_worst_bs_K2048_fp32,synth,worst,2048,,1048576,64,113.484,112.238,1.0111
synth_worst_bs_K2048_fp32,synth,worst,2048,,1048576,128,201.644,201.711,0.9997
synth_worst_bs_K2048_fp32,synth,worst,2048,,1048576,256,385.463,381.009,1.0117
synth_worst_bs_K2048_fp32,synth,worst,2048,,1048576,512,717.142,718.969,0.9975
synth_worst_bs_K2048_fp32,synth,worst,2048,,1048576,1024,1437.335,1447.515,0.993
real_pro_bs_fp32,real,pro,1024,1024k,262127,1,20.198,20.037,1.0081
real_pro_bs_fp32,real,pro,1024,1024k,262127,2,20.413,20.302,1.0054
real_pro_bs_fp32,real,pro,1024,1024k,262127,4,20.706,20.722,0.9992
real_pro_bs_fp32,real,pro,1024,1024k,262127,8,22.219,22.381,0.9928
real_pro_bs_fp32,real,pro,1024,1024k,262127,16,22.869,22.909,0.9983
real_pro_bs_fp32,real,pro,1024,1024k,262127,32,26.04,26.197,0.994
real_pro_bs_fp32,real,pro,1024,1024k,262127,64,37.688,37.547,1.0037
real_pro_bs_fp32,real,pro,1024,1024k,262127,128,64.043,64.432,0.994
real_pro_bs_fp32,real,pro,1024,1024k,262127,256,110.416,109.714,1.0064
real_pro_bs_fp32,real,pro,1024,1024k,262127,512,202.368,200.872,1.0074
real_pro_bs_fp32,real,pro,1024,1024k,262127,1024,382.451,378.846,1.0095
real_pro_bs_fp32,real,pro,1024,128k,32771,1,12.816,12.918,0.9921
real_pro_bs_fp32,real,pro,1024,128k,32771,2,12.901,12.976,0.9942
real_pro_bs_fp32,real,pro,1024,128k,32771,4,12.778,12.89,0.9913
real_pro_bs_fp32,real,pro,1024,128k,32771,8,12.848,12.939,0.993
real_pro_bs_fp32,real,pro,1024,128k,32771,16,13.362,13.467,0.9922
real_pro_bs_fp32,real,pro,1024,128k,32771,32,13.819,13.952,0.9905
real_pro_bs_fp32,real,pro,1024,128k,32771,64,14.51,14.59,0.9945
real_pro_bs_fp32,real,pro,1024,128k,32771,128,15.454,15.549,0.9939
real_pro_bs_fp32,real,pro,1024,128k,32771,256,21.448,21.494,0.9978
real_pro_bs_fp32,real,pro,1024,128k,32771,512,40.192,40.014,1.0044
real_pro_bs_fp32,real,pro,1024,128k,32771,1024,68.96,68.464,1.0072
real_pro_bs_fp32,real,pro,1024,16k,4099,1,9.064,9.141,0.9916
real_pro_bs_fp32,real,pro,1024,16k,4099,2,8.954,9.162,0.9773
real_pro_bs_fp32,real,pro,1024,16k,4099,4,9.078,9.198,0.987
real_pro_bs_fp32,real,pro,1024,16k,4099,8,9.298,9.392,0.9899
real_pro_bs_fp32,real,pro,1024,16k,4099,16,9.472,9.619,0.9847
real_pro_bs_fp32,real,pro,1024,16k,4099,32,9.653,9.79,0.9859
real_pro_bs_fp32,real,pro,1024,16k,4099,64,9.814,9.957,0.9857
real_pro_bs_fp32,real,pro,1024,16k,4099,128,10.136,10.315,0.9826
real_pro_bs_fp32,real,pro,1024,16k,4099,256,11.821,11.955,0.9888
real_pro_bs_fp32,real,pro,1024,16k,4099,512,21.68,21.832,0.993
real_pro_bs_fp32,real,pro,1024,16k,4099,1024,39.602,39.955,0.9912
real_pro_bs_fp32,real,pro,1024,256k,65539,1,14.576,15.069,0.9673
real_pro_bs_fp32,real,pro,1024,256k,65539,2,14.933,14.95,0.9988
real_pro_bs_fp32,real,pro,1024,256k,65539,4,15.262,15.483,0.9857
real_pro_bs_fp32,real,pro,1024,256k,65539,8,15.538,15.79,0.984
real_pro_bs_fp32,real,pro,1024,256k,65539,16,15.893,16.128,0.9854
real_pro_bs_fp32,real,pro,1024,256k,65539,32,16.883,16.994,0.9935
real_pro_bs_fp32,real,pro,1024,256k,65539,64,19.069,19.286,0.9887
real_pro_bs_fp32,real,pro,1024,256k,65539,128,21.061,21.186,0.9941
real_pro_bs_fp32,real,pro,1024,256k,65539,256,32.979,32.954,1.0008
real_pro_bs_fp32,real,pro,1024,256k,65539,512,62.491,62.378,1.0018
real_pro_bs_fp32,real,pro,1024,256k,65539,1024,103.669,103.365,1.0029
real_pro_bs_fp32,real,pro,1024,32k,8195,1,10.718,10.878,0.9853
real_pro_bs_fp32,real,pro,1024,32k,8195,2,10.514,10.773,0.9759
real_pro_bs_fp32,real,pro,1024,32k,8195,4,10.795,10.781,1.0013
real_pro_bs_fp32,real,pro,1024,32k,8195,8,10.952,11.114,0.9855
real_pro_bs_fp32,real,pro,1024,32k,8195,16,11.189,11.294,0.9907
real_pro_bs_fp32,real,pro,1024,32k,8195,32,11.299,11.474,0.9848
real_pro_bs_fp32,real,pro,1024,32k,8195,64,11.61,11.747,0.9883
real_pro_bs_fp32,real,pro,1024,32k,8195,128,12.179,12.278,0.9919
real_pro_bs_fp32,real,pro,1024,32k,8195,256,14.922,15.118,0.987
real_pro_bs_fp32,real,pro,1024,32k,8195,512,27.104,27.509,0.9853
real_pro_bs_fp32,real,pro,1024,32k,8195,1024,49.101,49.515,0.9916
real_pro_bs_fp32,real,pro,1024,4k,1027,1,9.336,9.675,0.9649
real_pro_bs_fp32,real,pro,1024,4k,1027,2,9.066,9.544,0.9499
real_pro_bs_fp32,real,pro,1024,4k,1027,4,8.986,9.395,0.9564
real_pro_bs_fp32,real,pro,1024,4k,1027,8,8.96,9.605,0.9329
real_pro_bs_fp32,real,pro,1024,4k,1027,16,9.226,9.541,0.967
real_pro_bs_fp32,real,pro,1024,4k,1027,32,9.448,9.715,0.9725
real_pro_bs_fp32,real,pro,1024,4k,1027,64,9.699,9.618,1.0085
real_pro_bs_fp32,real,pro,1024,4k,1027,128,9.843,10.074,0.9771
real_pro_bs_fp32,real,pro,1024,4k,1027,256,10.819,10.848,0.9973
real_pro_bs_fp32,real,pro,1024,4k,1027,512,20.197,20.258,0.997
real_pro_bs_fp32,real,pro,1024,4k,1027,1024,37.952,38.328,0.9902
real_pro_bs_fp32,real,pro,1024,512k,131075,1,23.437,17.416,1.3457
real_pro_bs_fp32,real,pro,1024,512k,131075,2,23.453,17.813,1.3166
real_pro_bs_fp32,real,pro,1024,512k,131075,4,23.274,18.058,1.2889
real_pro_bs_fp32,real,pro,1024,512k,131075,8,23.509,19.315,1.2171
real_pro_bs_fp32,real,pro,1024,512k,131075,16,24.064,19.904,1.209
real_pro_bs_fp32,real,pro,1024,512k,131075,32,25.27,20.989,1.204
real_pro_bs_fp32,real,pro,1024,512k,131075,64,29.827,25.19,1.1841
real_pro_bs_fp32,real,pro,1024,512k,131075,128,38.656,34.798,1.1109
real_pro_bs_fp32,real,pro,1024,512k,131075,256,71.754,67.168,1.0683
real_pro_bs_fp32,real,pro,1024,512k,131075,512,127.773,118.216,1.0808
real_pro_bs_fp32,real,pro,1024,512k,131075,1024,231.842,212.494,1.091
real_pro_bs_fp32,real,pro,1024,64k,16387,1,10.992,11.114,0.9891
real_pro_bs_fp32,real,pro,1024,64k,16387,2,10.715,11.142,0.9617
real_pro_bs_fp32,real,pro,1024,64k,16387,4,11.166,11.203,0.9967
real_pro_bs_fp32,real,pro,1024,64k,16387,8,11.134,11.347,0.9812
real_pro_bs_fp32,real,pro,1024,64k,16387,16,11.546,11.542,1.0003
real_pro_bs_fp32,real,pro,1024,64k,16387,32,11.795,11.88,0.9929
real_pro_bs_fp32,real,pro,1024,64k,16387,64,12.136,12.278,0.9884
real_pro_bs_fp32,real,pro,1024,64k,16387,128,13.021,13.109,0.9933
real_pro_bs_fp32,real,pro,1024,64k,16387,256,16.266,16.208,1.0036
real_pro_bs_fp32,real,pro,1024,64k,16387,512,29.73,29.613,1.0039
real_pro_bs_fp32,real,pro,1024,64k,16387,1024,54.014,54.277,0.9952
real_pro_bs_fp32,real,pro,1024,8k,2051,1,8.515,8.531,0.9981
real_pro_bs_fp32,real,pro,1024,8k,2051,2,8.262,8.482,0.9742
real_pro_bs_fp32,real,pro,1024,8k,2051,4,8.464,8.717,0.971
real_pro_bs_fp32,real,pro,1024,8k,2051,8,8.656,8.619,1.0043
real_pro_bs_fp32,real,pro,1024,8k,2051,16,8.838,8.885,0.9948
real_pro_bs_fp32,real,pro,1024,8k,2051,32,8.981,9.077,0.9894
real_pro_bs_fp32,real,pro,1024,8k,2051,64,9.014,9.141,0.9862
real_pro_bs_fp32,real,pro,1024,8k,2051,128,9.419,9.566,0.9846
real_pro_bs_fp32,real,pro,1024,8k,2051,256,10.702,10.802,0.9908
real_pro_bs_fp32,real,pro,1024,8k,2051,512,19.613,19.766,0.9922
real_pro_bs_fp32,real,pro,1024,8k,2051,1024,36.069,36.283,0.9941
real_v32_bs_fp32,real,v32,2048,128k,131087,1,18.024,18.261,0.987
real_v32_bs_fp32,real,v32,2048,128k,131087,2,18.006,18.294,0.9843
real_v32_bs_fp32,real,v32,2048,128k,131087,4,18.493,18.72,0.9879
real_v32_bs_fp32,real,v32,2048,128k,131087,8,19.653,20.045,0.9804
real_v32_bs_fp32,real,v32,2048,128k,131087,16,20.25,20.57,0.9844
real_v32_bs_fp32,real,v32,2048,128k,131087,32,21.165,21.453,0.9866
real_v32_bs_fp32,real,v32,2048,128k,131087,64,25.722,26.019,0.9886
real_v32_bs_fp32,real,v32,2048,128k,131087,128,34.406,34.465,0.9983
real_v32_bs_fp32,real,v32,2048,128k,131087,256,66.963,67.701,0.9891
real_v32_bs_fp32,real,v32,2048,128k,131087,512,120.696,121.64,0.9922
real_v32_bs_fp32,real,v32,2048,128k,131087,1024,209.351,219.964,0.9518
real_v32_bs_fp32,real,v32,2048,16k,16399,1,12.835,13.029,0.9851
real_v32_bs_fp32,real,v32,2048,16k,16399,2,12.867,12.946,0.9939
real_v32_bs_fp32,real,v32,2048,16k,16399,4,12.914,13.016,0.9921
real_v32_bs_fp32,real,v32,2048,16k,16399,8,13.149,13.378,0.9829
real_v32_bs_fp32,real,v32,2048,16k,16399,16,13.374,13.573,0.9854
real_v32_bs_fp32,real,v32,2048,16k,16399,32,13.666,13.862,0.9858
real_v32_bs_fp32,real,v32,2048,16k,16399,64,14.166,14.371,0.9857
real_v32_bs_fp32,real,v32,2048,16k,16399,128,15.168,15.269,0.9934
real_v32_bs_fp32,real,v32,2048,16k,16399,256,20.051,20.066,0.9993
real_v32_bs_fp32,real,v32,2048,16k,16399,512,36.998,37.315,0.9915
real_v32_bs_fp32,real,v32,2048,16k,16399,1024,66.691,67.665,0.9856
real_v32_bs_fp32,real,v32,2048,256k,163775,1,18.432,18.626,0.9896
real_v32_bs_fp32,real,v32,2048,256k,163775,2,18.718,18.81,0.9952
real_v32_bs_fp32,real,v32,2048,256k,163775,4,19.304,19.309,0.9998
real_v32_bs_fp32,real,v32,2048,256k,163775,8,20.888,21.184,0.986
real_v32_bs_fp32,real,v32,2048,256k,163775,16,21.502,21.547,0.9979
real_v32_bs_fp32,real,v32,2048,256k,163775,32,22.664,22.786,0.9947
real_v32_bs_fp32,real,v32,2048,256k,163775,64,28.046,27.913,1.0048
real_v32_bs_fp32,real,v32,2048,256k,163775,128,43.861,43.848,1.0003
real_v32_bs_fp32,real,v32,2048,256k,163775,256,78.641,80.064,0.9822
real_v32_bs_fp32,real,v32,2048,256k,163775,512,143.113,145.051,0.9866
real_v32_bs_fp32,real,v32,2048,256k,163775,1024,253.547,260.582,0.973
real_v32_bs_fp32,real,v32,2048,32k,32783,1,15.653,15.822,0.9893
real_v32_bs_fp32,real,v32,2048,32k,32783,2,15.573,15.59,0.9989
real_v32_bs_fp32,real,v32,2048,32k,32783,4,15.917,16.128,0.9869
real_v32_bs_fp32,real,v32,2048,32k,32783,8,15.822,16.064,0.985
real_v32_bs_fp32,real,v32,2048,32k,32783,16,16.318,16.533,0.987
real_v32_bs_fp32,real,v32,2048,32k,32783,32,16.733,16.885,0.991
real_v32_bs_fp32,real,v32,2048,32k,32783,64,17.386,17.618,0.9868
real_v32_bs_fp32,real,v32,2048,32k,32783,128,18.362,18.517,0.9916
real_v32_bs_fp32,real,v32,2048,32k,32783,256,26.035,26.013,1.0009
real_v32_bs_fp32,real,v32,2048,32k,32783,512,48.539,48.917,0.9923
real_v32_bs_fp32,real,v32,2048,32k,32783,1024,84.509,86.182,0.9806
real_v32_bs_fp32,real,v32,2048,4k,4111,1,9.813,9.936,0.9876
real_v32_bs_fp32,real,v32,2048,4k,4111,2,9.79,9.965,0.9825
real_v32_bs_fp32,real,v32,2048,4k,4111,4,10.19,10.066,1.0124
real_v32_bs_fp32,real,v32,2048,4k,4111,8,10.011,10.302,0.9717
real_v32_bs_fp32,real,v32,2048,4k,4111,16,10.429,10.392,1.0035
real_v32_bs_fp32,real,v32,2048,4k,4111,32,10.646,10.682,0.9967
real_v32_bs_fp32,real,v32,2048,4k,4111,64,10.73,10.89,0.9853
real_v32_bs_fp32,real,v32,2048,4k,4111,128,11.131,11.304,0.9847
real_v32_bs_fp32,real,v32,2048,4k,4111,256,13.099,13.28,0.9864
real_v32_bs_fp32,real,v32,2048,4k,4111,512,24.027,24.464,0.9821
real_v32_bs_fp32,real,v32,2048,4k,4111,1024,44.7,45.243,0.988
real_v32_bs_fp32,real,v32,2048,64k,65551,1,19.554,20.112,0.9722
real_v32_bs_fp32,real,v32,2048,64k,65551,2,19.797,20.526,0.9645
real_v32_bs_fp32,real,v32,2048,64k,65551,4,20.353,20.758,0.9805
real_v32_bs_fp32,real,v32,2048,64k,65551,8,20.59,21.003,0.9804
real_v32_bs_fp32,real,v32,2048,64k,65551,16,20.819,21.269,0.9789
real_v32_bs_fp32,real,v32,2048,64k,65551,32,21.75,22.211,0.9793
real_v32_bs_fp32,real,v32,2048,64k,65551,64,25.114,25.552,0.9828
real_v32_bs_fp32,real,v32,2048,64k,65551,128,24.331,24.441,0.9955
real_v32_bs_fp32,real,v32,2048,64k,65551,256,38.662,39.494,0.9789
real_v32_bs_fp32,real,v32,2048,64k,65551,512,73.694,74.552,0.9885
real_v32_bs_fp32,real,v32,2048,64k,65551,1024,121.832,124.801,0.9762
real_v32_bs_fp32,real,v32,2048,8k,8207,1,10.846,10.974,0.9883
real_v32_bs_fp32,real,v32,2048,8k,8207,2,10.917,11.134,0.9805
real_v32_bs_fp32,real,v32,2048,8k,8207,4,11.187,11.363,0.9845
real_v32_bs_fp32,real,v32,2048,8k,8207,8,11.264,11.456,0.9832
real_v32_bs_fp32,real,v32,2048,8k,8207,16,11.427,11.632,0.9824
real_v32_bs_fp32,real,v32,2048,8k,8207,32,11.634,11.792,0.9866
real_v32_bs_fp32,real,v32,2048,8k,8207,64,11.826,11.997,0.9857
real_v32_bs_fp32,real,v32,2048,8k,8207,128,12.424,12.661,0.9813
real_v32_bs_fp32,real,v32,2048,8k,8207,256,15.334,15.654,0.9796
real_v32_bs_fp32,real,v32,2048,8k,8207,512,28.278,28.595,0.9889
real_v32_bs_fp32,real,v32,2048,8k,8207,1024,52.085,52.907,0.9845
