uuid,model,isl,layer,N,K,hit,pr_cold,cand_cold,speedup_cold,pr_warm,cand_warm,cand_exact
flash_1024k_L02,flash,1024k,2,262127,512,0.514,19.8526,12.00145,1.6541834528327826,17.241400000000002,11.14865,True
flash_1024k_L04,flash,1024k,4,262127,512,0.703,18.84285,11.89105,1.5846245705803943,16.2238,11.063799999999999,True
flash_1024k_L06,flash,1024k,6,262127,512,0.684,18.950200000000002,12.0142,1.5773168417372776,16.30555,11.142299999999999,True
flash_1024k_L08,flash,1024k,8,262127,512,0.627,19.6222,11.92465,1.6455158013023443,17.049400000000002,11.0718,True
flash_1024k_L10,flash,1024k,10,262127,512,0.385,18.907049999999998,12.156649999999999,1.5552845561894106,16.2574,11.2591,True
flash_1024k_L12,flash,1024k,12,262127,512,0.285,19.33095,12.13265,1.5932998973843309,16.6784,11.2606,True
flash_1024k_L14,flash,1024k,14,262127,512,0.357,19.25245,12.0447,1.5984167310103197,16.7182,11.289549999999998,True
flash_1024k_L16,flash,1024k,16,262127,512,0.262,19.78375,12.743799999999998,1.552421569704484,17.156650000000003,12.009450000000001,True
flash_1024k_L18,flash,1024k,18,262127,512,0.312,19.057299999999998,12.1279,1.5713602519809693,16.449450000000002,11.35825,True
flash_1024k_L20,flash,1024k,20,262127,512,0.566,20.1918,11.955,1.6889836888331242,17.8719,11.203149999999999,True
flash_1024k_L22,flash,1024k,22,262127,512,0.422,18.3341,12.0238,1.5248174453999568,16.14385,11.20635,True
flash_1024k_L24,flash,1024k,24,262127,512,0.488,20.18205,12.13105,1.6636688497698056,17.9374,11.3535,True
flash_1024k_L26,flash,1024k,26,262127,512,0.578,19.327849999999998,12.08785,1.598948530962909,17.123,11.2959,True
flash_1024k_L28,flash,1024k,28,262127,512,0.66,18.735799999999998,12.115,1.5464960792406106,16.5567,11.270299999999999,True
flash_1024k_L30,flash,1024k,30,262127,512,0.514,19.11655,12.11505,1.5779175488338884,16.955099999999998,11.2879,True
flash_1024k_L32,flash,1024k,32,262127,512,0.424,22.46215,12.01425,1.8696256528705495,20.22525,11.259049999999998,True
flash_1024k_L34,flash,1024k,34,262127,512,0.379,19.63325,11.995049999999999,1.636779338143651,17.34705,11.174299999999999,True
flash_1024k_L36,flash,1024k,36,262127,512,0.838,18.449450000000002,11.443,1.6122913571615838,16.14715,10.623899999999999,True
flash_1024k_L38,flash,1024k,38,262127,512,0.619,19.4302,12.108600000000001,1.6046611499264984,17.113400000000002,11.29265,True
flash_1024k_L40,flash,1024k,40,262127,512,0.381,18.72945,11.87825,1.5767853008650266,16.29585,11.031799999999999,True
flash_1024k_L42,flash,1024k,42,262127,512,0.758,18.77105,11.948649999999999,1.570976637528089,16.35665,11.0927,True
flash_128k_L02,flash,128k,2,32771,512,0.604,12.204799999999999,9.371049999999999,1.3023940753704228,10.331100000000001,8.46055,True
flash_128k_L04,flash,128k,4,32771,512,0.805,11.9022,9.323049999999999,1.2766423005346965,9.96945,8.4207,True
flash_128k_L06,flash,128k,6,32771,512,0.637,12.39665,9.22555,1.3437301841082645,10.62395,8.3391,True
flash_128k_L08,flash,128k,8,32771,512,0.742,11.756549999999999,8.5359,1.3773064351737954,10.00145,7.9008,True
flash_128k_L10,flash,128k,10,32771,512,0.523,12.7599,9.2591,1.378092903197935,10.95185,8.5775,True
flash_128k_L12,flash,128k,12,32771,512,0.49,12.6701,9.148700000000002,1.3849071452774708,10.91985,8.3551,True
flash_128k_L14,flash,128k,14,32771,512,0.578,12.14545,9.443,1.2861855342581807,10.3759,8.6896,True
flash_128k_L16,flash,128k,16,32771,512,0.564,12.35195,9.34715,1.3214669712158253,10.5327,8.639850000000001,True
flash_128k_L18,flash,128k,18,32771,512,0.637,12.52785,8.606200000000001,1.4556773024098904,10.7791,7.91035,True
flash_128k_L20,flash,128k,20,32771,512,0.785,11.74235,8.625549999999999,1.3613450736474777,10.1071,8.008,True
flash_128k_L22,flash,128k,22,32771,512,0.701,11.601450000000002,8.623899999999999,1.3452672224863464,10.02225,8.0175,True
flash_128k_L24,flash,128k,24,32771,512,0.609,12.543899999999999,9.235149999999999,1.35827788395424,10.94065,8.545549999999999,True
flash_128k_L26,flash,128k,26,32771,512,0.744,11.798350000000001,9.44945,1.2485753139071587,10.02225,8.75835,True
flash_128k_L28,flash,128k,28,32771,512,0.855,13.57425,9.37275,1.4482675842202128,11.8654,8.639899999999999,True
flash_128k_L30,flash,128k,30,32771,512,0.777,12.0639,7.83355,1.5400297438581487,10.315100000000001,7.17755,True
flash_128k_L32,flash,128k,32,32771,512,0.475,12.85575,9.11035,1.4111148309340475,11.204799999999999,8.4575,True
flash_128k_L34,flash,128k,34,32771,512,0.688,11.55825,8.441450000000001,1.3692256662066349,10.007850000000001,7.843100000000001,True
flash_128k_L36,flash,128k,36,32771,512,0.898,13.48775,9.15995,1.4724698278920736,11.93585,8.481549999999999,True
flash_128k_L38,flash,128k,38,32771,512,0.727,11.9007,9.39185,1.2671305440355203,10.1166,8.71335,True
flash_128k_L40,flash,128k,40,32771,512,0.832,12.020700000000001,9.3935,1.2796827593548732,10.2207,8.623899999999999,True
flash_128k_L42,flash,128k,42,32771,512,0.863,15.3887,9.2719,1.6597137587765183,13.7005,8.4207,True
flash_16k_L02,flash,16k,2,4099,512,0.762,8.72945,5.46075,1.598580781028247,7.1791,4.90715,True
flash_16k_L04,flash,16k,4,4099,512,0.861,8.52465,5.387,1.5824484870985707,7.08635,4.84795,True
flash_16k_L06,flash,16k,6,4099,512,0.748,8.9871,5.39345,1.666298936673187,7.4959,4.7695,True
flash_16k_L08,flash,16k,8,4099,512,0.633,9.092600000000001,5.7439,1.5830010968157526,7.239949999999999,5.00155,True
flash_16k_L10,flash,16k,10,4099,512,0.648,9.0591,4.52795,2.0007067215848235,7.1552,3.73595,True
flash_16k_L12,flash,16k,12,4099,512,0.406,9.1759,5.88795,1.5584201632147012,7.4016,5.1151,True
flash_16k_L14,flash,16k,14,4099,512,0.492,8.74385,5.64475,1.5490234288498161,7.56625,4.8447,True
flash_16k_L16,flash,16k,16,4099,512,0.359,8.795200000000001,5.664,1.5528248587570626,7.252800000000001,4.927899999999999,True
flash_16k_L18,flash,16k,18,4099,512,0.439,9.875200000000001,5.888,1.6771739130434784,8.34555,5.070399999999999,True
flash_16k_L20,flash,16k,20,4099,512,0.33,8.753549999999999,5.41595,1.6162538428161264,7.199949999999999,5.0383000000000004,True
flash_16k_L22,flash,16k,22,4099,512,0.344,8.51185,5.41755,1.5711622412345065,7.1295,5.04155,True
flash_16k_L24,flash,16k,24,4099,512,0.266,9.411200000000001,5.2031,1.8087678499356155,7.9055,4.85915,True
flash_16k_L26,flash,16k,26,4099,512,0.346,8.8461,5.659050000000001,1.563177565139025,7.32145,4.85915,True
flash_16k_L28,flash,16k,28,4099,512,0.627,8.63015,5.78715,1.4912608105889775,7.2479,4.9552,True
flash_16k_L30,flash,16k,30,4099,512,0.545,9.339049999999999,5.8191999999999995,1.6048683667858124,7.8143,5.001600000000001,True
flash_16k_L32,flash,16k,32,4099,512,0.303,8.86395,5.2687,1.6823789549604269,7.3263,4.919899999999999,True
flash_16k_L34,flash,16k,34,4099,512,0.348,8.6799,5.1776,1.6764330964153276,7.1968000000000005,4.85915,True
flash_16k_L36,flash,16k,36,4099,512,0.916,10.36155,5.3168,1.9488320042130605,8.7279,4.9568,True
flash_16k_L38,flash,16k,38,4099,512,0.508,9.0495,5.73275,1.5785617722733418,7.5455,4.95835,True
flash_16k_L40,flash,16k,40,4099,512,0.605,8.7311,5.72145,1.5260292408392977,7.1053500000000005,4.97595,True
flash_16k_L42,flash,16k,42,4099,512,0.824,8.8335,5.76635,1.5319049311956439,7.26715,4.955100000000001,True
flash_256k_L02,flash,256k,2,65538,512,0.303,13.884649999999999,10.591899999999999,1.3108743473786573,12.3664,9.7695,True
flash_256k_L04,flash,256k,4,65538,512,0.184,15.18875,10.510299999999999,1.445130015318307,13.686350000000001,9.6622,True
flash_256k_L06,flash,256k,6,65538,512,0.303,13.415899999999999,10.61415,1.263963671137114,11.927850000000001,9.782399999999999,True
flash_256k_L08,flash,256k,8,65538,512,0.158,15.59345,9.84305,1.5842091628103079,13.83995,8.9758,True
flash_256k_L10,flash,256k,10,65538,512,0.193,14.5951,10.67665,1.3670111879662628,12.85575,9.69595,True
flash_256k_L12,flash,256k,12,65538,512,0.156,16.970950000000002,11.779,1.440780202054504,15.235149999999999,10.93585,True
flash_256k_L14,flash,256k,14,65538,512,0.182,14.9614,10.1791,1.4698156025581828,13.579,9.52465,True
flash_256k_L16,flash,256k,16,65538,512,0.266,13.673549999999999,9.3375,1.4643694779116463,12.337549999999998,8.7567,True
flash_256k_L18,flash,256k,18,65538,512,0.312,12.94055,9.299100000000001,1.3915916594078996,11.6158,8.732700000000001,True
flash_256k_L20,flash,256k,20,65538,512,0.6,13.7679,9.4543,1.4562579990057434,12.21735,8.82395,True
flash_256k_L22,flash,256k,22,65538,512,0.279,13.8191,11.3599,1.2164807788800958,12.27985,10.75345,True
flash_256k_L24,flash,256k,24,65538,512,0.111,19.41425,11.5214,1.6850599753502178,17.91345,10.95355,True
flash_256k_L26,flash,256k,26,65538,512,0.486,14.839799999999999,10.0111,1.482334608584471,13.443100000000001,9.350200000000001,True
flash_256k_L28,flash,256k,28,65538,512,0.484,15.627049999999999,10.06705,1.5522968496232759,14.313450000000001,9.403049999999999,True
flash_256k_L30,flash,256k,30,65538,512,0.471,14.318100000000001,10.1503,1.4106085534417703,12.98695,9.540700000000001,True
flash_256k_L32,flash,256k,32,65538,512,0.402,17.13745,10.0494,1.7053207156646168,15.58865,9.42075,True
flash_256k_L34,flash,256k,34,65538,512,0.631,13.412700000000001,9.2463,1.4506018623665684,11.886299999999999,8.6335,True
flash_256k_L36,flash,256k,36,65538,512,0.762,13.071950000000001,10.0015,1.3069989501574766,11.559899999999999,9.3248,True
flash_256k_L38,flash,256k,38,65538,512,0.453,14.886299999999999,10.012649999999999,1.486749262183338,13.481549999999999,9.40465,True
flash_256k_L40,flash,256k,40,65538,512,0.25,13.58225,10.3055,1.31796128281015,12.254299999999999,9.620700000000001,True
flash_256k_L42,flash,256k,42,65538,512,0.617,13.24955,9.99025,1.3262480918895923,11.92315,9.37265,True
flash_32k_L02,flash,32k,2,8195,512,0.809,9.11355,7.895899999999999,1.1542129459592954,7.4399,7.4383,True
flash_32k_L04,flash,32k,4,8195,512,0.775,9.1231,6.85905,1.3300821542341872,7.4991,6.502350000000001,True
flash_32k_L06,flash,32k,6,8195,512,0.859,10.8766,6.48475,1.677258182659316,9.215950000000001,6.14235,True
flash_32k_L08,flash,32k,8,8195,512,0.76,9.09105,7.0223,1.2945972117397433,7.58395,6.531149999999999,True
flash_32k_L10,flash,32k,10,8195,512,0.723,9.0031,7.3791,1.2200810396931874,7.531149999999999,6.92635,True
flash_32k_L12,flash,32k,12,8195,512,0.631,9.40635,6.90235,1.3627749969213383,7.9392,6.4303,True
flash_32k_L14,flash,32k,14,8195,512,0.688,8.6319,7.420649999999999,1.1632269410361626,7.54395,6.95505,True
flash_32k_L16,flash,32k,16,8195,512,0.59,9.10225,6.8895,1.3211771536395964,7.84795,6.4031,True
flash_32k_L18,flash,32k,18,8195,512,0.713,8.9551,6.8623,1.3049706366670066,7.7071000000000005,6.4031,True
flash_32k_L20,flash,32k,20,8195,512,0.795,9.01435,7.207949999999999,1.2506121712830973,7.49595,6.89905,True
flash_32k_L22,flash,32k,22,8195,512,0.686,9.15995,6.85595,1.3360584601696337,7.6784,6.5551,True
flash_32k_L24,flash,32k,24,8195,512,0.719,9.1055,6.59985,1.3796525678613907,7.6271,6.2543,True
flash_32k_L26,flash,32k,26,8195,512,0.713,9.10075,7.1823999999999995,1.267090387614168,7.6208,6.7166999999999994,True
flash_32k_L28,flash,32k,28,8195,512,0.869,10.5214,7.54075,1.3952723535457348,9.2799,7.05755,True
flash_32k_L30,flash,32k,30,8195,512,0.824,9.0607,7.295850000000001,1.2418977912100715,7.59025,6.83355,True
flash_32k_L32,flash,32k,32,8195,512,0.615,9.21755,6.88155,1.3394584068996083,7.73905,6.5039,True
flash_32k_L34,flash,32k,34,8195,512,0.67,9.044649999999999,6.7855,1.332937882248913,7.5984,6.4159,True
flash_32k_L36,flash,32k,36,8195,512,0.908,10.396600000000001,7.3167,1.4209411346645346,8.9695,6.939100000000001,True
flash_32k_L38,flash,32k,38,8195,512,0.762,8.9311,7.19355,1.2415427709545357,7.52475,6.71835,True
flash_32k_L40,flash,32k,40,8195,512,0.799,8.9679,7.15835,1.2527887013068653,7.5119,6.6544,True
flash_32k_L42,flash,32k,42,8195,512,0.873,10.73275,7.00465,1.5322321600650997,9.3055,6.5599,True
flash_4k_L02,flash,4k,2,1027,512,0.895,9.55175,3.88315,2.45979423921301,7.89595,3.3695500000000003,True
flash_4k_L04,flash,4k,4,1027,512,0.891,9.142149999999999,3.80955,2.3997978763895995,7.5855500000000005,3.3344,True
flash_4k_L06,flash,4k,6,1027,512,0.863,5.097600000000001,3.867,1.318231186966641,3.73915,3.3664,True
flash_4k_L08,flash,4k,8,1027,512,0.744,7.8206999999999995,3.9375500000000003,1.9861843024215562,6.69595,3.3408,True
flash_4k_L10,flash,4k,10,1027,512,0.846,7.817399999999999,3.9903000000000004,1.9591008194872561,6.6143,3.3712,True
flash_4k_L12,flash,4k,12,1027,512,0.607,8.265600000000001,3.93275,2.101735426864154,7.0447,3.3552,True
flash_4k_L14,flash,4k,14,1027,512,0.711,8.0366,3.8192,2.10426267281106,6.83505,3.312,True
flash_4k_L16,flash,4k,16,1027,512,0.674,8.0719,3.86395,2.089028067133374,6.832,3.3343499999999997,True
flash_4k_L18,flash,4k,18,1027,512,0.723,8.140699999999999,3.9264,2.0733241646291765,6.915100000000001,3.37915,True
flash_4k_L20,flash,4k,20,1027,512,0.646,7.8783,3.9583000000000004,1.990324129045297,6.7551499999999995,3.3296,True
flash_4k_L22,flash,4k,22,1027,512,0.639,7.71675,3.8096,2.0256063628727428,6.5952,3.2464,True
flash_4k_L24,flash,4k,24,1027,512,0.553,8.0575,3.9215500000000003,2.054672259693233,6.93905,3.3503499999999997,True
flash_4k_L26,flash,4k,26,1027,512,0.586,8.10065,3.8750999999999998,2.0904363758354623,6.7343,3.37275,True
flash_4k_L28,flash,4k,28,1027,512,0.746,7.9615,3.95675,2.0121311682567766,6.6192,3.38395,True
flash_4k_L30,flash,4k,30,1027,512,0.771,8.1568,3.97275,2.053187338745202,6.84475,3.4095999999999997,True
flash_4k_L32,flash,4k,32,1027,512,0.633,7.86235,3.87995,2.0264049794456116,6.6719,3.33425,True
flash_4k_L34,flash,4k,34,1027,512,0.695,7.8143,3.8943000000000003,2.006599388850371,6.6624,3.3408,True
flash_4k_L36,flash,4k,36,1027,512,0.934,9.491200000000001,3.9072,2.4291564291564294,8.267149999999999,3.3728000000000002,True
flash_4k_L38,flash,4k,38,1027,512,0.742,8.11335,3.8832,2.089346415327565,6.77595,3.328,True
flash_4k_L40,flash,4k,40,1027,512,0.795,7.8478,3.8495999999999997,2.0386014131338324,6.5712,3.28955,True
flash_4k_L42,flash,4k,42,1027,512,0.932,9.29435,3.90875,2.3778317876559,7.9743,3.3535500000000003,True
flash_512k_L02,flash,512k,2,131075,512,0.604,15.32295,10.2944,1.4884743161330434,13.13735,9.412600000000001,True
flash_512k_L04,flash,512k,4,131075,512,0.805,14.8575,10.521450000000002,1.4121152502744392,12.743799999999998,9.6655,True
flash_512k_L06,flash,512k,6,131075,512,0.748,15.115,9.932649999999999,1.5217489793760983,12.884799999999998,9.073450000000001,True
flash_512k_L08,flash,512k,8,131075,512,0.738,15.02535,9.9806,1.5054555838326351,13.0622,9.2751,True
flash_512k_L10,flash,512k,10,131075,512,0.455,14.851049999999999,10.62545,1.3976866862109367,12.86375,9.883149999999999,True
flash_512k_L12,flash,512k,12,131075,512,0.715,14.894200000000001,9.9151,1.5021734526126818,12.97425,9.18705,True
flash_512k_L14,flash,512k,14,131075,512,0.479,15.857299999999999,10.315100000000001,1.5372899923413246,13.862200000000001,9.6799,True
flash_512k_L16,flash,512k,16,131075,512,0.318,15.449399999999999,10.7279,1.440114095023257,13.460600000000001,10.0575,True
flash_512k_L18,flash,512k,18,131075,512,0.148,21.583849999999998,11.7951,1.8298997041144203,19.502299999999998,11.1695,True
flash_512k_L20,flash,512k,20,131075,512,0.332,15.62865,10.975850000000001,1.4239124988041927,13.6383,10.2287,True
flash_512k_L22,flash,512k,22,131075,512,0.057,21.01425,11.06225,1.8996361499694907,19.20625,10.311950000000001,True
flash_512k_L24,flash,512k,24,131075,512,0.023,21.638150000000003,12.143799999999999,1.7818269404963853,19.758200000000002,11.387049999999999,True
flash_512k_L26,flash,512k,26,131075,512,0.301,15.849549999999999,10.979049999999999,1.443617617189101,13.6751,10.167950000000001,True
flash_512k_L28,flash,512k,28,131075,512,0.525,18.361349999999998,11.073450000000001,1.6581417715346163,16.1326,10.203,True
flash_512k_L30,flash,512k,30,131075,512,0.119,21.5663,11.71185,1.8414084879843917,19.37905,10.8671,True
flash_512k_L32,flash,512k,32,131075,512,0.197,17.4878,10.847850000000001,1.6120982498836174,15.5022,10.0335,True
flash_512k_L34,flash,512k,34,131075,512,0.283,15.35675,12.00465,1.279233463699483,13.364700000000001,11.2751,True
flash_512k_L36,flash,512k,36,131075,512,0.584,15.708549999999999,9.979149999999999,1.5741370758030495,13.772549999999999,9.1424,True
flash_512k_L38,flash,512k,38,131075,512,0.215,18.2174,10.699,1.7027198803626509,16.15825,9.852799999999998,True
flash_512k_L40,flash,512k,40,131075,512,0.432,17.0128,9.991850000000001,1.7026676741544355,14.82705,9.075149999999999,True
flash_512k_L42,flash,512k,42,131075,512,0.611,15.395100000000001,10.0111,1.537803038627124,13.25425,9.0991,True
flash_64k_L02,flash,64k,2,16387,512,0.715,9.62865,9.179,1.0489868177361368,8.33435,8.55355,True
flash_64k_L04,flash,64k,4,16387,512,0.766,9.497549999999999,8.974350000000001,1.0582994868709152,8.247950000000001,8.2767,True
flash_64k_L06,flash,64k,6,16387,512,0.705,9.95195,9.1376,1.089120775696025,8.60315,8.475200000000001,True
flash_64k_L08,flash,64k,8,16387,512,0.617,10.16155,9.494299999999999,1.0702790095109698,8.5055,8.552,True
flash_64k_L10,flash,64k,10,16387,512,0.582,10.48785,9.36155,1.1203112732400085,8.790299999999998,8.4351,True
flash_64k_L12,flash,64k,12,16387,512,0.254,10.609350000000001,8.66875,1.2238615717375634,8.87355,7.81755,True
flash_64k_L14,flash,64k,14,16387,512,0.311,9.9326,8.7951,1.129333378813203,8.462299999999999,8.03505,True
flash_64k_L16,flash,64k,16,16387,512,0.227,10.299100000000001,9.21265,1.1179302372281592,8.7535,8.425450000000001,True
flash_64k_L18,flash,64k,18,16387,512,0.412,10.227049999999998,9.33265,1.09583558796269,8.6655,8.627049999999999,True
flash_64k_L20,flash,64k,20,16387,512,0.178,10.7343,8.6495,1.2410312734840163,9.2399,7.939,True
flash_64k_L22,flash,64k,22,16387,512,0.076,12.0607,9.28465,1.2989935000242336,10.547049999999999,8.46065,True
flash_64k_L24,flash,64k,24,16387,512,0.107,13.193200000000001,9.099200000000002,1.4499296641462984,11.6799,8.3551,True
flash_64k_L26,flash,64k,26,16387,512,0.156,10.98545,8.849549999999999,1.2413569051533695,9.62235,8.0606,True
flash_64k_L28,flash,64k,28,16387,512,0.41,10.9375,9.32145,1.173368950109693,9.569450000000002,8.56475,True
flash_64k_L30,flash,64k,30,16387,512,0.256,10.286299999999999,9.187100000000001,1.1196460254051874,8.774299999999998,8.45435,True
flash_64k_L32,flash,64k,32,16387,512,0.148,11.1405,9.77585,1.1395939994987647,9.60945,9.0031,True
flash_64k_L34,flash,64k,34,16387,512,0.145,10.52155,8.8494,1.188956313422379,8.9839,8.1007,True
flash_64k_L36,flash,64k,36,16387,512,0.779,9.9391,9.37435,1.0602441769296005,8.4175,8.6751,True
flash_64k_L38,flash,64k,38,16387,512,0.336,9.71995,8.7008,1.1171329073188674,8.36305,7.86065,True
flash_64k_L40,flash,64k,40,16387,512,0.406,10.58225,9.222299999999999,1.1474632141656638,9.2143,8.460700000000001,True
flash_64k_L42,flash,64k,42,16387,512,0.779,9.8943,9.1614,1.0799986901565262,8.5615,8.399899999999999,True
flash_8k_L02,flash,8k,2,2051,512,0.84,8.264,4.38075,1.8864349711807338,6.9135,3.8575,True
flash_8k_L04,flash,8k,4,2051,512,0.844,7.97755,5.0943000000000005,1.5659756983295054,6.73265,4.54555,True
flash_8k_L06,flash,8k,6,2051,512,0.75,8.487950000000001,4.3295,1.9604919736690152,7.015899999999999,3.8543499999999997,True
flash_8k_L08,flash,8k,8,2051,512,0.631,8.09905,4.3791,1.8494782032837798,6.8927,3.9263000000000003,True
flash_8k_L10,flash,8k,10,2051,512,0.672,7.9007,4.34715,1.8174436124817408,6.7871999999999995,3.89595,True
flash_8k_L12,flash,8k,12,2051,512,0.477,8.4399,4.344,1.9428867403314916,7.2158999999999995,3.86395,True
flash_8k_L14,flash,8k,14,2051,512,0.416,8.1855,3.3935500000000003,2.412075849773835,6.67995,2.8224,True
flash_8k_L16,flash,8k,16,2051,512,0.498,8.476700000000001,4.435149999999999,1.911254410786558,6.993600000000001,3.8783499999999997,True
flash_8k_L18,flash,8k,18,2051,512,0.586,8.8896,4.44955,1.9978649526356596,7.4095,3.912,True
flash_8k_L20,flash,8k,20,2051,512,0.488,8.3007,4.3376,1.9136619328661013,7.3294,3.8607,True
flash_8k_L22,flash,8k,22,2051,512,0.334,7.76635,4.25915,1.823450688517662,6.69255,3.7647,True
flash_8k_L24,flash,8k,24,2051,512,0.48,8.52945,4.207949999999999,2.0269846362242903,7.41425,3.69275,True
flash_8k_L26,flash,8k,26,2051,512,0.439,7.90865,4.3599499999999995,1.8139313524237664,6.62395,3.8,True
flash_8k_L28,flash,8k,28,2051,512,0.639,8.267100000000001,4.430350000000001,1.8660151003871026,7.121449999999999,3.8912,True
flash_8k_L30,flash,8k,30,2051,512,0.492,8.539200000000001,4.4415,1.9225937183383996,7.364649999999999,3.8463499999999997,True
flash_8k_L32,flash,8k,32,2051,512,0.309,8.03825,4.1951,1.9161045028723986,6.75195,3.79345,True
flash_8k_L34,flash,8k,34,2051,512,0.611,8.0351,4.2063999999999995,1.9102082540890075,6.811100000000001,3.7776,True
flash_8k_L36,flash,8k,36,2051,512,0.865,8.33115,4.4367,1.8777807830144024,7.2063500000000005,3.96635,True
flash_8k_L38,flash,8k,38,2051,512,0.51,8.2687,4.3488,1.9013750919793968,7.18705,3.768,True
flash_8k_L40,flash,8k,40,2051,512,0.529,8.33915,4.39995,1.8952829009420564,7.1711,3.8495500000000002,True
flash_8k_L42,flash,8k,42,2051,512,0.848,8.09435,4.3359,1.866821190525612,6.8687,3.744,True
pro_1024k_L02,pro,1024k,2,262127,1024,0.93,23.96295,12.09745,1.9808265378240868,21.0349,11.411100000000001,True
pro_1024k_L04,pro,1024k,4,262127,1024,0.886,23.970950000000002,12.47015,1.9222663720965667,21.1727,11.8623,True
pro_1024k_L06,pro,1024k,6,262127,1024,0.922,23.785400000000003,12.3727,1.9224098216234131,20.9821,11.659,True
pro_1024k_L08,pro,1024k,8,262127,1024,0.871,25.08445,11.79345,2.126981502444153,22.06055,11.0767,True
pro_1024k_L10,pro,1024k,10,262127,1024,0.887,26.203,12.062100000000001,2.1723414662455127,23.3485,11.330950000000001,True
pro_1024k_L12,pro,1024k,12,262127,1024,0.856,19.231849999999998,12.3615,1.5557861100999069,17.20795,11.66865,True
pro_1024k_L14,pro,1024k,14,262127,1024,0.71,19.836599999999997,12.521450000000002,1.5842094965039988,17.78525,11.7855,True
pro_1024k_L16,pro,1024k,16,262127,1024,0.619,20.9132,12.607899999999999,1.6587377755216968,18.8413,11.862200000000001,True
pro_1024k_L18,pro,1024k,18,262127,1024,0.749,19.80145,11.57265,1.711055808306654,17.70875,10.8799,True
pro_1024k_L20,pro,1024k,20,262127,1024,0.76,19.58535,12.38075,1.5819195121458713,17.7471,11.796700000000001,True
pro_1024k_L22,pro,1024k,22,262127,1024,0.575,20.849349999999998,12.460700000000001,1.6732085677369648,18.9678,11.85745,True
pro_1024k_L24,pro,1024k,24,262127,1024,0.664,19.53895,12.27665,1.591553884813854,17.75355,11.663950000000002,True
pro_1024k_L26,pro,1024k,26,262127,1024,0.535,22.386950000000002,13.524700000000001,1.6552640724008667,20.6765,12.804649999999999,True
pro_1024k_L28,pro,1024k,28,262127,1024,0.611,19.78545,12.462299999999999,1.5876242748128357,17.98395,11.7232,True
pro_1024k_L30,pro,1024k,30,262127,1024,0.267,19.8622,15.01905,1.3224671334072395,18.039849999999998,14.2911,True
pro_1024k_L32,pro,1024k,32,262127,1024,0.394,19.48285,12.398299999999999,1.571413016300622,17.612650000000002,11.8095,True
pro_1024k_L34,pro,1024k,34,262127,1024,0.673,19.76135,13.45585,1.4686065911852466,17.913400000000003,12.83825,True
pro_1024k_L36,pro,1024k,36,262127,1024,0.196,27.6638,11.87035,2.3304957309599126,25.942,11.24465,True
pro_1024k_L38,pro,1024k,38,262127,1024,0.425,19.255950000000002,12.4862,1.5421785651359101,17.321450000000002,11.758299999999998,True
pro_1024k_L40,pro,1024k,40,262127,1024,0.122,28.95015,16.3551,1.7700992351009777,27.07825,15.595049999999999,True
pro_1024k_L42,pro,1024k,42,262127,1024,0.479,21.80775,14.3902,1.5154584369918416,19.93585,13.635,True
pro_1024k_L44,pro,1024k,44,262127,1024,0.176,22.11975,13.1374,1.6837235678292508,20.231900000000003,12.45265,True
pro_1024k_L46,pro,1024k,46,262127,1024,0.64,20.81565,12.3055,1.6915728739181668,18.9166,11.675049999999999,True
pro_1024k_L48,pro,1024k,48,262127,1024,0.244,27.68285,12.38075,2.2359590493306136,26.003049999999998,11.8254,True
pro_1024k_L50,pro,1024k,50,262127,1024,0.351,19.3278,13.46385,1.435532927060239,17.47805,12.87345,True
pro_1024k_L52,pro,1024k,52,262127,1024,0.292,20.21755,15.577399999999999,1.2978770526532029,18.2687,14.9934,True
pro_1024k_L54,pro,1024k,54,262127,1024,0.671,20.001549999999998,13.2639,1.507968998560001,18.14705,12.6208,True
pro_1024k_L56,pro,1024k,56,262127,1024,0.624,20.23195,12.478200000000001,1.6213836931608725,18.41725,11.75665,True
pro_1024k_L58,pro,1024k,58,262127,1024,0.679,19.68275,12.8031,1.5373425186087744,17.761400000000002,12.08785,True
pro_1024k_L60,pro,1024k,60,262127,1024,0.876,25.0333,13.446299999999999,1.8617240430452988,22.4206,12.728,True
pro_128k_L02,pro,128k,2,32771,1024,0.939,14.41255,10.0831,1.4293768781426346,12.28315,8.963,True
pro_128k_L04,pro,128k,4,32771,1024,0.863,12.7183,10.259049999999998,1.2397151783059837,10.849450000000001,9.192,True
pro_128k_L06,pro,128k,6,32771,1024,0.87,16.75025,10.30715,1.6251097539086945,14.691049999999999,9.307049999999998,True
pro_128k_L08,pro,128k,8,32771,1024,0.928,15.38695,9.69905,1.5864388780344467,13.022200000000002,8.7694,True
pro_128k_L10,pro,128k,10,32771,1024,0.899,16.11815,10.3632,1.5553255751119344,13.822299999999998,9.33115,True
pro_128k_L12,pro,128k,12,32771,1024,0.849,13.433399999999999,10.2463,1.3110488664200735,10.995149999999999,9.17595,True
pro_128k_L14,pro,128k,14,32771,1024,0.812,12.76155,9.2079,1.385934903723976,10.71505,8.6142,True
pro_128k_L16,pro,128k,16,32771,1024,0.665,13.207799999999999,11.158299999999999,1.1836749325614118,11.1503,10.4559,True
pro_128k_L18,pro,128k,18,32771,1024,0.688,13.595049999999999,9.934299999999999,1.3684960188438038,11.51675,9.15025,True
pro_128k_L20,pro,128k,20,32771,1024,0.782,13.0829,10.4399,1.2531633444764798,10.8047,9.34705,True
pro_128k_L22,pro,128k,22,32771,1024,0.433,14.2702,10.17585,1.4023595080509246,12.11665,9.0415,True
pro_128k_L24,pro,128k,24,32771,1024,0.683,13.751700000000001,10.094299999999999,1.3623232913624523,11.4719,8.9919,True
pro_128k_L26,pro,128k,26,32771,1024,0.454,14.31025,11.556700000000001,1.238264383431256,12.2768,10.929549999999999,True
pro_128k_L28,pro,128k,28,32771,1024,0.728,13.01905,10.900549999999999,1.194347991615102,11.06545,10.19345,True
pro_128k_L30,pro,128k,30,32771,1024,0.326,13.3887,10.17425,1.3159397498587118,11.323049999999999,9.510299999999999,True
pro_128k_L32,pro,128k,32,32771,1024,0.43,14.6029,10.20625,1.4307801592161664,12.4367,9.128,True
pro_128k_L34,pro,128k,34,32771,1024,0.612,14.0302,10.14555,1.3828920068404376,11.687850000000001,9.14225,True
pro_128k_L36,pro,128k,36,32771,1024,0.346,13.332600000000001,10.7215,1.243538683952805,11.09585,9.7295,True
pro_128k_L38,pro,128k,38,32771,1024,0.627,14.334299999999999,9.852649999999999,1.45486747220291,12.2845,9.17755,True
pro_128k_L40,pro,128k,40,32771,1024,0.415,12.57745,9.7376,1.2916375698324023,10.571,9.0271,True
pro_128k_L42,pro,128k,42,32771,1024,0.506,15.4176,10.707049999999999,1.439948445183314,13.34875,10.2207,True
pro_128k_L44,pro,128k,44,32771,1024,0.395,12.7582,10.35185,1.2324560344286286,10.908700000000001,9.22555,True
pro_128k_L46,pro,128k,46,32771,1024,0.609,14.11505,10.35515,1.3630946920131528,11.85585,9.2335,True
pro_128k_L48,pro,128k,48,32771,1024,0.346,13.55995,11.343950000000001,1.1953464181347766,11.24145,10.33435,True
pro_128k_L50,pro,128k,50,32771,1024,0.589,13.655850000000001,10.607850000000001,1.2873343797282202,11.6671,10.01745,True
pro_128k_L52,pro,128k,52,32771,1024,0.544,14.30065,10.740549999999999,1.331463472540978,12.2751,10.03665,True
pro_128k_L54,pro,128k,54,32771,1024,0.683,13.4239,10.852649999999999,1.2369237006629719,11.30715,10.29425,True
pro_128k_L56,pro,128k,56,32771,1024,0.527,14.75985,10.0879,1.4631241388197742,12.5024,9.06555,True
pro_128k_L58,pro,128k,58,32771,1024,0.685,13.48625,9.963149999999999,1.353613064141361,11.23825,8.9679,True
pro_128k_L60,pro,128k,60,32771,1024,0.872,12.8991,10.1647,1.269009414936004,10.9759,9.0591,True
pro_16k_L02,pro,16k,2,4099,1024,0.801,9.463899999999999,5.75675,1.6439657793025575,7.803100000000001,4.8975,True
pro_16k_L04,pro,16k,4,4099,1024,0.755,9.334299999999999,5.937600000000001,1.5720661546752894,7.6991000000000005,5.1678999999999995,True
pro_16k_L06,pro,16k,6,4099,1024,0.84,9.5039,5.929600000000001,1.6027893955747434,8.0255,5.1647,True
pro_16k_L08,pro,16k,8,4099,1024,0.874,10.820649999999999,5.7744,1.8739003186478247,9.39665,5.13115,True
pro_16k_L10,pro,16k,10,4099,1024,0.867,10.77585,5.71835,1.8844334467110269,9.2783,5.1407,True
pro_16k_L12,pro,16k,12,4099,1024,0.71,9.36315,5.80475,1.613015203066454,7.97115,5.2176,True
pro_16k_L14,pro,16k,14,4099,1024,0.773,9.265450000000001,5.99355,1.5459035129430807,8.0031,5.190300000000001,True
pro_16k_L16,pro,16k,16,4099,1024,0.84,8.78875,5.8767,1.4955246992359659,7.568,5.13435,True
pro_16k_L18,pro,16k,18,4099,1024,0.812,9.1455,6.84155,1.3367584830922818,7.90395,5.9648,True
pro_16k_L20,pro,16k,20,4099,1024,0.815,8.79665,6.74065,1.3050150949834216,7.7263,5.9503,True
pro_16k_L22,pro,16k,22,4099,1024,0.702,9.219100000000001,5.69435,1.6189907539929933,8.09735,5.041600000000001,True
pro_16k_L24,pro,16k,24,4099,1024,0.815,9.217450000000001,5.89915,1.5625047676360158,8.05595,5.2447,True
pro_16k_L26,pro,16k,26,4099,1024,0.8,8.958350000000001,5.99515,1.4942661985104628,7.7375,5.2847,True
pro_16k_L28,pro,16k,28,4099,1024,0.791,8.7455,5.959899999999999,1.4673903924562495,7.627,5.167949999999999,True
pro_16k_L30,pro,16k,30,4099,1024,0.739,9.39825,5.89745,1.5936124935353417,8.22075,5.0912,True
pro_16k_L32,pro,16k,32,4099,1024,0.767,8.98075,5.5823,1.6087902835748706,7.70075,4.9935,True
pro_16k_L34,pro,16k,34,4099,1024,0.828,8.915149999999999,5.779100000000001,1.5426537004031766,7.739199999999999,5.1343000000000005,True
pro_16k_L36,pro,16k,36,4099,1024,0.792,9.156600000000001,5.63035,1.6262932144538085,7.7695,5.011,True
pro_16k_L38,pro,16k,38,4099,1024,0.935,10.16785,6.8303,1.4886388592009134,8.9359,5.9695,True
pro_16k_L40,pro,16k,40,4099,1024,0.905,10.59345,5.9728,1.7736153897669436,9.1775,5.19515,True
pro_16k_L42,pro,16k,42,4099,1024,0.875,10.8319,6.031899999999999,1.795769160629321,9.6591,5.2863999999999995,True
pro_16k_L44,pro,16k,44,4099,1024,0.941,10.5583,5.6671000000000005,1.8630869404104389,9.18705,5.007899999999999,True
pro_16k_L46,pro,16k,46,4099,1024,0.829,9.041549999999999,6.68635,1.3522400113664403,7.69275,5.97105,True
pro_16k_L48,pro,16k,48,4099,1024,0.745,9.10235,5.89915,1.5429934821118296,7.9647,5.24,True
pro_16k_L50,pro,16k,50,4099,1024,0.917,10.53425,5.89595,1.7866925601472197,9.0575,5.1343000000000005,True
pro_16k_L52,pro,16k,52,4099,1024,0.864,10.85585,5.97105,1.8180805720936855,9.43185,5.17275,True
pro_16k_L54,pro,16k,54,4099,1024,0.881,11.1519,5.961600000000001,1.8706219806763282,9.8879,5.2223500000000005,True
pro_16k_L56,pro,16k,56,4099,1024,0.884,10.838299999999998,5.7216000000000005,1.894277824384787,9.718350000000001,5.103899999999999,True
pro_16k_L58,pro,16k,58,4099,1024,0.883,10.30545,5.83035,1.7675525483032752,9.1295,5.14395,True
pro_16k_L60,pro,16k,60,4099,1024,0.915,11.222299999999999,5.77915,1.9418599621051538,9.7231,5.168,True
pro_256k_L02,pro,256k,2,65539,1024,0.923,16.62695,10.7599,1.5452699374529504,14.93575,9.8191,True
pro_256k_L04,pro,256k,4,65539,1024,0.877,17.6943,10.843200000000001,1.6318337760070825,15.98075,9.9311,True
pro_256k_L06,pro,256k,6,65539,1024,0.908,16.43675,10.9662,1.4988555744013423,14.7407,9.99995,True
pro_256k_L08,pro,256k,8,65539,1024,0.927,17.47345,10.787049999999999,1.619854362406775,15.771049999999999,10.06715,True
pro_256k_L10,pro,256k,10,65539,1024,0.883,18.56935,10.11985,1.8349432056799262,16.79825,9.444700000000001,True
pro_256k_L12,pro,256k,12,65539,1024,0.826,14.153450000000001,10.7759,1.3134355367069108,12.411100000000001,10.105450000000001,True
pro_256k_L14,pro,256k,14,65539,1024,0.799,14.2813,11.06385,1.2908074494863904,12.80785,10.1647,True
pro_256k_L16,pro,256k,16,65539,1024,0.629,14.884799999999998,11.0447,1.3476871259518137,13.34555,10.1184,True
pro_256k_L18,pro,256k,18,65539,1024,0.608,14.686350000000001,11.14555,1.317687328126472,13.255799999999999,10.2367,True
pro_256k_L20,pro,256k,20,65539,1024,0.74,14.2382,10.59035,1.3444503722728711,12.715,9.934299999999999,True
pro_256k_L22,pro,256k,22,65539,1024,0.355,13.71345,10.8973,1.258426399199802,12.1935,10.2463,True
pro_256k_L24,pro,256k,24,65539,1024,0.606,15.3104,10.039950000000001,1.5249478334055446,13.7902,9.431899999999999,True
pro_256k_L26,pro,256k,26,65539,1024,0.463,16.18695,10.835049999999999,1.4939432674514654,14.679799999999998,9.9216,True
pro_256k_L28,pro,256k,28,65539,1024,0.641,14.689350000000001,11.011149999999999,1.3340432198271754,13.234950000000001,10.13585,True
pro_256k_L30,pro,256k,30,65539,1024,0.358,14.739049999999999,12.1567,1.2124219566165158,13.212549999999998,11.315,True
pro_256k_L32,pro,256k,32,65539,1024,0.489,15.9359,11.1071,1.434748944368917,14.4222,10.36465,True
pro_256k_L34,pro,256k,34,65539,1024,0.551,16.513450000000002,11.6525,1.4171594078523924,15.0127,11.0896,True
pro_256k_L36,pro,256k,36,65539,1024,0.417,13.763,10.751850000000001,1.2800587805819463,12.2542,10.014299999999999,True
pro_256k_L38,pro,256k,38,65539,1024,0.266,15.955,11.007850000000001,1.4494201865032679,14.5023,10.12945,True
pro_256k_L40,pro,256k,40,65539,1024,0.549,16.42375,10.93425,1.5020463223357796,14.943850000000001,10.008,True
pro_256k_L42,pro,256k,42,65539,1024,0.751,13.766,11.1343,1.2363597172700573,12.30355,10.171100000000001,True
pro_256k_L44,pro,256k,44,65539,1024,0.465,16.051,10.10385,1.588602364445236,14.5854,9.385549999999999,True
pro_256k_L46,pro,256k,46,65539,1024,0.709,14.2207,10.65915,1.3341307702771796,12.75345,9.90075,True
pro_256k_L48,pro,256k,48,65539,1024,0.466,17.34705,11.403049999999999,1.5212640477766914,15.9006,10.719850000000001,True
pro_256k_L50,pro,256k,50,65539,1024,0.456,16.09905,10.96135,1.4687105146720065,14.6031,10.0751,True
pro_256k_L52,pro,256k,52,65539,1024,0.517,16.4271,10.9837,1.4955889181241293,14.9535,10.0286,True
pro_256k_L54,pro,256k,54,65539,1024,0.702,14.1455,12.0,1.1787916666666667,12.643049999999999,11.12635,True
pro_256k_L56,pro,256k,56,65539,1024,0.568,15.59975,10.7071,1.4569537970131967,14.115200000000002,10.03665,True
pro_256k_L58,pro,256k,58,65539,1024,0.737,14.223799999999999,11.7968,1.2057337583073375,12.732700000000001,11.20955,True
pro_256k_L60,pro,256k,60,65539,1024,0.858,13.77745,10.77595,1.2785369271386746,12.2815,9.95665,True
pro_32k_L02,pro,32k,2,8195,1024,0.942,11.59025,7.027100000000001,1.649364602752202,9.4879,6.5903,True
pro_32k_L04,pro,32k,4,8195,1024,0.917,11.79185,7.69585,1.5322349058258673,9.6575,7.279850000000001,True
pro_32k_L06,pro,32k,6,8195,1024,0.909,12.204649999999999,6.95355,1.7551682234254444,9.9839,6.56475,True
pro_32k_L08,pro,32k,8,8195,1024,0.939,11.700700000000001,7.8335,1.4936746026680285,9.54385,7.4639,True
pro_32k_L10,pro,32k,10,8195,1024,0.912,12.34865,7.692699999999999,1.605242632625736,10.1214,7.29755,True
pro_32k_L12,pro,32k,12,8195,1024,0.859,9.912,7.3519,1.3482229083638244,8.32145,6.91995,True
pro_32k_L14,pro,32k,14,8195,1024,0.874,11.8015,7.4495,1.5842002818981142,9.8815,7.0943000000000005,True
pro_32k_L16,pro,32k,16,8195,1024,0.763,9.75195,7.86715,1.239578500473488,8.44795,7.4399,True
pro_32k_L18,pro,32k,18,8195,1024,0.681,10.15035,7.831899999999999,1.2960265069778727,8.8239,7.5008,True
pro_32k_L20,pro,32k,20,8195,1024,0.835,9.5551,8.940700000000001,1.0687194514970861,8.044649999999999,8.431899999999999,True
pro_32k_L22,pro,32k,22,8195,1024,0.562,10.58065,8.0253,1.3184117727686193,8.8431,7.63195,True
pro_32k_L24,pro,32k,24,8195,1024,0.755,9.8944,7.97915,1.240031832964664,8.36795,7.5855500000000005,True
pro_32k_L26,pro,32k,26,8195,1024,0.559,11.0975,8.0335,1.3814028754590153,9.51985,7.6175500000000005,True
pro_32k_L28,pro,32k,28,8195,1024,0.821,9.64145,7.89115,1.221805440271697,8.2767,7.46555,True
pro_32k_L30,pro,32k,30,8195,1024,0.53,11.2143,7.5615,1.4830787542154336,9.73915,7.167949999999999,True
pro_32k_L32,pro,32k,32,8195,1024,0.483,11.2542,7.6863,1.4641895320245113,9.588700000000001,7.22075,True
pro_32k_L34,pro,32k,34,8195,1024,0.704,9.769549999999999,7.883100000000001,1.2393030660526947,8.3199,7.4559,True
pro_32k_L36,pro,32k,36,8195,1024,0.49,11.08475,7.5327,1.471550705590293,9.4239,7.103899999999999,True
pro_32k_L38,pro,32k,38,8195,1024,0.637,10.27175,7.65435,1.3419493490629513,8.69115,7.2655,True
pro_32k_L40,pro,32k,40,8195,1024,0.498,10.963149999999999,7.9183,1.3845332962883445,9.32635,7.52795,True
pro_32k_L42,pro,32k,42,8195,1024,0.527,10.6655,8.0415,1.3263072809799168,9.4079,7.6446499999999995,True
pro_32k_L44,pro,32k,44,8195,1024,0.822,9.95975,7.39025,1.3476878319407326,8.2143,6.968,True
pro_32k_L46,pro,32k,46,8195,1024,0.752,9.6302,8.14715,1.182032980858337,8.13735,7.7071499999999995,True
pro_32k_L48,pro,32k,48,8195,1024,0.56,10.8511,7.8079,1.3897590901522818,9.0991,7.4544,True
pro_32k_L50,pro,32k,50,8195,1024,0.831,9.748700000000001,7.81105,1.2480652409087127,8.24465,7.406350000000001,True
pro_32k_L52,pro,32k,52,8195,1024,0.72,9.8206,7.59495,1.2930434038407101,8.2576,7.1983500000000005,True
pro_32k_L54,pro,32k,54,8195,1024,0.845,9.65595,7.648,1.2625457635983266,8.259049999999998,7.31355,True
pro_32k_L56,pro,32k,56,8195,1024,0.79,10.007850000000001,7.9167,1.2641441509719962,8.4991,7.446350000000001,True
pro_32k_L58,pro,32k,58,8195,1024,0.82,9.7887,7.84795,1.2472938792933186,8.10235,7.3823,True
pro_32k_L60,pro,32k,60,8195,1024,0.903,12.50715,8.8751,1.4092404592624308,10.251149999999999,8.3199,True
pro_4k_L02,pro,4k,2,1027,1024,1.0,5.7183,3.7888,1.5092641469594594,4.6432,3.18715,True
pro_4k_L04,pro,4k,4,1027,1024,0.998,8.90555,3.7903000000000002,2.3495633591008627,7.95515,3.2176,True
pro_4k_L06,pro,4k,6,1027,1024,0.998,9.4335,3.89595,2.421360643745428,8.4207,3.2864,True
pro_4k_L08,pro,4k,8,1027,1024,0.999,9.4575,3.8590500000000003,2.4507326932794338,8.3104,3.26395,True
pro_4k_L10,pro,4k,10,1027,1024,0.998,9.17585,3.7664,2.4362388487680544,8.0351,3.2592,True
pro_4k_L12,pro,4k,12,1027,1024,0.997,9.47355,3.85275,2.4589059762507297,8.32635,3.3183499999999997,True
pro_4k_L14,pro,4k,14,1027,1024,0.997,9.2319,3.7918499999999997,2.4346690929229795,8.123050000000001,3.1984,True
pro_4k_L16,pro,4k,16,1027,1024,1.0,5.82235,3.7488,1.5531236662398633,4.6463,3.19355,True
pro_4k_L18,pro,4k,18,1027,1024,0.997,9.5343,3.8176,2.4974591366303436,8.39675,3.24475,True
pro_4k_L20,pro,4k,20,1027,1024,0.997,9.14545,3.6495,2.50594602000274,8.11665,3.23515,True
pro_4k_L22,pro,4k,22,1027,1024,0.998,8.98385,3.6191999999999998,2.48227508841733,7.95025,3.19515,True
pro_4k_L24,pro,4k,24,1027,1024,0.997,9.46715,3.6496,2.5940240026304253,8.4176,3.224,True
pro_4k_L26,pro,4k,26,1027,1024,0.997,9.2943,3.7630500000000002,2.4698848008928924,8.13585,3.23195,True
pro_4k_L28,pro,4k,28,1027,1024,0.999,9.1119,3.82875,2.3798628795298726,7.9935,3.25115,True
pro_4k_L30,pro,4k,30,1027,1024,0.998,9.45905,3.81115,2.481941146373142,8.3727,3.288,True
pro_4k_L32,pro,4k,32,1027,1024,0.998,9.116700000000002,3.768,2.419506369426752,8.02065,3.2336,True
pro_4k_L34,pro,4k,34,1027,1024,0.997,9.105450000000001,3.75195,2.4268580338224126,7.9872,3.2224,True
pro_4k_L36,pro,4k,36,1027,1024,0.997,9.425450000000001,3.8543499999999997,2.4454058401546312,8.29755,3.2688,True
pro_4k_L38,pro,4k,38,1027,1024,0.997,9.251149999999999,3.85115,2.402178570037521,8.04635,3.2368,True
pro_4k_L40,pro,4k,40,1027,1024,0.999,9.2159,3.80955,2.4191571182948115,8.0272,3.2304,True
pro_4k_L42,pro,4k,42,1027,1024,0.998,9.615950000000002,3.81595,2.519936057862394,8.45915,3.2576,True
pro_4k_L44,pro,4k,44,1027,1024,0.997,9.36785,3.8192,2.4528304356933393,8.168,3.1824,True
pro_4k_L46,pro,4k,46,1027,1024,0.998,9.155149999999999,3.81275,2.4011933643695493,7.97895,3.1967,True
pro_4k_L48,pro,4k,48,1027,1024,0.998,9.719899999999999,3.8415500000000002,2.530202652575132,8.58555,3.24635,True
pro_4k_L50,pro,4k,50,1027,1024,0.999,9.35665,3.8096,2.4560715035699285,8.25435,3.2383,True
pro_4k_L52,pro,4k,52,1027,1024,0.998,9.0959,3.74715,2.4274181711434024,7.95025,3.2064,True
pro_4k_L54,pro,4k,54,1027,1024,0.998,9.491200000000001,3.824,2.4820083682008374,8.380799999999999,3.2735,True
pro_4k_L56,pro,4k,56,1027,1024,0.999,9.27025,2.9375999999999998,3.1557223583878002,8.0976,2.3695999999999997,True
pro_4k_L58,pro,4k,58,1027,1024,0.998,9.22555,3.824,2.4125392259414227,8.0815,3.24635,True
pro_4k_L60,pro,4k,60,1027,1024,0.998,9.5679,3.01115,3.1774903276156947,8.36155,2.4048000000000003,True
pro_512k_L02,pro,512k,2,131075,1024,0.939,19.1085,10.59185,1.8040757752422851,16.574150000000003,9.9231,True
pro_512k_L04,pro,512k,4,131075,1024,0.873,21.47655,10.865450000000001,1.9765909373288726,18.92795,10.19515,True
pro_512k_L06,pro,512k,6,131075,1024,0.921,18.81425,10.463899999999999,1.7980150804193469,16.19505,9.7407,True
pro_512k_L08,pro,512k,8,131075,1024,0.896,19.64295,11.1374,1.7636926033005909,17.04765,10.5118,True
pro_512k_L10,pro,512k,10,131075,1024,0.866,20.572650000000003,10.9088,1.8858765400410682,18.1262,10.24475,True
pro_512k_L12,pro,512k,12,131075,1024,0.86,21.1023,11.03345,1.9125749425610303,18.702099999999998,10.38545,True
pro_512k_L14,pro,512k,14,131075,1024,0.78,15.844700000000001,11.011,1.4389882844428301,14.091,10.4351,True
pro_512k_L16,pro,512k,16,131075,1024,0.586,17.55345,10.40635,1.6868018085111496,15.79665,9.806299999999998,True
pro_512k_L18,pro,512k,18,131075,1024,0.632,16.13905,10.29435,1.5677580420327657,14.5054,9.753549999999999,True
pro_512k_L20,pro,512k,20,131075,1024,0.745,15.695799999999998,11.411100000000001,1.3754852731112686,14.095799999999999,10.6639,True
pro_512k_L22,pro,512k,22,131075,1024,0.411,15.32315,11.14395,1.375019629485057,13.70065,10.348700000000001,True
pro_512k_L24,pro,512k,24,131075,1024,0.601,16.7822,10.53265,1.5933502015162375,15.10555,9.7439,True
pro_512k_L26,pro,512k,26,131075,1024,0.436,17.764599999999998,11.1119,1.598700492265049,16.151799999999998,10.414299999999999,True
pro_512k_L28,pro,512k,28,131075,1024,0.612,16.94215,10.2752,1.6488389520398632,15.23325,9.479899999999999,True
pro_512k_L30,pro,512k,30,131075,1024,0.23,17.495900000000002,11.6127,1.5066177546995962,15.8766,10.8799,True
pro_512k_L32,pro,512k,32,131075,1024,0.373,15.56475,11.15025,1.3959104055962872,14.09745,10.4527,True
pro_512k_L34,pro,512k,34,131075,1024,0.629,16.3549,11.032,1.4824963741841914,14.8333,10.385549999999999,True
pro_512k_L36,pro,512k,36,131075,1024,0.314,15.995149999999999,11.1535,1.434092437351504,14.5455,10.4975,True
pro_512k_L38,pro,512k,38,131075,1024,0.6,17.42075,11.35665,1.533969084192962,15.7309,10.524700000000001,True
pro_512k_L40,pro,512k,40,131075,1024,0.414,15.5375,10.075,1.5421836228287842,13.8335,9.348700000000001,True
pro_512k_L42,pro,512k,42,131075,1024,0.624,16.9533,11.2319,1.509388438287378,15.2302,10.46225,True
pro_512k_L44,pro,512k,44,131075,1024,0.393,17.4317,11.2766,1.5458294166681446,15.9661,10.387049999999999,True
pro_512k_L46,pro,512k,46,131075,1024,0.664,15.7774,12.419,1.2704243497866172,14.35515,11.59515,True
pro_512k_L48,pro,512k,48,131075,1024,0.297,16.548599999999997,10.931049999999999,1.5139076300995786,15.1455,10.10235,True
pro_512k_L50,pro,512k,50,131075,1024,0.628,15.951799999999999,11.1166,1.4349531331522227,14.52125,10.3759,True
pro_512k_L52,pro,512k,52,131075,1024,0.591,15.88475,11.2479,1.41224139617173,14.3455,10.42875,True
pro_512k_L54,pro,512k,54,131075,1024,0.668,15.851049999999999,10.96945,1.4450177538527456,14.40775,10.20945,True
pro_512k_L56,pro,512k,56,131075,1024,0.734,15.4702,10.4015,1.4873047156660097,14.17585,9.6271,True
pro_512k_L58,pro,512k,58,131075,1024,0.762,15.0861,11.16315,1.3514196261807823,13.77595,10.41115,True
pro_512k_L60,pro,512k,60,131075,1024,0.859,20.15345,11.537450000000002,1.7467854681927113,18.0207,10.881549999999999,True
pro_64k_L02,pro,64k,2,16387,1024,0.787,11.04305,9.0719,1.217280834224363,9.0063,8.3422,True
pro_64k_L04,pro,64k,4,16387,1024,0.796,11.15985,9.74225,1.1455105340142164,9.07835,8.886299999999999,True
pro_64k_L06,pro,64k,6,16387,1024,0.84,11.2415,9.81115,1.1457882103525072,9.1439,8.979049999999999,True
pro_64k_L08,pro,64k,8,16387,1024,0.86,10.5711,9.663950000000002,1.0938694840101613,8.9967,8.9136,True
pro_64k_L10,pro,64k,10,16387,1024,0.737,11.03675,9.8911,1.115826348939956,9.2239,9.1343,True
pro_64k_L12,pro,64k,12,16387,1024,0.655,12.04305,9.771049999999999,1.2325236284739103,10.12785,8.9855,True
pro_64k_L14,pro,64k,14,16387,1024,0.606,12.0383,9.959850000000001,1.2086828616896839,10.15025,9.2174,True
pro_64k_L16,pro,64k,16,16387,1024,0.544,12.0191,9.94685,1.208332286100625,10.1887,9.25265,True
pro_64k_L18,pro,64k,18,16387,1024,0.506,13.0031,10.7519,1.2093769473302394,11.0927,9.9599,True
pro_64k_L20,pro,64k,20,16387,1024,0.632,11.69265,9.68305,1.2075379141902605,9.7791,8.91015,True
pro_64k_L22,pro,64k,22,16387,1024,0.515,13.291049999999998,11.65425,1.1404466181864985,11.5551,10.798399999999999,True
pro_64k_L24,pro,64k,24,16387,1024,0.647,11.547,9.6639,1.1948592183280042,9.61905,8.886299999999999,True
pro_64k_L26,pro,64k,26,16387,1024,0.521,13.5086,11.62545,1.1619851274574315,11.7456,10.75985,True
pro_64k_L28,pro,64k,28,16387,1024,0.642,11.2719,9.73115,1.1583317490738505,9.491100000000001,9.0079,True
pro_64k_L30,pro,64k,30,16387,1024,0.312,11.774299999999998,10.816,1.088600221893491,9.822299999999998,9.9871,True
pro_64k_L32,pro,64k,32,16387,1024,0.416,10.72945,9.595049999999999,1.1182276277872445,8.86225,8.88955,True
pro_64k_L34,pro,64k,34,16387,1024,0.626,11.41105,9.56625,1.192844636090422,9.617450000000002,8.9055,True
pro_64k_L36,pro,64k,36,16387,1024,0.487,13.0238,10.9184,1.1928304513481829,11.02705,9.9374,True
pro_64k_L38,pro,64k,38,16387,1024,0.269,11.9086,13.0511,0.9124594861735792,10.0703,12.34225,True
pro_64k_L40,pro,64k,40,16387,1024,0.294,11.2911,10.5453,1.0707234502574607,9.539100000000001,9.8095,True
pro_64k_L42,pro,64k,42,16387,1024,0.441,13.10055,9.689549999999999,1.3520287319844577,11.26385,8.89275,True
pro_64k_L44,pro,64k,44,16387,1024,0.144,13.00465,11.3758,1.143185534204188,11.2239,10.459100000000001,True
pro_64k_L46,pro,64k,46,16387,1024,0.519,12.475,10.74875,1.1606000697755554,10.6671,9.902299999999999,True
pro_64k_L48,pro,64k,48,16387,1024,0.271,12.009450000000001,9.8527,1.2188993879850194,10.126299999999999,8.9359,True
pro_64k_L50,pro,64k,50,16387,1024,0.441,10.75985,9.636700000000001,1.116549233658825,8.961549999999999,8.8591,True
pro_64k_L52,pro,64k,52,16387,1024,0.374,10.908700000000001,10.4557,1.043325650123856,9.09105,9.62715,True
pro_64k_L54,pro,64k,54,16387,1024,0.635,12.1807,9.58875,1.270311563029592,10.323,8.8191,True
pro_64k_L56,pro,64k,56,16387,1024,0.602,12.067,9.9311,1.2150718450121336,10.190299999999999,9.1056,True
pro_64k_L58,pro,64k,58,16387,1024,0.655,11.5967,9.1455,1.2680225247389427,9.7471,8.4063,True
pro_64k_L60,pro,64k,60,16387,1024,0.86,11.046299999999999,9.945549999999999,1.1106776397484301,9.473450000000001,9.06865,True
pro_8k_L02,pro,8k,2,2051,1024,0.906,10.2319,4.3359499999999995,2.3597827465722623,8.8479,3.8670999999999998,True
pro_8k_L04,pro,8k,4,2051,1024,0.918,9.7535,4.4096,2.2118786284470247,8.52305,3.9215500000000003,True
pro_8k_L06,pro,8k,6,2051,1024,0.926,10.0559,4.448,2.260768884892086,8.64785,3.9631999999999996,True
pro_8k_L08,pro,8k,8,2051,1024,0.936,9.5775,4.4351,2.1594778020788707,8.46395,3.8863000000000003,True
pro_8k_L10,pro,8k,10,2051,1024,0.901,9.7839,4.48,2.1839062499999997,8.734350000000001,3.92635,True
pro_8k_L12,pro,8k,12,2051,1024,0.847,8.5183,4.5230500000000005,1.8833088292192213,7.4512,3.9568000000000003,True
pro_8k_L14,pro,8k,14,2051,1024,0.83,8.32145,4.443149999999999,1.8728717238895833,7.174300000000001,3.9392,True
pro_8k_L16,pro,8k,16,2051,1024,0.759,8.27665,4.4992,1.839582592460882,7.14395,3.94075,True
pro_8k_L18,pro,8k,18,2051,1024,0.78,8.691049999999999,4.41755,1.967391427374902,7.52475,3.9375500000000003,True
pro_8k_L20,pro,8k,20,2051,1024,0.863,9.911850000000001,4.3968,2.2543326965065504,8.8639,3.93435,True
pro_8k_L22,pro,8k,22,2051,1024,0.672,8.42555,4.3792,1.923992966751918,7.3312,3.93435,True
pro_8k_L24,pro,8k,24,2051,1024,0.656,8.6639,4.454350000000001,1.9450424865580833,7.5391,3.9919499999999997,True
pro_8k_L26,pro,8k,26,2051,1024,0.617,8.6447,4.38075,1.9733378987616277,7.6686499999999995,3.89275,True
pro_8k_L28,pro,8k,28,2051,1024,0.667,8.6783,5.1983999999999995,1.669417513080948,7.67345,4.6751499999999995,True
pro_8k_L30,pro,8k,30,2051,1024,0.461,8.62545,4.2496,2.0297086784638556,7.6815,3.776,True
pro_8k_L32,pro,8k,32,2051,1024,0.521,9.35985,5.30715,1.763630196998389,8.460700000000001,4.7231499999999995,True
pro_8k_L34,pro,8k,34,2051,1024,0.608,8.54075,4.4335,1.9264125408819213,7.6399,3.8975500000000003,True
pro_8k_L36,pro,8k,36,2051,1024,0.488,8.6815,4.3136,2.01258809347181,7.7806999999999995,3.8335,True
pro_8k_L38,pro,8k,38,2051,1024,0.829,8.383899999999999,4.47995,1.8714271364635764,7.2894499999999995,3.9215500000000003,True
pro_8k_L40,pro,8k,40,2051,1024,0.719,8.3199,4.415850000000001,1.8840993240259518,7.183949999999999,3.9024,True
pro_8k_L42,pro,8k,42,2051,1024,0.601,8.92625,4.4464,2.0075229399064414,7.82065,3.9775500000000004,True
pro_8k_L44,pro,8k,44,2051,1024,0.797,8.7615,4.44,1.9733108108108106,7.3679499999999996,3.9168000000000003,True
pro_8k_L46,pro,8k,46,2051,1024,0.611,8.8415,4.46395,1.9806449444998264,7.6734,3.9168000000000003,True
pro_8k_L48,pro,8k,48,2051,1024,0.617,8.817450000000001,4.475149999999999,1.9703138442286856,7.65275,3.9055999999999997,True
pro_8k_L50,pro,8k,50,2051,1024,0.704,8.4879,4.40155,1.9283888630141652,7.364649999999999,3.9135,True
pro_8k_L52,pro,8k,52,2051,1024,0.739,8.49265,4.4063,1.9273880580078524,7.3342,3.86875,True
pro_8k_L54,pro,8k,54,2051,1024,0.747,8.735899999999999,4.45595,1.960502249800828,7.57595,3.9344,True
pro_8k_L56,pro,8k,56,2051,1024,0.833,8.444700000000001,4.40475,1.9171803167035588,7.20315,3.8943499999999998,True
pro_8k_L58,pro,8k,58,2051,1024,0.875,10.2719,4.42395,2.3218842889273166,9.03355,3.9023000000000003,True
pro_8k_L60,pro,8k,60,2051,1024,0.952,10.012649999999999,4.3807,2.285627867692378,8.8159,3.8895999999999997,True
v32_128k_L03,v32,128k,3,131087,2048,0.904,18.53755,12.849350000000001,1.4426838711685803,17.072,12.227049999999998,True
v32_128k_L04,v32,128k,4,131087,2048,0.924,18.1038,12.6526,1.4308363498411394,16.61085,11.899,True
v32_128k_L05,v32,128k,5,131087,2048,0.925,18.406299999999998,12.3422,1.4913305569509485,16.87665,11.478200000000001,True
v32_128k_L06,v32,128k,6,131087,2048,0.855,18.132450000000002,13.020700000000001,1.3925864200849416,16.60785,12.4224,True
v32_128k_L07,v32,128k,7,131087,2048,0.849,17.76295,12.054200000000002,1.4735901179671813,16.2398,11.50225,True
v32_128k_L08,v32,128k,8,131087,2048,0.873,24.625349999999997,13.16465,1.8705662512865893,22.4479,12.447899999999999,True
v32_128k_L09,v32,128k,9,131087,2048,0.933,18.315150000000003,12.7694,1.4342999671088699,16.82205,11.95335,True
v32_128k_L10,v32,128k,10,131087,2048,0.872,17.918,12.683,1.4127572340928802,16.646150000000002,11.90555,True
v32_128k_L11,v32,128k,11,131087,2048,0.853,17.3295,13.19985,1.3128558279071354,16.01415,12.6398,True
v32_128k_L12,v32,128k,12,131087,2048,0.874,24.2956,13.259049999999998,1.8323786394952883,22.16305,12.4511,True
v32_128k_L13,v32,128k,13,131087,2048,0.881,25.4479,12.76625,1.99337315186527,22.563,12.1887,True
v32_128k_L14,v32,128k,14,131087,2048,0.904,17.670150000000003,12.21425,1.4466831774361917,16.29425,11.62235,True
v32_128k_L15,v32,128k,15,131087,2048,0.917,18.68625,12.5615,1.4875811009831628,17.1839,11.85585,True
v32_128k_L16,v32,128k,16,131087,2048,0.915,17.3358,12.4015,1.39787928879571,16.08155,11.77745,True
v32_128k_L17,v32,128k,17,131087,2048,0.801,19.9662,12.526200000000001,1.5939550701729175,18.71335,11.7455,True
v32_128k_L18,v32,128k,18,131087,2048,0.887,24.22385,12.84145,1.886379653388052,22.07175,12.094299999999999,True
v32_128k_L19,v32,128k,19,131087,2048,0.901,17.81415,12.441450000000001,1.4318387326236088,16.518349999999998,11.90225,True
v32_128k_L20,v32,128k,20,131087,2048,0.849,17.4815,11.9199,1.4665810954789888,16.21105,11.3167,True
v32_128k_L21,v32,128k,21,131087,2048,0.786,18.284599999999998,12.377450000000001,1.4772509684951258,17.086299999999998,11.656,True
v32_128k_L22,v32,128k,22,131087,2048,0.826,24.2205,12.6831,1.9096671949286848,22.2941,11.88945,True
v32_128k_L23,v32,128k,23,131087,2048,0.61,18.35005,12.9551,1.4164344543847596,17.079900000000002,12.23825,True
v32_128k_L24,v32,128k,24,131087,2048,0.343,19.2622,15.2799,1.2606234333994333,17.84955,14.5023,True
v32_128k_L25,v32,128k,25,131087,2048,0.607,19.2767,13.153450000000001,1.4655242540930327,18.0445,12.6287,True
v32_128k_L26,v32,128k,26,131087,2048,0.492,20.3598,16.12305,1.2627759636049012,19.047900000000002,15.57265,True
v32_128k_L27,v32,128k,27,131087,2048,0.507,20.44295,15.6431,1.3068349623795794,18.95985,14.91985,True
v32_128k_L28,v32,128k,28,131087,2048,0.539,20.530900000000003,14.47985,1.4178945223880082,19.2238,13.706850000000001,True
v32_128k_L29,v32,128k,29,131087,2048,0.48,20.33755,12.5055,1.6262884330894407,19.0222,11.75665,True
v32_128k_L30,v32,128k,30,131087,2048,0.492,20.06375,14.57595,1.3764969007165913,18.66855,13.90385,True
v32_128k_L31,v32,128k,31,131087,2048,0.498,17.747,16.11175,1.101494251090043,16.507,15.5165,True
v32_128k_L32,v32,128k,32,131087,2048,0.5,17.900599999999997,15.13105,1.1830375287901367,16.57105,14.46865,True
v32_128k_L33,v32,128k,33,131087,2048,0.573,18.921400000000002,13.4094,1.4110549316151357,17.603,12.5999,True
v32_128k_L34,v32,128k,34,131087,2048,0.62,18.0733,13.08465,1.3812597203593524,16.7662,12.30065,True
v32_128k_L35,v32,128k,35,131087,2048,0.673,19.59015,15.27185,1.2827620753215885,18.28145,14.49265,True
v32_128k_L36,v32,128k,36,131087,2048,0.787,24.64755,12.38875,1.9895106447381696,22.859,11.7455,True
v32_128k_L37,v32,128k,37,131087,2048,0.796,17.89585,12.766350000000001,1.4017984780301338,16.6767,12.15025,True
v32_128k_L38,v32,128k,38,131087,2048,0.801,17.64135,12.71825,1.3870894187486487,16.3951,12.0559,True
v32_128k_L39,v32,128k,39,131087,2048,0.78,18.062099999999997,13.100700000000002,1.3787125878769833,16.76625,12.24775,True
v32_128k_L40,v32,128k,40,131087,2048,0.809,17.6365,12.42385,1.419568008306604,16.3277,11.671850000000001,True
v32_128k_L41,v32,128k,41,131087,2048,0.828,18.795099999999998,13.38385,1.4043119132387165,17.4542,12.5967,True
v32_128k_L42,v32,128k,42,131087,2048,0.855,17.700599999999998,14.0094,1.2634802346995588,16.38385,13.19985,True
v32_128k_L43,v32,128k,43,131087,2048,0.863,18.530849999999997,12.24785,1.5129879938111586,17.294349999999998,11.595049999999999,True
v32_128k_L44,v32,128k,44,131087,2048,0.886,25.36625,11.947049999999999,2.12322288765846,23.3789,11.2335,True
v32_128k_L45,v32,128k,45,131087,2048,0.801,24.4798,12.2975,1.9906322423256761,22.5359,11.625350000000001,True
v32_128k_L46,v32,128k,46,131087,2048,0.858,18.0446,12.03495,1.4993498103440395,16.779,11.273549999999998,True
v32_128k_L47,v32,128k,47,131087,2048,0.932,18.628700000000002,12.206299999999999,1.5261545267607715,17.2878,11.4495,True
v32_128k_L48,v32,128k,48,131087,2048,0.857,17.7662,12.108649999999999,1.4672321026704052,16.50225,11.3438,True
v32_128k_L49,v32,128k,49,131087,2048,0.874,24.796400000000002,12.8479,1.929996341814616,22.9405,12.20305,True
v32_128k_L50,v32,128k,50,131087,2048,0.867,18.763,12.766200000000001,1.4697404082655763,17.468349999999997,12.1407,True
v32_128k_L51,v32,128k,51,131087,2048,0.911,17.58395,11.993450000000001,1.4661294289799849,16.47825,11.28455,True
v32_128k_L52,v32,128k,52,131087,2048,0.876,24.231650000000002,13.25425,1.8282173642416584,22.29595,12.435,True
v32_128k_L53,v32,128k,53,131087,2048,0.886,24.356650000000002,12.375950000000001,1.968063057785463,22.38535,11.51025,True
v32_128k_L54,v32,128k,54,131087,2048,0.93,25.2255,12.31185,2.04887973781357,23.22705,11.4495,True
v32_128k_L55,v32,128k,55,131087,2048,0.928,24.4942,12.252600000000001,1.999102231363139,22.537200000000002,11.577399999999999,True
v32_128k_L56,v32,128k,56,131087,2048,0.91,17.8845,11.95505,1.495978686831088,16.62855,11.35665,True
v32_128k_L57,v32,128k,57,131087,2048,0.92,18.2686,13.11665,1.3927794063270729,17.163,12.39505,True
v32_128k_L58,v32,128k,58,131087,2048,0.884,24.46525,12.547049999999999,1.949880649236275,22.54535,11.74065,True
v32_128k_L59,v32,128k,59,131087,2048,0.899,24.66535,13.19665,1.8690614663569922,22.7454,12.371049999999999,True
v32_128k_L60,v32,128k,60,131087,2048,0.907,24.698900000000002,12.39995,1.9918548058661527,22.72945,11.65095,True
v32_16k_L03,v32,16k,3,16399,2048,0.856,13.2254,12.1279,1.0904938200347958,11.63825,11.222299999999999,True
v32_16k_L04,v32,16k,4,16399,2048,0.788,13.046299999999999,11.9918,1.087935088977468,11.47505,11.11825,True
v32_16k_L05,v32,16k,5,16399,2048,0.873,12.4351,11.08295,1.1220027158834065,10.950299999999999,10.22065,True
v32_16k_L06,v32,16k,6,16399,2048,0.88,12.089450000000001,11.6591,1.03691108233054,10.74395,10.84475,True
v32_16k_L07,v32,16k,7,16399,2048,0.825,12.58535,11.203,1.1233910559671516,10.9792,10.3615,True
v32_16k_L08,v32,16k,8,16399,2048,0.846,15.8303,11.0029,1.4387388779321815,14.28465,10.20785,True
v32_16k_L09,v32,16k,9,16399,2048,0.825,12.70225,10.950299999999999,1.1599910504735031,11.31035,10.004700000000001,True
v32_16k_L10,v32,16k,10,16399,2048,0.867,13.18235,10.8911,1.2103781987127105,11.6848,10.03035,True
v32_16k_L11,v32,16k,11,16399,2048,0.831,12.72945,11.7328,1.0849456225282967,11.23835,10.95335,True
v32_16k_L12,v32,16k,12,16399,2048,0.858,15.1727,11.9647,1.2681220590570594,13.8366,10.9535,True
v32_16k_L13,v32,16k,13,16399,2048,0.89,14.9967,10.964649999999999,1.367731756143607,13.643049999999999,10.05275,True
v32_16k_L14,v32,16k,14,16399,2048,0.902,12.4222,11.40315,1.0893656577349242,11.01905,10.447899999999999,True
v32_16k_L15,v32,16k,15,16399,2048,0.885,12.50065,12.10225,1.0329194984403727,11.17915,11.1455,True
v32_16k_L16,v32,16k,16,16399,2048,0.856,12.339049999999999,11.006200000000002,1.121099925496538,11.041450000000001,10.233450000000001,True
v32_16k_L17,v32,16k,17,16399,2048,0.747,12.8463,11.63665,1.1039517386876807,11.595049999999999,10.902149999999999,True
v32_16k_L18,v32,16k,18,16399,2048,0.908,15.1791,11.12945,1.3638679359716788,13.831850000000001,10.2767,True
v32_16k_L19,v32,16k,19,16399,2048,0.864,12.1518,12.0399,1.0092940971270525,10.8815,11.08465,True
v32_16k_L20,v32,16k,20,16399,2048,0.738,12.29585,12.05585,1.0199073478850518,11.019200000000001,11.12625,True
v32_16k_L21,v32,16k,21,16399,2048,0.743,14.00145,12.3439,1.1342808998776723,12.61425,11.492700000000001,True
v32_16k_L22,v32,16k,22,16399,2048,0.791,12.40925,11.4367,1.0850376419771437,11.0446,10.5471,True
v32_16k_L23,v32,16k,23,16399,2048,0.779,12.063799999999999,11.51825,1.0473639658802334,10.8047,10.6576,True
v32_16k_L24,v32,16k,24,16399,2048,0.75,12.24625,11.7855,1.0390946502057612,11.02225,11.03675,True
v32_16k_L25,v32,16k,25,16399,2048,0.661,12.942350000000001,11.419049999999999,1.133399888782342,11.683200000000001,10.4991,True
v32_16k_L26,v32,16k,26,16399,2048,0.537,12.3535,12.0335,1.026592429467736,11.03195,11.187100000000001,True
v32_16k_L27,v32,16k,27,16399,2048,0.606,12.76305,11.526299999999999,1.1072980921891675,11.387049999999999,10.7247,True
v32_16k_L28,v32,16k,28,16399,2048,0.459,12.67515,11.29265,1.1224247630095683,11.37585,10.5519,True
v32_16k_L29,v32,16k,29,16399,2048,0.529,12.931049999999999,12.70865,1.0174998918059746,11.6031,11.93595,True
v32_16k_L30,v32,16k,30,16399,2048,0.496,12.11665,12.7774,0.9482876015464805,10.85585,12.1264,True
v32_16k_L31,v32,16k,31,16399,2048,0.481,12.737350000000001,11.10385,1.1471111371281133,11.44,10.18705,True
v32_16k_L32,v32,16k,32,16399,2048,0.513,12.68475,11.24315,1.1282202941346509,11.41425,10.36155,True
v32_16k_L33,v32,16k,33,16399,2048,0.258,13.2062,11.1295,1.186594186621142,11.8623,10.222299999999999,True
v32_16k_L34,v32,16k,34,16399,2048,0.533,13.1023,12.340549999999999,1.0617273946461059,11.9214,11.64785,True
v32_16k_L35,v32,16k,35,16399,2048,0.438,13.11665,11.116700000000002,1.179905007781086,11.92625,10.39025,True
v32_16k_L36,v32,16k,36,16399,2048,0.672,12.59825,11.0111,1.144140912352081,11.28305,10.1999,True
v32_16k_L37,v32,16k,37,16399,2048,0.646,12.08935,11.563,1.0455201937213525,10.80935,10.66385,True
v32_16k_L38,v32,16k,38,16399,2048,0.686,13.1695,12.26705,1.0735669945096824,11.8559,11.3504,True
v32_16k_L39,v32,16k,39,16399,2048,0.713,12.40145,12.3599,1.0033616776834764,11.0287,11.4527,True
v32_16k_L40,v32,16k,40,16399,2048,0.712,12.250950000000001,12.219100000000001,1.0026065749523287,10.8624,11.42215,True
v32_16k_L41,v32,16k,41,16399,2048,0.811,14.80145,11.382299999999999,1.3003918364478182,13.460700000000001,10.5615,True
v32_16k_L42,v32,16k,42,16399,2048,0.742,15.23665,11.91025,1.2792888478411453,13.8751,11.15185,True
v32_16k_L43,v32,16k,43,16399,2048,0.631,12.542399999999999,11.687850000000001,1.0731143880183265,11.1984,10.6735,True
v32_16k_L44,v32,16k,44,16399,2048,0.723,14.9455,11.85915,1.260250523857106,13.5903,10.97275,True
v32_16k_L45,v32,16k,45,16399,2048,0.715,15.251,12.398299999999999,1.2300879959349267,13.870299999999999,11.4335,True
v32_16k_L46,v32,16k,46,16399,2048,0.505,13.9406,11.7231,1.1891564517917614,12.66225,10.79185,True
v32_16k_L47,v32,16k,47,16399,2048,0.621,12.33745,11.7694,1.0482649922680851,11.0191,10.926350000000001,True
v32_16k_L48,v32,16k,48,16399,2048,0.621,12.5967,11.46065,1.0991261403149037,11.38865,10.687899999999999,True
v32_16k_L49,v32,16k,49,16399,2048,0.669,12.766200000000001,11.265450000000001,1.1332170485866078,11.427100000000001,10.334299999999999,True
v32_16k_L50,v32,16k,50,16399,2048,0.598,12.835,11.17755,1.1482838367978672,11.593399999999999,10.24785,True
v32_16k_L51,v32,16k,51,16399,2048,0.559,13.20305,11.8191,1.1170943642070885,11.80625,10.8303,True
v32_16k_L52,v32,16k,52,16399,2048,0.784,16.22865,12.068700000000002,1.3446891545899722,14.8574,11.09105,True
v32_16k_L53,v32,16k,53,16399,2048,0.729,12.23505,10.963149999999999,1.1160159260796396,10.8575,10.1279,True
v32_16k_L54,v32,16k,54,16399,2048,0.676,13.27825,11.188649999999999,1.1867606905211978,11.9167,10.29755,True
v32_16k_L55,v32,16k,55,16399,2048,0.684,12.2175,11.39985,1.071724627955631,10.8575,10.476700000000001,True
v32_16k_L56,v32,16k,56,16399,2048,0.709,12.64465,10.8367,1.1668358448605203,11.28315,9.915149999999999,True
v32_16k_L57,v32,16k,57,16399,2048,0.825,13.52465,11.7295,1.15304573937508,12.07835,10.7727,True
v32_16k_L58,v32,16k,58,16399,2048,0.857,15.29735,11.9999,1.2747897899149159,13.963,11.1471,True
v32_16k_L59,v32,16k,59,16399,2048,0.772,12.371049999999999,10.912,1.133710593841642,11.062299999999999,10.22385,True
v32_16k_L60,v32,16k,60,16399,2048,0.857,15.43985,11.1679,1.3825204380411715,14.1631,10.2447,True
v32_256k_L03,v32,256k,3,163775,2048,0.845,19.20625,12.5039,1.536020761522405,17.3741,11.7407,True
v32_256k_L04,v32,256k,4,163775,2048,0.899,19.4158,12.6015,1.5407530849502045,17.58535,11.79515,True
v32_256k_L05,v32,256k,5,163775,2048,0.92,19.46865,12.1662,1.6002243921684667,17.782349999999997,11.410950000000001,True
v32_256k_L06,v32,256k,6,163775,2048,0.762,19.0766,12.80315,1.4899926971096955,17.169400000000003,12.070200000000002,True
v32_256k_L07,v32,256k,7,163775,2048,0.801,19.290950000000002,12.7599,1.5118417855939312,17.395049999999998,12.06875,True
v32_256k_L08,v32,256k,8,163775,2048,0.836,29.28935,12.6975,2.30670210671392,25.967650000000003,11.90375,True
v32_256k_L09,v32,256k,9,163775,2048,0.935,19.49895,12.88625,1.5131593753031332,17.5485,12.05905,True
v32_256k_L10,v32,256k,10,163775,2048,0.845,18.359849999999998,12.0383,1.5251198258890373,16.42845,11.295950000000001,True
v32_256k_L11,v32,256k,11,163775,2048,0.85,17.971049999999998,13.419049999999999,1.3392192442833137,16.30705,12.638200000000001,True
v32_256k_L12,v32,256k,12,163775,2048,0.73,17.690900000000003,12.71175,1.3916966586032609,15.8431,11.980649999999999,True
v32_256k_L13,v32,256k,13,163775,2048,0.852,19.18235,12.33275,1.5553992418560336,17.318099999999998,11.507200000000001,True
v32_256k_L14,v32,256k,14,163775,2048,0.913,18.8751,12.5598,1.5028185162184111,17.11025,11.8206,True
v32_256k_L15,v32,256k,15,163775,2048,0.89,18.996599999999997,12.8366,1.4798778492747298,17.2622,12.02705,True
v32_256k_L16,v32,256k,16,163775,2048,0.779,18.13425,12.854299999999999,1.4107535999626586,16.2989,12.05905,True
v32_256k_L17,v32,256k,17,163775,2048,0.763,21.459049999999998,13.830350000000001,1.5515912467869575,19.913349999999998,13.14385,True
v32_256k_L18,v32,256k,18,163775,2048,0.919,26.27165,12.8783,2.0399936326999684,23.63655,12.0287,True
v32_256k_L19,v32,256k,19,163775,2048,0.887,18.932599999999997,12.51345,1.512980033483971,17.001450000000002,11.754950000000001,True
v32_256k_L20,v32,256k,20,163775,2048,0.831,18.73905,12.0559,1.554346834330079,17.0575,11.259,True
v32_256k_L21,v32,256k,21,163775,2048,0.841,20.0349,12.55975,1.5951671012559965,18.020599999999998,11.72145,True
v32_256k_L22,v32,256k,22,163775,2048,0.894,24.7261,13.33585,1.8541075372023528,22.09735,12.43825,True
v32_256k_L23,v32,256k,23,163775,2048,0.83,18.2606,12.15985,1.501712603362706,16.423849999999998,11.36785,True
v32_256k_L24,v32,256k,24,163775,2048,0.752,20.7789,12.995,1.598991919969219,18.89255,12.2783,True
v32_256k_L25,v32,256k,25,163775,2048,0.879,26.3917,12.4975,2.111758351670334,23.76455,11.6366,True
v32_256k_L26,v32,256k,26,163775,2048,0.78,19.44295,12.74065,1.5260563629014217,17.539,11.847850000000001,True
v32_256k_L27,v32,256k,27,163775,2048,0.821,25.29255,9.419049999999999,2.685254882392598,22.762900000000002,8.492799999999999,True
v32_256k_L28,v32,256k,28,163775,2048,0.867,18.7023,12.04955,1.5521160541265027,16.94865,11.25585,True
v32_256k_L29,v32,256k,29,163775,2048,0.792,18.62555,12.3119,1.512808746009958,16.759700000000002,11.491200000000001,True
v32_256k_L30,v32,256k,30,163775,2048,0.865,19.6829,13.0879,1.5039005493623883,17.8206,12.3167,True
v32_256k_L31,v32,256k,31,163775,2048,0.851,18.6878,12.070200000000002,1.5482593494722536,16.82535,11.28775,True
v32_256k_L32,v32,256k,32,163775,2048,0.841,19.5152,12.158299999999999,1.6050928172524122,17.67025,11.42075,True
v32_256k_L33,v32,256k,33,163775,2048,0.806,19.11825,12.124649999999999,1.5768084027167795,17.13745,11.302200000000001,True
v32_256k_L34,v32,256k,34,163775,2048,0.865,18.88315,12.1183,1.5582342407763465,16.8622,11.3088,True
v32_256k_L35,v32,256k,35,163775,2048,0.829,19.412599999999998,12.1615,1.59623401718538,17.6237,11.353549999999998,True
v32_256k_L36,v32,256k,36,163775,2048,0.875,27.562900000000003,12.6478,2.179264377994592,25.03655,11.835049999999999,True
v32_256k_L37,v32,256k,37,163775,2048,0.872,19.524549999999998,12.9327,1.5097040834473852,17.70225,12.185450000000001,True
v32_256k_L38,v32,256k,38,163775,2048,0.917,18.8095,13.11185,1.4345420364021857,16.9597,12.2815,True
v32_256k_L39,v32,256k,39,163775,2048,0.891,19.09095,12.51825,1.5250494278353603,17.377299999999998,11.6783,True
v32_256k_L40,v32,256k,40,163775,2048,0.815,18.470299999999998,12.28625,1.5033309594058397,16.708650000000002,11.41745,True
v32_256k_L41,v32,256k,41,163775,2048,0.854,18.715,12.2895,1.5228447048293259,16.79335,11.43015,True
v32_256k_L42,v32,256k,42,163775,2048,0.87,29.2204,13.716700000000001,2.130279148774851,25.74505,13.01745,True
v32_256k_L43,v32,256k,43,163775,2048,0.889,19.0989,12.051,1.584839432412248,17.3965,11.31815,True
v32_256k_L44,v32,256k,44,163775,2048,0.827,27.5612,12.966299999999999,2.125602523464674,25.095650000000003,12.2575,True
v32_256k_L45,v32,256k,45,163775,2048,0.816,19.1917,13.06375,1.4690804707683476,17.2301,12.3855,True
v32_256k_L46,v32,256k,46,163775,2048,0.886,18.61275,12.503950000000001,1.4885496183206104,16.625400000000003,11.6591,True
v32_256k_L47,v32,256k,47,163775,2048,0.917,19.3631,12.2799,1.5768125147598921,17.507099999999998,11.4976,True
v32_256k_L48,v32,256k,48,163775,2048,0.762,27.156599999999997,12.787049999999999,2.1237580208101163,24.753349999999998,12.1343,True
v32_256k_L49,v32,256k,49,163775,2048,0.874,26.811049999999998,12.81915,2.0914842247730934,24.305400000000002,12.03515,True
v32_256k_L50,v32,256k,50,163775,2048,0.857,18.9422,11.974350000000001,1.5818979735852048,17.06225,11.17435,True
v32_256k_L51,v32,256k,51,163775,2048,0.895,19.23345,12.10065,1.5894559383173632,17.430400000000002,11.34705,True
v32_256k_L52,v32,256k,52,163775,2048,0.845,26.11955,12.691049999999999,2.058107879174694,23.62215,11.7695,True
v32_256k_L53,v32,256k,53,163775,2048,0.821,26.56935,12.69585,2.0927586573565375,24.1166,11.868549999999999,True
v32_256k_L54,v32,256k,54,163775,2048,0.865,27.503700000000002,12.79825,2.1490203738792415,25.286099999999998,12.08145,True
v32_256k_L55,v32,256k,55,163775,2048,0.909,26.361549999999998,12.7103,2.074030510688182,24.0894,11.93745,True
v32_256k_L56,v32,256k,56,163775,2048,0.874,27.287650000000003,12.26535,2.2247754854121573,24.7598,11.52455,True
v32_256k_L57,v32,256k,57,163775,2048,0.863,18.836599999999997,13.67985,1.3769595426850438,17.08615,12.95185,True
v32_256k_L58,v32,256k,58,163775,2048,0.807,26.273349999999997,12.18705,2.1558416515891867,23.82535,11.33275,True
v32_256k_L59,v32,256k,59,163775,2048,0.848,27.11505,13.3231,2.0351907589074614,24.6334,12.510299999999999,True
v32_256k_L60,v32,256k,60,163775,2048,0.77,27.2271,12.1934,2.232937490773697,24.977349999999998,11.476600000000001,True
v32_32k_L03,v32,32k,3,32783,2048,0.839,15.5566,11.366200000000001,1.3686720275905755,13.87345,10.577399999999999,True
v32_32k_L04,v32,32k,4,32783,2048,0.693,15.54225,11.95185,1.300405376573501,13.9263,11.06695,True
v32_32k_L05,v32,32k,5,32783,2048,0.767,15.059,11.908700000000001,1.2645376909318395,13.4335,11.11025,True
v32_32k_L06,v32,32k,6,32783,2048,0.833,14.5198,11.23505,1.2923663001054735,12.69595,10.37115,True
v32_32k_L07,v32,32k,7,32783,2048,0.733,14.67985,12.0686,1.216367267122947,12.914950000000001,11.192,True
v32_32k_L08,v32,32k,8,32783,2048,0.738,19.0718,11.8671,1.6071154705024815,17.3661,10.9711,True
v32_32k_L09,v32,32k,9,32783,2048,0.804,15.26375,11.40315,1.3385555745561533,13.6221,10.6959,True
v32_32k_L10,v32,32k,10,32783,2048,0.771,14.73415,11.366200000000001,1.296312751843184,13.1311,10.6974,True
v32_32k_L11,v32,32k,11,32783,2048,0.72,15.30225,12.483049999999999,1.225842242080261,13.703850000000001,11.847850000000001,True
v32_32k_L12,v32,32k,12,32783,2048,0.758,14.5375,12.0286,1.2085778893636832,13.0079,11.153450000000001,True
v32_32k_L13,v32,32k,13,32783,2048,0.731,14.425450000000001,12.041549999999999,1.1979728523321336,12.817450000000001,11.16935,True
v32_32k_L14,v32,32k,14,32783,2048,0.758,14.908700000000001,12.1375,1.2283171987641608,13.2815,11.2143,True
v32_32k_L15,v32,32k,15,32783,2048,0.758,15.0814,11.8735,1.2701730744936204,13.47665,11.08785,True
v32_32k_L16,v32,32k,16,32783,2048,0.713,14.8463,12.5006,1.1876469929443385,13.1806,11.6784,True
v32_32k_L17,v32,32k,17,32783,2048,0.458,15.412600000000001,11.057450000000001,1.3938656742739057,13.84315,10.38545,True
v32_32k_L18,v32,32k,18,32783,2048,0.739,14.46225,11.7838,1.2272993431660415,12.8046,10.929450000000001,True
v32_32k_L19,v32,32k,19,32783,2048,0.736,14.569450000000002,12.124600000000001,1.2016437655675238,12.9647,11.22075,True
v32_32k_L20,v32,32k,20,32783,2048,0.398,15.54225,11.39505,1.3639475035212658,13.9231,10.6271,True
v32_32k_L21,v32,32k,21,32783,2048,0.521,14.7741,11.1006,1.330928057942814,13.1966,10.36465,True
v32_32k_L22,v32,32k,22,32783,2048,0.762,14.53585,11.57575,1.2557156123793276,12.942200000000001,10.78395,True
v32_32k_L23,v32,32k,23,32783,2048,0.481,15.3582,15.0078,1.0233478591132612,13.7631,14.41265,True
v32_32k_L24,v32,32k,24,32783,2048,0.543,15.20135,12.17435,1.2486375042610076,13.659049999999999,11.3775,True
v32_32k_L25,v32,32k,25,32783,2048,0.62,15.47985,11.80145,1.3116905126065017,13.758299999999998,10.9631,True
v32_32k_L26,v32,32k,26,32783,2048,0.527,16.09585,14.007850000000001,1.1490592774765576,14.4543,13.217450000000001,True
v32_32k_L27,v32,32k,27,32783,2048,0.479,16.3486,11.06545,1.477445562539255,14.80945,10.31985,True
v32_32k_L28,v32,32k,28,32783,2048,0.546,14.996649999999999,12.315100000000001,1.217744882298966,13.47505,11.5295,True
v32_32k_L29,v32,32k,29,32783,2048,0.375,15.6318,12.0495,1.297298643097224,14.01585,11.3247,True
v32_32k_L30,v32,32k,30,32783,2048,0.508,14.5198,14.03025,1.034892464496356,12.851,13.2062,True
v32_32k_L31,v32,32k,31,32783,2048,0.424,15.515,12.5342,1.2378133426943883,13.94055,11.77265,True
v32_32k_L32,v32,32k,32,32783,2048,0.396,16.107,12.1647,1.324077042590446,14.51025,11.53275,True
v32_32k_L33,v32,32k,33,32783,2048,0.238,17.83025,11.979049999999999,1.4884527571051127,16.23015,11.3407,True
v32_32k_L34,v32,32k,34,32783,2048,0.429,15.898950000000001,11.3581,1.3997895774821494,14.28625,10.7134,True
v32_32k_L35,v32,32k,35,32783,2048,0.499,14.81115,10.99995,1.346474302155919,13.22225,10.3231,True
v32_32k_L36,v32,32k,36,32783,2048,0.602,15.121450000000001,11.495899999999999,1.3153776563818407,13.476600000000001,10.58235,True
v32_32k_L37,v32,32k,37,32783,2048,0.542,14.53265,12.14555,1.1965411199986826,12.9055,11.248,True
v32_32k_L38,v32,32k,38,32783,2048,0.527,14.975850000000001,12.23505,1.2240121617811126,13.34385,11.334299999999999,True
v32_32k_L39,v32,32k,39,32783,2048,0.406,15.06695,11.69895,1.2878890840630997,13.563049999999999,10.8814,True
v32_32k_L40,v32,32k,40,32783,2048,0.545,14.3455,12.37425,1.1593025839949895,12.7887,11.65265,True
v32_32k_L41,v32,32k,41,32783,2048,0.462,15.79185,11.5471,1.3676031211299806,14.15025,10.7471,True
v32_32k_L42,v32,32k,42,32783,2048,0.516,14.6063,14.059,1.038928800056903,12.9454,13.15825,True
v32_32k_L43,v32,32k,43,32783,2048,0.304,16.08145,14.7902,1.0873044313126259,14.444700000000001,13.9454,True
v32_32k_L44,v32,32k,44,32783,2048,0.593,14.835049999999999,11.39505,1.3018854678127783,13.22545,10.511899999999999,True
v32_32k_L45,v32,32k,45,32783,2048,0.365,14.8159,12.0607,1.2284444518145712,13.1535,11.2303,True
v32_32k_L46,v32,32k,46,32783,2048,0.191,16.911849999999998,11.65565,1.450957261070811,15.28615,10.88785,True
v32_32k_L47,v32,32k,47,32783,2048,0.437,15.979049999999999,11.0927,1.440501410837758,14.4495,10.3855,True
v32_32k_L48,v32,32k,48,32783,2048,0.479,14.527700000000001,13.9294,1.0429523166827,12.8925,13.06705,True
v32_32k_L49,v32,32k,49,32783,2048,0.495,15.03345,13.819049999999999,1.0878786892007772,13.40625,12.9695,True
v32_32k_L50,v32,32k,50,32783,2048,0.379,15.57745,12.50865,1.2453342287137301,13.975850000000001,11.6991,True
v32_32k_L51,v32,32k,51,32783,2048,0.537,15.11825,12.13275,1.2460695225732006,13.5054,11.419,True
v32_32k_L52,v32,32k,52,32783,2048,0.634,15.1775,10.9935,1.3805885295856644,13.623850000000001,10.31025,True
v32_32k_L53,v32,32k,53,32783,2048,0.733,14.9054,12.0703,1.2348823144412318,13.265450000000001,11.3407,True
v32_32k_L54,v32,32k,54,32783,2048,0.512,15.3406,13.8735,1.1057483691930658,13.6271,12.9534,True
v32_32k_L55,v32,32k,55,32783,2048,0.468,14.54695,11.248,1.2932921408250357,12.899149999999999,10.361450000000001,True
v32_32k_L56,v32,32k,56,32783,2048,0.653,14.5551,11.44795,1.2714154062517742,12.929450000000001,10.6831,True
v32_32k_L57,v32,32k,57,32783,2048,0.65,14.6558,11.27665,1.2996590299424031,13.0735,10.591899999999999,True
v32_32k_L58,v32,32k,58,32783,2048,0.811,17.58535,11.24475,1.5638720291691677,16.0765,10.4975,True
v32_32k_L59,v32,32k,59,32783,2048,0.738,15.35665,12.14705,1.264228763362298,13.7295,11.38235,True
v32_32k_L60,v32,32k,60,32783,2048,0.819,18.5598,11.18225,1.659755415949384,16.91505,10.31825,True
v32_4k_L03,v32,4k,3,4111,2048,0.897,13.350200000000001,5.86555,2.276035495392589,11.9312,5.1536,True
v32_4k_L04,v32,4k,4,4111,2048,0.806,13.4862,5.99675,2.248918164005503,12.17105,5.28315,True
v32_4k_L05,v32,4k,5,4111,2048,0.902,12.963,7.0287,1.8442955311793077,11.6447,6.1951,True
v32_4k_L06,v32,4k,6,4111,2048,0.884,12.8285,5.99195,2.1409557823413077,11.50375,5.2318999999999996,True
v32_4k_L07,v32,4k,7,4111,2048,0.864,12.833450000000001,7.11355,1.8040851614172952,11.515049999999999,6.2686,True
v32_4k_L08,v32,4k,8,4111,2048,0.876,13.7135,7.062399999999999,1.9417620072496604,11.9679,6.19675,True
v32_4k_L09,v32,4k,9,4111,2048,0.872,10.227,5.99835,1.7049688664382705,8.97265,5.2879499999999995,True
v32_4k_L10,v32,4k,10,4111,2048,0.792,13.236600000000001,7.047899999999999,1.87809134635849,11.8415,6.2,True
v32_4k_L11,v32,4k,11,4111,2048,0.853,12.959950000000001,6.10075,2.124320780231939,11.6751,5.3696,True
v32_4k_L12,v32,4k,12,4111,2048,0.833,12.955200000000001,5.77915,2.241713746831282,11.42865,5.2542,True
v32_4k_L13,v32,4k,13,4111,2048,0.846,13.68135,6.84935,1.9974669129187441,12.23175,6.20315,True
v32_4k_L14,v32,4k,14,4111,2048,0.81,13.29265,5.85755,2.2693190839173374,12.0639,5.38555,True
v32_4k_L15,v32,4k,15,4111,2048,0.827,13.916649999999999,6.6175500000000005,2.1029912883166726,12.69095,6.20475,True
v32_4k_L16,v32,4k,16,4111,2048,0.796,12.9215,6.6176,1.9525961073500966,11.6238,6.207949999999999,True
v32_4k_L17,v32,4k,17,4111,2048,0.674,10.5519,5.53585,1.9061029471535536,9.103950000000001,5.2495,True
v32_4k_L18,v32,4k,18,4111,2048,0.815,13.577549999999999,5.824,2.331310096153846,12.0416,5.2719499999999995,True
v32_4k_L19,v32,4k,19,4111,2048,0.802,13.02705,5.9072,2.2052833829902494,11.75985,5.28955,True
v32_4k_L20,v32,4k,20,4111,2048,0.658,11.3567,6.79195,1.6720823916548266,9.8734,6.0991,True
v32_4k_L21,v32,4k,21,4111,2048,0.716,13.0191,5.544,2.348322510822511,11.923200000000001,5.2479499999999994,True
v32_4k_L22,v32,4k,22,4111,2048,0.799,12.7919,5.6015500000000005,2.283635779382492,11.6191,5.3151,True
v32_4k_L23,v32,4k,23,4111,2048,0.664,10.06865,5.60475,1.7964494402069673,8.8784,5.2847,True
v32_4k_L24,v32,4k,24,4111,2048,0.702,10.28465,5.81595,1.7683525477351076,8.8815,5.2976,True
v32_4k_L25,v32,4k,25,4111,2048,0.69,13.607899999999999,6.79995,2.0011764792388176,12.50375,6.1583000000000006,True
v32_4k_L26,v32,4k,26,4111,2048,0.522,10.28305,6.87995,1.4946402226760367,8.97735,6.2911,True
v32_4k_L27,v32,4k,27,4111,2048,0.547,10.62375,7.03185,1.5108044113568975,9.2079,6.1535,True
v32_4k_L28,v32,4k,28,4111,2048,0.674,10.415899999999999,6.0767,1.7140717823818847,8.959850000000001,5.352,True
v32_4k_L29,v32,4k,29,4111,2048,0.568,10.5551,6.10715,1.7283184464111738,9.1232,5.3519499999999995,True
v32_4k_L30,v32,4k,30,4111,2048,0.679,10.4702,6.06395,1.7266303317144764,9.03505,5.302350000000001,True
v32_4k_L31,v32,4k,31,4111,2048,0.64,10.29275,6.04155,1.703660484478321,8.8464,5.3392,True
v32_4k_L32,v32,4k,32,4111,2048,0.688,11.4175,7.1407,1.5989328777290743,9.9984,6.21275,True
v32_4k_L33,v32,4k,33,4111,2048,0.514,10.3119,5.745550000000001,1.7947629034644201,8.8591,5.01755,True
v32_4k_L34,v32,4k,34,4111,2048,0.729,10.1055,7.1696,1.409492858736889,9.01435,6.334350000000001,True
v32_4k_L35,v32,4k,35,4111,2048,0.705,10.1135,6.09915,1.6581818778026447,8.99825,5.3295,True
v32_4k_L36,v32,4k,36,4111,2048,0.788,12.9517,6.0063,2.1563524965452943,11.60295,5.295850000000001,True
v32_4k_L37,v32,4k,37,4111,2048,0.734,10.799850000000001,7.126399999999999,1.5154706443646164,9.6975,6.29915,True
v32_4k_L38,v32,4k,38,4111,2048,0.717,13.05105,6.1391,2.1258897884054666,11.88945,5.40155,True
v32_4k_L39,v32,4k,39,4111,2048,0.767,13.10855,6.9903,1.875248558717079,12.011,6.06875,True
v32_4k_L40,v32,4k,40,4111,2048,0.796,12.75345,5.95985,2.139894460431051,11.65265,5.2112,True
v32_4k_L41,v32,4k,41,4111,2048,0.762,13.14225,6.1023000000000005,2.15365517919473,12.0271,5.374350000000001,True
v32_4k_L42,v32,4k,42,4111,2048,0.833,12.6302,7.1278500000000005,1.7719508687752967,11.5503,6.19355,True
v32_4k_L43,v32,4k,43,4111,2048,0.743,13.50715,6.98395,1.9340273054646724,12.105450000000001,6.15355,True
v32_4k_L44,v32,4k,44,4111,2048,0.866,12.9615,5.963100000000001,2.173617749157317,11.55185,5.23675,True
v32_4k_L45,v32,4k,45,4111,2048,0.805,12.754950000000001,5.9663,2.137832492499539,11.582049999999999,5.2048000000000005,True
v32_4k_L46,v32,4k,46,4111,2048,0.776,13.291049999999998,6.00795,2.212243776995481,11.8813,5.2639499999999995,True
v32_4k_L47,v32,4k,47,4111,2048,0.793,9.94225,6.08795,1.6331030971016516,8.867049999999999,5.3151,True
v32_4k_L48,v32,4k,48,4111,2048,0.869,13.0925,6.0415,2.16709426466937,11.6816,5.27675,True
v32_4k_L49,v32,4k,49,4111,2048,0.784,12.66225,7.0432,1.7977978759654702,11.5182,6.23025,True
v32_4k_L50,v32,4k,50,4111,2048,0.808,12.88945,6.02715,2.138564661573049,11.764700000000001,5.2719499999999995,True
v32_4k_L51,v32,4k,51,4111,2048,0.82,13.025450000000001,5.99035,2.1744055021826774,11.8958,5.2143500000000005,True
v32_4k_L52,v32,4k,52,4111,2048,0.825,12.852649999999999,6.95035,1.849209032638644,11.758299999999998,6.142399999999999,True
v32_4k_L53,v32,4k,53,4111,2048,0.869,13.1022,6.01115,2.179649484707585,12.0383,5.2335,True
v32_4k_L54,v32,4k,54,4111,2048,0.719,13.06715,6.011100000000001,2.1738367353728933,11.78365,5.207949999999999,True
v32_4k_L55,v32,4k,55,4111,2048,0.788,12.313450000000001,6.8544,1.7964300303454717,11.26385,6.04155,True
v32_4k_L56,v32,4k,56,4111,2048,0.831,12.844700000000001,7.04635,1.8228870266166173,11.76475,6.1823500000000005,True
v32_4k_L57,v32,4k,57,4111,2048,0.77,12.7871,7.03675,1.817188332681991,11.67825,6.17755,True
v32_4k_L58,v32,4k,58,4111,2048,0.881,12.87185,5.99675,2.1464710051277778,11.6063,5.2496,True
v32_4k_L59,v32,4k,59,4111,2048,0.751,13.12945,7.01915,1.8705185100760064,11.9775,6.1151,True
v32_4k_L60,v32,4k,60,4111,2048,0.775,13.1021,7.027100000000001,1.8645102531627553,11.70865,6.1838999999999995,True
v32_64k_L03,v32,64k,3,65551,2048,0.826,16.57895,11.995049999999999,1.382149303254259,14.96945,11.5086,True
v32_64k_L04,v32,64k,4,65551,2048,0.729,17.53105,13.10705,1.3375282767670835,15.90225,12.69915,True
v32_64k_L05,v32,64k,5,65551,2048,0.887,18.0078,13.07825,1.3769273411962608,16.374100000000002,12.30225,True
v32_64k_L06,v32,64k,6,65551,2048,0.875,16.35995,12.4845,1.3104209219432097,14.70695,11.96785,True
v32_64k_L07,v32,64k,7,65551,2048,0.875,16.39665,12.15825,1.348602800567516,14.6991,11.67515,True
v32_64k_L08,v32,64k,8,65551,2048,0.867,23.16135,13.01255,1.7799239964495814,21.55975,12.16465,True
v32_64k_L09,v32,64k,9,65551,2048,0.745,16.15815,12.95185,1.2475553685380851,14.71815,12.19985,True
v32_64k_L10,v32,64k,10,65551,2048,0.802,16.43665,12.57425,1.3071674254925743,15.022200000000002,11.93425,True
v32_64k_L11,v32,64k,11,65551,2048,0.777,16.496,12.9071,1.278056263606852,15.0574,12.12945,True
v32_64k_L12,v32,64k,12,65551,2048,0.9,23.39495,12.24475,1.9106106698789278,22.015700000000002,11.3695,True
v32_64k_L13,v32,64k,13,65551,2048,0.878,16.2415,12.2431,1.3265839534104924,14.8174,11.380799999999999,True
v32_64k_L14,v32,64k,14,65551,2048,0.854,16.402849999999997,13.1054,1.2516100233491536,14.9342,12.31825,True
v32_64k_L15,v32,64k,15,65551,2048,0.829,16.867,12.1967,1.3829150507924275,15.42385,11.44775,True
v32_64k_L16,v32,64k,16,65551,2048,0.867,17.700650000000003,12.91995,1.3700246517981882,16.2799,12.233600000000001,True
v32_64k_L17,v32,64k,17,65551,2048,0.514,17.978900000000003,15.331,1.1727154132150548,16.510150000000003,14.699,True
v32_64k_L18,v32,64k,18,65551,2048,0.886,22.13745,12.401399999999999,1.7850766848904158,20.82685,11.52625,True
v32_64k_L19,v32,64k,19,65551,2048,0.733,16.47345,13.30545,1.238097922279968,15.0159,12.4368,True
v32_64k_L20,v32,64k,20,65551,2048,0.485,17.42865,12.139,1.4357566521130243,16.0014,11.403049999999999,True
v32_64k_L21,v32,64k,21,65551,2048,0.478,20.15505,15.9774,1.261472454842465,18.62375,15.163,True
v32_64k_L22,v32,64k,22,65551,2048,0.694,17.11825,12.283100000000001,1.39364248438912,15.6767,11.5615,True
v32_64k_L23,v32,64k,23,65551,2048,0.542,18.8477,13.521450000000002,1.393911155978094,17.4174,12.806299999999998,True
v32_64k_L24,v32,64k,24,65551,2048,0.501,23.605900000000002,14.846200000000001,1.5900297719281702,22.2189,14.08625,True
v32_64k_L25,v32,64k,25,65551,2048,0.513,20.539150000000003,15.1982,1.3514199049887488,19.21575,14.478299999999999,True
v32_64k_L26,v32,64k,26,65551,2048,0.358,24.089299999999998,15.0878,1.5966078553533318,22.72145,14.412600000000001,True
v32_64k_L27,v32,64k,27,65551,2048,0.428,23.54685,12.387,1.9009324291596026,22.19025,11.68305,True
v32_64k_L28,v32,64k,28,65551,2048,0.41,23.9325,13.12305,1.8236995210717022,22.580599999999997,12.489600000000001,True
v32_64k_L29,v32,64k,29,65551,2048,0.357,23.422099999999997,15.49415,1.5116737607419573,22.143849999999997,14.82375,True
v32_64k_L30,v32,64k,30,65551,2048,0.479,17.11975,12.1838,1.4051240171375106,15.67665,11.324549999999999,True
v32_64k_L31,v32,64k,31,65551,2048,0.184,21.56445,16.96625,1.2710204081632654,20.1485,16.15185,True
v32_64k_L32,v32,64k,32,65551,2048,0.261,21.3887,12.3455,1.7325098213924102,19.95975,11.68145,True
v32_64k_L33,v32,64k,33,65551,2048,0.157,21.53405,16.6782,1.2911495245290259,20.1662,15.883,True
v32_64k_L34,v32,64k,34,65551,2048,0.406,20.15025,13.219100000000001,1.5243284338570704,18.683,12.476600000000001,True
v32_64k_L35,v32,64k,35,65551,2048,0.448,18.69735,13.0415,1.4336809416094776,17.316599999999998,12.30545,True
v32_64k_L36,v32,64k,36,65551,2048,0.556,19.92305,13.89105,1.4342364328110546,18.486349999999998,13.18225,True
v32_64k_L37,v32,64k,37,65551,2048,0.5,17.05415,14.7567,1.1556886024653208,15.59515,14.06705,True
v32_64k_L38,v32,64k,38,65551,2048,0.511,17.47175,15.42225,1.1328924119372983,15.988700000000001,14.71505,True
v32_64k_L39,v32,64k,39,65551,2048,0.447,17.24295,12.687850000000001,1.3590127562983483,15.73745,11.9278,True
v32_64k_L40,v32,64k,40,65551,2048,0.513,19.32135,14.96945,1.2907187638824404,17.85585,14.25425,True
v32_64k_L41,v32,64k,41,65551,2048,0.595,16.33245,12.45275,1.3115536728834998,14.90705,11.7646,True
v32_64k_L42,v32,64k,42,65551,2048,0.586,17.210900000000002,13.014299999999999,1.3224606778697283,15.72315,12.2575,True
v32_64k_L43,v32,64k,43,65551,2048,0.396,17.350099999999998,13.1231,1.3221037712125943,16.0063,12.4175,True
v32_64k_L44,v32,64k,44,65551,2048,0.792,22.99505,12.6351,1.81993415168855,21.630200000000002,11.8846,True
v32_64k_L45,v32,64k,45,65551,2048,0.579,17.263900000000003,14.62545,1.1804012867980131,15.8188,13.961450000000001,True
v32_64k_L46,v32,64k,46,65551,2048,0.399,17.80305,13.33745,1.3348166253669178,16.3551,12.611049999999999,True
v32_64k_L47,v32,64k,47,65551,2048,0.496,23.85715,14.6334,1.6303217297415502,22.550150000000002,13.928,True
v32_64k_L48,v32,64k,48,65551,2048,0.609,17.459,12.8751,1.3560283026927946,16.07025,12.1567,True
v32_64k_L49,v32,64k,49,65551,2048,0.608,17.32455,12.39825,1.397338334039078,15.860700000000001,11.6031,True
v32_64k_L50,v32,64k,50,65551,2048,0.444,19.45895,12.179,1.5977461203711307,17.945349999999998,11.47185,True
v32_64k_L51,v32,64k,51,65551,2048,0.674,17.388650000000002,12.12635,1.4339558069823155,15.92455,11.4575,True
v32_64k_L52,v32,64k,52,65551,2048,0.784,16.151799999999998,12.28785,1.3144528945258933,14.675049999999999,11.427100000000001,True
v32_64k_L53,v32,64k,53,65551,2048,0.726,17.215700000000002,15.0414,1.1445543632906512,15.7551,14.3614,True
v32_64k_L54,v32,64k,54,65551,2048,0.745,16.52315,12.900649999999999,1.2807998046610056,15.08635,12.13265,True
v32_64k_L55,v32,64k,55,65551,2048,0.771,16.289450000000002,12.8719,1.265504704045246,14.83675,11.98225,True
v32_64k_L56,v32,64k,56,65551,2048,0.81,22.2364,11.8206,1.8811566248752176,20.838,11.08465,True
v32_64k_L57,v32,64k,57,65551,2048,0.755,16.3917,12.867049999999999,1.2739283674191055,14.905299999999999,12.1344,True
v32_64k_L58,v32,64k,58,65551,2048,0.865,24.203049999999998,12.719850000000001,1.902777941563776,22.83175,11.93595,True
v32_64k_L59,v32,64k,59,65551,2048,0.869,22.2077,12.99025,1.7095667904774734,20.9678,12.21905,True
v32_64k_L60,v32,64k,60,65551,2048,0.875,22.8605,13.2271,1.7283077923354324,21.5149,12.37585,True
v32_8k_L03,v32,8k,3,8207,2048,0.9,11.47825,7.98065,1.4382600414753184,10.12305,7.5535,True
v32_8k_L04,v32,8k,4,8207,2048,0.7,11.00475,8.0031,1.3750609138958654,9.7056,7.5312,True
v32_8k_L05,v32,8k,5,8207,2048,0.914,11.006200000000002,7.7519,1.4198067570531097,9.595049999999999,7.3823,True
v32_8k_L06,v32,8k,6,8207,2048,0.887,13.2447,8.64945,1.5312765551566863,11.6511,8.0719,True
v32_8k_L07,v32,8k,7,8207,2048,0.864,14.657399999999999,9.148700000000002,1.602129264267054,13.14715,8.51515,True
v32_8k_L08,v32,8k,8,8207,2048,0.865,14.6845,9.08145,1.616977465052387,13.35825,8.46055,True
v32_8k_L09,v32,8k,9,8207,2048,0.85,10.81265,7.67995,1.4079063014733169,9.295950000000001,7.2992,True
v32_8k_L10,v32,8k,10,8207,2048,0.89,11.05425,8.26075,1.3381654208153013,9.5632,7.77275,True
v32_8k_L11,v32,8k,11,8207,2048,0.775,10.913549999999999,9.5519,1.1425527905442896,9.623899999999999,8.9711,True
v32_8k_L12,v32,8k,12,8207,2048,0.908,13.67345,7.3839,1.8517924132233645,12.17745,6.899,True
v32_8k_L13,v32,8k,13,8207,2048,0.891,13.7631,7.91035,1.7398850872590972,12.3135,7.3935,True
v32_8k_L14,v32,8k,14,8207,2048,0.923,13.572700000000001,7.7135,1.7596032929279837,12.060799999999999,7.31675,True
v32_8k_L15,v32,8k,15,8207,2048,0.891,10.959950000000001,8.06235,1.3593989345538213,9.609399999999999,7.6239,True
v32_8k_L16,v32,8k,16,8207,2048,0.903,14.009450000000001,8.027149999999999,1.7452582797132237,12.4991,7.52795,True
v32_8k_L17,v32,8k,17,8207,2048,0.778,11.4558,8.283100000000001,1.383032922456568,10.16145,7.8382,True
v32_8k_L18,v32,8k,18,8207,2048,0.858,13.595,9.0175,1.507624064319379,12.01275,8.4687,True
v32_8k_L19,v32,8k,19,8207,2048,0.833,11.34865,8.1199,1.397634207317824,9.767850000000001,7.6015500000000005,True
v32_8k_L20,v32,8k,20,8207,2048,0.731,11.2095,8.10395,1.3832143584301484,9.852649999999999,7.6879,True
v32_8k_L21,v32,8k,21,8207,2048,0.801,11.00625,8.139149999999999,1.3522603711689798,9.732700000000001,7.7183,True
v32_8k_L22,v32,8k,22,8207,2048,0.891,13.71505,9.4495,1.4514048362347214,12.45585,8.7503,True
v32_8k_L23,v32,8k,23,8207,2048,0.831,12.01105,9.3855,1.2797453518725692,10.51985,8.75985,True
v32_8k_L24,v32,8k,24,8207,2048,0.797,11.20625,9.13105,1.227268495956106,9.7983,8.5295,True
v32_8k_L25,v32,8k,25,8207,2048,0.856,11.188649999999999,9.411100000000001,1.1888780270106574,9.833549999999999,8.7775,True
v32_8k_L26,v32,8k,26,8207,2048,0.821,10.915049999999999,8.1023,1.347154511681868,9.539100000000001,7.6991000000000005,True
v32_8k_L27,v32,8k,27,8207,2048,0.833,10.98385,8.1519,1.3473975392239848,9.6383,7.74065,True
v32_8k_L28,v32,8k,28,8207,2048,0.87,11.641549999999999,8.45275,1.3772500073940432,10.382299999999999,7.99035,True
v32_8k_L29,v32,8k,29,8207,2048,0.837,10.8079,8.2239,1.3142061552304867,9.5151,7.7581999999999995,True
v32_8k_L30,v32,8k,30,8207,2048,0.841,10.865450000000001,8.251100000000001,1.316848662602562,9.5711,7.7823,True
v32_8k_L31,v32,8k,31,8207,2048,0.833,11.08785,9.3919,1.1805758153302313,9.6912,8.7567,True
v32_8k_L32,v32,8k,32,8207,2048,0.851,10.71495,8.19195,1.307985278230458,9.38875,7.79675,True
v32_8k_L33,v32,8k,33,8207,2048,0.807,14.62065,8.9103,1.6408706777549578,13.27825,8.38715,True
v32_8k_L34,v32,8k,34,8207,2048,0.842,11.511899999999999,8.348700000000001,1.3788853354414456,10.2494,7.8542,True
v32_8k_L35,v32,8k,35,8207,2048,0.835,11.414200000000001,9.35195,1.2205155074610108,9.996649999999999,8.7936,True
v32_8k_L36,v32,8k,36,8207,2048,0.865,13.350200000000001,9.0383,1.4770698029496698,12.00305,8.4559,True
v32_8k_L37,v32,8k,37,8207,2048,0.882,11.0223,9.37275,1.1759942386172682,9.6927,8.75675,True
v32_8k_L38,v32,8k,38,8207,2048,0.887,14.0014,8.0735,1.734241654796557,12.5968,7.6912,True
v32_8k_L39,v32,8k,39,8207,2048,0.77,11.918299999999999,9.367899999999999,1.2722488497955786,10.3695,8.88625,True
v32_8k_L40,v32,8k,40,8207,2048,0.86,13.6575,8.0351,1.6997299349105799,12.27185,7.5566,True
v32_8k_L41,v32,8k,41,8207,2048,0.854,12.022200000000002,8.9487,1.3434577089409636,10.5326,8.364799999999999,True
v32_8k_L42,v32,8k,42,8207,2048,0.892,13.695799999999998,8.884649999999999,1.5415126088253337,12.31185,8.32465,True
v32_8k_L43,v32,8k,43,8207,2048,0.815,11.231950000000001,7.97755,1.4079447950811967,9.8814,7.488,True
v32_8k_L44,v32,8k,44,8207,2048,0.93,13.56315,7.7246999999999995,1.7558157598353337,12.155149999999999,7.2911,True
v32_8k_L45,v32,8k,45,8207,2048,0.855,13.5022,7.919899999999999,1.7048447581408859,12.100700000000002,7.470350000000001,True
v32_8k_L46,v32,8k,46,8207,2048,0.836,13.7902,9.31025,1.4811847157702533,12.401549999999999,8.609549999999999,True
v32_8k_L47,v32,8k,47,8207,2048,0.894,10.931149999999999,8.18065,1.336220226999077,9.5839,7.7471499999999995,True
v32_8k_L48,v32,8k,48,8207,2048,0.866,11.02225,7.985600000000001,1.3802657283109596,9.5199,7.507149999999999,True
v32_8k_L49,v32,8k,49,8207,2048,0.819,13.64785,8.112,1.682427268244576,12.1982,7.5455,True
v32_8k_L50,v32,8k,50,8207,2048,0.849,11.238299999999999,9.1838,1.2237091400074043,9.76155,8.6752,True
v32_8k_L51,v32,8k,51,8207,2048,0.861,14.1966,9.0127,1.5751772498807237,12.6767,8.55505,True
v32_8k_L52,v32,8k,52,8207,2048,0.86,13.83985,8.140699999999999,1.7000810741091064,12.351799999999999,7.6701999999999995,True
v32_8k_L53,v32,8k,53,8207,2048,0.883,13.5952,7.89905,1.7211183623347113,12.083200000000001,7.4143,True
v32_8k_L54,v32,8k,54,8207,2048,0.908,13.60305,9.011149999999999,1.5095797983609196,12.12625,8.473600000000001,True
v32_8k_L55,v32,8k,55,8207,2048,0.864,14.012649999999999,8.16475,1.7162374843075414,12.476600000000001,7.6111,True
v32_8k_L56,v32,8k,56,8207,2048,0.908,13.7246,7.8046999999999995,1.7585044908836984,12.29435,7.3343,True
v32_8k_L57,v32,8k,57,8207,2048,0.898,13.8623,8.1375,1.7035084485407066,12.379100000000001,7.70395,True
v32_8k_L58,v32,8k,58,8207,2048,0.912,15.12625,8.9775,1.684906711222501,13.63185,8.38075,True
v32_8k_L59,v32,8k,59,8207,2048,0.839,14.126299999999999,9.12945,1.5473330814013986,12.510200000000001,8.5616,True
v32_8k_L60,v32,8k,60,8207,2048,0.83,13.351799999999999,7.95025,1.679418886198547,11.8575,7.4479,True
