family,group,K,N,BS,isl,ship_us,h1_us,kb_us,full_us,ship_h1,ship_kb,ship_full,exact_all
real,flash,512,1027,1,4k,8.62,8.47,8.36,8.48,1.0181,1.0314,1.0174,T/T/T/T
real,flash,512,2051,1,8k,8.84,8.94,8.91,9.04,0.9894,0.9925,0.9784,T/T/T/T
real,flash,512,4099,1,16k,9.15,9.20,9.12,9.17,0.9953,1.0042,0.9984,T/T/T/T
real,flash,512,8195,1,32k,9.92,9.89,9.90,9.87,1.0026,1.0011,1.0045,T/T/T/T
real,flash,512,16387,1,64k,12.67,12.76,12.71,12.70,0.9928,0.9969,0.9974,T/T/T/T
real,flash,512,32771,1,128k,12.81,12.74,12.73,12.79,1.0050,1.0059,1.0015,T/T/T/T
real,flash,512,65538,1,256k,14.28,14.27,14.28,14.19,1.0004,0.9996,1.0060,T/T/T/T
real,flash,512,131075,1,512k,20.79,20.70,20.68,20.80,1.0044,1.0050,0.9995,T/T/T/T
real,flash,512,262127,1,1024k,18.39,18.24,18.39,18.22,1.0078,0.9999,1.0091,T/T/T/T
real,pro,1024,1027,1,4k,9.95,9.69,9.73,9.62,1.0261,1.0220,1.0343,T/T/T/T
real,pro,1024,2051,1,8k,9.17,9.16,9.15,9.19,1.0003,1.0017,0.9981,T/T/T/T
real,pro,1024,4099,1,16k,9.82,9.87,9.82,9.87,0.9950,1.0002,0.9950,T/T/T/T
real,pro,1024,8195,1,32k,11.47,11.57,11.49,11.54,0.9907,0.9982,0.9938,T/T/T/T
real,pro,1024,16387,1,64k,11.64,11.70,11.73,11.71,0.9947,0.9921,0.9941,T/T/T/T
real,pro,1024,32771,1,128k,13.44,13.41,13.39,13.37,1.0022,1.0031,1.0046,T/T/T/T
real,pro,1024,65539,1,256k,14.87,14.78,14.85,14.82,1.0063,1.0014,1.0034,T/T/T/T
real,pro,1024,131075,1,512k,22.60,23.37,22.61,23.37,0.9671,0.9994,0.9669,T/T/T/T
real,pro,1024,262127,1,1024k,19.95,20.16,19.91,20.13,0.9894,1.0015,0.9908,T/T/T/T
real,v32,2048,4111,1,4k,11.95,11.91,10.74,10.76,1.0028,1.1122,1.1107,T/T/T/T
real,v32,2048,8207,1,8k,12.67,12.72,11.63,11.64,0.9965,1.0899,1.0885,T/T/T/T
real,v32,2048,16399,1,16k,14.26,14.23,13.45,13.47,1.0024,1.0606,1.0583,T/T/T/T
real,v32,2048,32783,1,32k,17.26,17.32,16.27,16.20,0.9966,1.0610,1.0657,T/T/T/T
real,v32,2048,65551,1,64k,20.83,21.08,20.03,19.89,0.9882,1.0403,1.0477,T/T/T/T
real,v32,2048,131087,1,128k,18.49,19.31,17.92,18.97,0.9573,1.0319,0.9747,T/T/T/T
real,v32,2048,163775,1,256k,19.02,19.95,18.39,19.51,0.9532,1.0342,0.9748,T/T/T/T
synth,best,512,4096,1,,10.01,9.79,9.83,9.89,1.0219,1.0182,1.0123,T/T/T/T
synth,best,512,8192,1,,9.89,9.85,9.96,9.88,1.0042,0.9931,1.0014,T/T/T/T
synth,best,512,16384,1,,10.69,10.74,10.70,10.77,0.9954,0.9991,0.9920,T/T/T/T
synth,best,512,32768,1,,12.45,12.51,12.52,12.45,0.9958,0.9945,1.0001,T/T/T/T
synth,best,512,65536,1,,13.40,13.27,13.36,13.22,1.0098,1.0030,1.0138,T/T/T/T
synth,best,512,131072,1,,14.96,15.00,14.94,15.20,0.9973,1.0012,0.9843,T/T/T/T
synth,best,512,262144,1,,16.59,16.72,16.59,16.93,0.9922,0.9997,0.9800,T/T/T/T
synth,best,512,524288,1,,19.77,19.43,19.78,19.44,1.0172,0.9991,1.0168,T/T/T/T
synth,best,512,1048576,1,,26.02,25.85,25.96,25.79,1.0066,1.0021,1.0089,T/T/T/T
synth,best,1024,4096,1,,10.16,9.85,9.87,9.88,1.0317,1.0297,1.0287,T/T/T/T
synth,best,1024,8192,1,,10.38,10.39,10.37,10.42,0.9991,1.0011,0.9962,T/T/T/T
synth,best,1024,16384,1,,11.28,11.26,11.30,11.34,1.0010,0.9977,0.9945,T/T/T/T
synth,best,1024,32768,1,,12.96,12.96,12.94,12.95,1.0000,1.0016,1.0005,T/T/T/T
synth,best,1024,65536,1,,14.57,14.33,14.59,14.39,1.0167,0.9986,1.0127,T/T/T/T
synth,best,1024,131072,1,,14.96,15.25,14.94,15.20,0.9810,1.0014,0.9838,T/T/T/T
synth,best,1024,262144,1,,17.62,17.78,17.55,17.83,0.9913,1.0039,0.9883,T/T/T/T
synth,best,1024,524288,1,,20.35,21.05,20.33,20.99,0.9669,1.0010,0.9695,T/T/T/T
synth,best,1024,1048576,1,,27.51,27.48,27.91,27.46,1.0013,0.9857,1.0019,T/T/T/T
synth,best,2048,8192,1,,11.83,11.86,10.74,10.82,0.9974,1.1018,1.0939,T/T/T/T
synth,best,2048,16384,1,,13.11,13.02,12.14,12.12,1.0069,1.0800,1.0823,T/T/T/T
synth,best,2048,32768,1,,15.68,15.64,14.31,14.27,1.0026,1.0954,1.0982,T/T/T/T
synth,best,2048,65536,1,,17.17,17.10,15.99,15.47,1.0040,1.0741,1.1103,T/T/T/T
synth,best,2048,131072,1,,17.71,17.94,17.66,16.83,0.9875,1.0031,1.0522,T/T/T/T
synth,best,2048,262144,1,,20.06,20.18,20.15,19.44,0.9941,0.9954,1.0321,T/T/T/T
synth,best,2048,524288,1,,24.19,23.09,22.97,22.71,1.0477,1.0530,1.0655,T/T/T/T
synth,best,2048,1048576,1,,30.91,30.64,30.24,29.92,1.0089,1.0220,1.0329,T/T/T/T
synth,worst,512,4096,1,,9.25,9.16,9.05,9.16,1.0105,1.0217,1.0096,T/T/T/T
synth,worst,512,8192,1,,9.47,9.48,9.46,9.45,0.9992,1.0007,1.0022,T/T/T/T
synth,worst,512,16384,1,,10.31,10.38,10.30,10.31,0.9934,1.0009,1.0002,T/T/T/T
synth,worst,512,32768,1,,12.52,12.53,12.54,12.57,0.9994,0.9987,0.9964,T/T/T/T
synth,worst,512,65536,1,,13.09,13.00,13.08,12.93,1.0064,1.0010,1.0121,T/T/T/T
synth,worst,512,131072,1,,13.62,13.97,13.59,13.95,0.9746,1.0020,0.9761,T/T/T/T
synth,worst,512,262144,1,,16.72,16.93,16.71,16.94,0.9879,1.0010,0.9871,T/T/T/T
synth,worst,512,524288,1,,19.51,19.25,19.57,19.21,1.0134,0.9967,1.0153,T/T/T/T
synth,worst,512,1048576,1,,26.13,25.84,26.15,25.91,1.0113,0.9991,1.0082,T/T/T/T
synth,worst,1024,4096,1,,9.42,9.18,9.25,9.17,1.0258,1.0182,1.0267,T/T/T/T
synth,worst,1024,8192,1,,10.26,10.34,10.32,10.34,0.9917,0.9943,0.9920,T/T/T/T
synth,worst,1024,16384,1,,11.21,11.24,11.20,11.20,0.9974,1.0017,1.0010,T/T/T/T
synth,worst,1024,32768,1,,12.73,12.83,12.73,12.79,0.9924,0.9996,0.9951,T/T/T/T
synth,worst,1024,65536,1,,14.79,14.57,14.73,14.57,1.0150,1.0041,1.0154,T/T/T/T
synth,worst,1024,131072,1,,15.13,15.35,15.08,15.42,0.9856,1.0035,0.9812,T/T/T/T
synth,worst,1024,262144,1,,17.40,17.60,17.39,17.56,0.9889,1.0009,0.9910,T/T/T/T
synth,worst,1024,524288,1,,20.55,20.96,20.53,21.02,0.9803,1.0009,0.9776,T/T/T/T
synth,worst,1024,1048576,1,,27.50,27.03,27.53,27.02,1.0173,0.9990,1.0177,T/T/T/T
synth,worst,2048,8192,1,,11.93,11.96,10.96,11.06,0.9976,1.0885,1.0787,T/T/T/T
synth,worst,2048,16384,1,,13.17,13.17,12.24,12.25,1.0000,1.0766,1.0756,T/T/T/T
synth,worst,2048,32768,1,,16.46,16.44,14.88,14.90,1.0009,1.1064,1.1045,T/T/T/T
synth,worst,2048,65536,1,,16.88,16.74,15.97,15.81,1.0080,1.0564,1.0673,T/T/T/T
synth,worst,2048,131072,1,,17.84,17.94,17.34,17.11,0.9942,1.0290,1.0424,T/T/T/T
synth,worst,2048,262144,1,,20.88,20.83,20.40,20.20,1.0022,1.0234,1.0335,T/T/T/T
synth,worst,2048,524288,1,,23.95,23.72,23.50,23.28,1.0094,1.0189,1.0284,T/T/T/T
synth,worst,2048,1048576,1,,30.53,30.27,30.09,29.77,1.0087,1.0147,1.0257,T/T/T/T
