scenario,K,N,BS,hit_rate,gvr_cutedsl_cold_us,gvr_cutedsl_warm_us,radix_cutedsl_cold_us,radix_cutedsl_warm_us,sglang_streaming_cold_us,sglang_streaming_warm_us,sglang_v2_cold_us,sglang_v2_warm_us,flashinfer_topk_cold_us,flashinfer_topk_warm_us,flashinfer_topk_i32_cold_us,flashinfer_topk_i32_warm_us,sglang_v2_cold_span_us,sglang_v2_warm_span_us,anchor_ratio,rr_op21_hls_cold_us_adj,rr_op25_hls_cold_us_adj,rr_op26_r0auto_cold_us_adj,rr_gvr_multicta_cutedsl_cold_us_adj,rr_radix_single_cuda_cold_us_adj,rr_radix_multi_cuda_cold_us_adj
best,512,524288,2,0.55078125,65.307,59.501,20.097,18.856,148.041,149.525,20.013,16.157,24.915,19.925,25.629,20.06,20.013,16.157,,,,,,,
best,512,524288,4,0.55078125,65.096,59.486,23.84,21.895,147.847,149.608,20.824,16.61,25.777,20.309,26.438,20.459,20.824,16.61,,,,,,,
best,512,524288,8,0.55078125,65.237,59.511,30.329,27.813,147.823,149.585,21.374,16.778,26.176,20.468,26.849,20.635,21.374,16.778,,,,,,,
best,512,524288,16,0.55078125,66.578,59.799,56.675,53.182,148.439,149.914,25.878,25.429,37.336,29.635,37.281,29.773,25.878,25.429,,,,,,,
best,512,524288,32,0.55078125,75.406,60.048,110.028,104.415,149.017,150.295,84.614,62.705,43.36,32.256,43.476,32.721,47.981,36.43,,,,,,,
best,512,524288,64,0.55078125,110.94,100.085,215.077,211.099,150.625,149.472,136.612,117.097,77.182,66.46,77.313,66.341,74.19,63.931,,,,,,,
best,512,1048576,2,0.55078125,118.5,108.603,24.182,22.294,287.949,291.317,32.003,25.107,42.638,33.533,44.529,33.994,32.003,25.107,,,,,,,
best,512,1048576,4,0.55078125,118.19,108.607,30.848,28.41,287.916,291.551,32.52,25.54,43.393,33.925,45.337,34.415,32.52,25.54,,,,,,,
best,512,1048576,8,0.55078125,118.65,108.688,58.55,54.873,288.038,291.512,34.022,25.797,44.622,34.206,46.525,34.646,34.022,25.797,,,,,,,
best,512,1048576,16,0.55078125,130.105,109.021,114.694,107.708,288.43,291.795,44.006,40.805,68.955,54.279,70.217,55.685,44.006,40.805,,,,,,,
best,512,1048576,32,0.55078125,181.269,172.017,226.381,218.195,289.038,289.259,174.37,152.349,82.889,72.734,83.435,73.167,91.529,80.168,,,,,,,
best,512,1048576,64,0.55078125,202.959,188.753,443.308,434.502,290.404,289.823,266.645,240.163,140.437,129.513,142.185,131.124,139.684,126.474,,,,,,,
best,1024,524288,2,0.5498046875,69.569,64.268,20.197,18.944,150.431,152.073,20.942,17.259,26.651,21.677,27.357,21.809,20.942,17.259,,,,,,,
best,1024,524288,4,0.5498046875,69.487,64.263,24.002,22.178,150.341,152.115,22.096,17.735,27.435,22.093,28.214,22.194,22.096,17.735,,,,,,,
best,1024,524288,8,0.5498046875,69.811,64.288,30.755,28.261,150.474,152.101,22.499,17.937,27.85,22.256,28.685,22.367,22.499,17.937,,,,,,,
best,1024,524288,16,0.5498046875,71.252,64.579,58.526,54.96,150.949,152.479,27.702,26.907,39.392,32.171,39.702,32.391,27.702,26.907,,,,,,,
best,1024,524288,32,0.5498046875,78.894,64.785,110.983,105.554,151.949,153.123,89.732,66.12,45.79,34.898,45.948,35.069,50.777,38.619,,,,,,,
best,1024,524288,64,0.5498046875,115.636,104.296,202.042,197.692,153.513,152.256,144.452,124.733,81.492,70.874,80.76,70.231,77.907,67.578,,,,,,,
best,1024,1048576,2,0.5498046875,121.042,112.068,23.721,21.851,288.136,292.388,30.833,24.143,40.876,31.629,42.78,32.053,30.833,24.143,,,,,,,
best,1024,1048576,4,0.5498046875,121.057,112.108,30.333,27.839,288.001,292.529,31.616,24.576,41.526,32.018,43.483,32.516,31.616,24.576,,,,,,,
best,1024,1048576,8,0.5498046875,121.833,112.188,57.268,53.726,287.788,292.463,33.323,24.82,42.766,32.253,44.733,32.779,33.323,24.82,,,,,,,
best,1024,1048576,16,0.5498046875,138.007,121.971,111.175,105.41,288.428,292.913,42.715,40.139,65.67,49.542,67.297,50.967,42.715,40.139,,,,,,,
best,1024,1048576,32,0.5498046875,184.224,174.614,218.646,213.3,289.724,289.922,164.308,145.195,80.347,70.067,80.648,70.206,88.508,77.691,,,,,,,
best,1024,1048576,64,0.5498046875,205.407,191.604,429.964,424.58,291.12,290.412,263.497,237.736,135.724,124.848,136.257,124.943,137.556,124.313,,,,,,,
best,2048,524288,2,0.5498046875,74.948,70.098,20.601,19.332,,,22.929,19.199,35.093,30.277,35.312,29.782,22.929,19.199,,,,,,,
best,2048,524288,4,0.5498046875,75.203,70.103,24.608,22.907,,,23.621,19.68,35.843,30.681,36.016,30.203,23.621,19.68,,,,,,,
best,2048,524288,8,0.5498046875,75.548,70.164,32.502,29.992,,,24.459,19.878,36.403,30.88,36.723,30.429,24.459,19.878,,,,,,,
best,2048,524288,16,0.5498046875,76.806,70.488,61.078,57.458,,,30.731,29.962,55.371,49.099,55.125,48.713,30.731,29.962,,,,,,,
best,2048,524288,32,0.5498046875,81.825,70.724,119.201,112.404,,,98.407,75.819,62.881,52.599,62.136,51.83,54.569,43.023,,,,,,,
best,2048,524288,64,0.5498046875,121.863,109.682,211.53,208.469,,,153.06,136.089,118.401,111.41,112.031,105.671,83.587,73.821,,,,,,,
best,2048,1048576,2,0.5498046875,136.508,128.04,24.493,22.76,,,33.085,26.518,54.07,45.269,55.742,45.351,33.085,26.518,,,,,,,
best,2048,1048576,4,0.5498046875,136.302,128.055,31.67,29.309,,,33.997,27.103,55.084,45.668,56.579,45.76,33.997,27.103,,,,,,,
best,2048,1048576,8,0.5498046875,136.756,128.167,60.332,56.794,,,35.55,27.329,56.23,45.971,57.78,46.076,35.55,27.329,,,,,,,
best,2048,1048576,16,0.5498046875,143.841,132.023,117.604,111.537,,,45.92,43.189,90.126,76.413,91.009,77.18,45.92,43.189,,,,,,,
best,2048,1048576,32,0.5498046875,187.034,177.493,231.224,226.545,,,173.586,153.843,105.156,95.846,105.158,95.027,92.806,82.394,,,,,,,
best,2048,1048576,64,0.5498046875,224.096,206.436,455.695,451.585,,,277.822,253.426,191.299,183.005,184.848,176.773,142.601,130.412,,,,,,,
real,512,524288,2,0.73046875,63.513,57.635,20.268,18.883,147.963,149.22,19.933,16.148,24.94,19.912,25.654,20.04,19.933,16.148,,,,,,,
real,512,524288,4,0.73046875,63.434,57.642,23.788,22.086,148.03,149.375,20.619,16.613,25.619,20.31,26.209,20.471,20.619,16.613,,,,,,,
real,512,524288,8,0.73046875,68.895,66.405,30.22,27.927,148.113,149.367,21.312,16.752,26.249,20.442,26.904,20.626,21.312,16.752,,,,,,,
real,512,524288,16,0.73046875,65.055,58.059,57.442,53.587,148.508,149.723,26.053,25.379,37.465,29.565,37.59,29.999,26.053,25.379,,,,,,,
real,512,524288,32,0.73046875,74.274,58.416,112.96,105.234,149.113,150.1,86.268,62.37,43.747,32.288,43.601,32.658,48.675,36.351,,,,,,,
real,512,524288,64,0.73046875,109.221,98.105,195.888,187.914,150.494,149.183,137.011,117.596,76.953,66.1,77.626,77.525,74.113,63.764,,,,,,,
real,512,1048576,2,0.78515625,118.03,108.847,24.064,22.317,287.934,290.894,31.55,25.077,42.551,33.475,44.531,33.962,31.55,25.077,,,,,,,
real,512,1048576,4,0.78515625,118.302,108.894,31.174,28.633,287.818,291.049,32.521,25.523,43.343,33.903,45.31,34.354,32.521,25.523,,,,,,,
real,512,1048576,8,0.78515625,118.816,108.994,58.794,55.18,287.9,291.056,33.878,25.73,44.638,34.089,46.374,34.593,33.878,25.73,,,,,,,
real,512,1048576,16,0.78515625,134.393,109.382,114.598,108.164,288.484,291.511,43.519,40.828,69.522,54.278,71.045,55.649,43.519,40.828,,,,,,,
real,512,1048576,32,0.78515625,181.748,172.186,224.469,218.917,289.305,288.973,168.931,148.388,82.98,72.99,83.706,73.258,90.597,79.621,,,,,,,
real,512,1048576,64,0.78515625,203.004,188.887,440.592,435.349,290.558,289.707,268.051,242.848,140.646,129.262,142.2,130.896,139.606,126.787,,,,,,,
real,1024,524288,2,0.7373046875,66.548,61.104,20.36,18.909,150.977,151.975,20.569,16.544,27.444,22.501,28.183,22.572,20.569,16.544,,,,,,,
real,1024,524288,4,0.7373046875,66.658,61.162,24.099,22.343,151.076,152.09,20.803,16.968,27.974,22.901,28.74,22.953,20.803,16.968,,,,,,,
real,1024,524288,8,0.7373046875,66.97,61.196,31.026,28.648,151.028,152.19,21.59,17.115,28.662,23.018,29.283,23.088,21.59,17.115,,,,,,,
real,1024,524288,16,0.7373046875,68.361,61.529,58.857,55.217,151.459,152.52,27.092,26.386,41.182,34.289,41.571,34.587,27.092,26.386,,,,,,,
real,1024,524288,32,0.7373046875,76.276,61.843,115.755,107.799,152.251,153.156,91.085,67.698,47.575,36.813,47.778,36.58,49.324,37.794,,,,,,,
real,1024,524288,64,0.7373046875,112.688,101.494,225.702,216.1,153.771,152.483,139.694,119.367,84.581,74.107,84.044,73.388,75.573,64.863,,,,,,,
real,1024,1048576,2,0.603515625,121.558,112.939,23.878,21.963,290.927,293.749,31.577,24.496,42.665,33.36,44.523,33.817,31.577,24.496,,,,,,,
real,1024,1048576,4,0.603515625,122.123,112.981,30.77,28.353,290.754,293.913,31.955,24.958,43.259,33.783,45.246,34.206,31.955,24.958,,,,,,,
real,1024,1048576,8,0.603515625,122.355,113.073,58.639,54.834,290.914,293.991,33.331,25.138,44.449,34.003,46.428,34.436,33.331,25.138,,,,,,,
real,1024,1048576,16,0.603515625,139.22,118.572,115.585,107.591,291.148,294.462,43.527,40.497,69.409,53.318,70.985,54.599,43.527,40.497,,,,,,,
real,1024,1048576,32,0.603515625,185.33,175.383,227.651,218.215,292.252,292.027,168.47,146.682,83.008,72.573,83.047,72.576,90.178,79.129,,,,,,,
real,1024,1048576,64,0.603515625,206.583,192.134,442.822,433.312,293.364,292.551,265.308,240.119,140.244,129.398,140.745,129.606,138.788,125.553,,,,,,,
real,2048,524288,2,0.8203125,86.125,80.944,20.939,19.45,,,21.886,18.075,29.136,24.278,29.905,24.231,21.886,18.075,,,,,,,
real,2048,524288,4,0.8203125,86.485,81.004,24.279,22.534,,,22.675,18.532,29.923,24.687,30.508,24.638,22.675,18.532,,,,,,,
real,2048,524288,8,0.8203125,86.727,81.046,31.301,28.917,,,23.243,18.67,30.31,24.821,30.985,24.761,23.243,18.67,,,,,,,
real,2048,524288,16,0.8203125,88.04,81.545,59.35,55.783,,,29.185,28.432,44.95,37.551,45.001,37.351,29.185,28.432,,,,,,,
real,2048,524288,32,0.8203125,93.26,81.766,115.653,109.52,,,93.404,71.411,51.017,39.861,50.975,39.587,52.532,40.867,,,,,,,
real,2048,524288,64,0.8203125,140.696,128.308,224.106,216.875,,,150.42,129.774,91.024,81.091,88.986,78.883,80.535,70.119,,,,,,,
real,2048,1048576,2,0.61474609375,93.239,84.77,24.235,22.423,,,32.947,26.285,44.956,35.8,46.774,36.063,32.947,26.285,,,,,,,
real,2048,1048576,4,0.61474609375,93.482,84.819,31.217,28.918,,,33.702,26.734,45.587,36.221,47.422,36.519,33.702,26.734,,,,,,,
real,2048,1048576,8,0.61474609375,93.78,84.859,59.886,56.056,,,35.078,26.946,46.668,36.457,48.595,36.702,35.078,26.946,,,,,,,
real,2048,1048576,16,0.61474609375,102.208,85.302,117.923,109.781,,,45.583,42.93,72.78,58.166,74.05,59.207,45.583,42.93,,,,,,,
real,2048,1048576,32,0.61474609375,127.184,117.421,232.666,223.305,,,173.268,152.981,87.696,77.778,87.139,77.154,92.536,81.713,,,,,,,
real,2048,1048576,64,0.61474609375,145.107,130.136,454.393,442.469,,,272.207,247.125,148.899,138.332,148.262,137.524,141.377,128.823,,,,,,,
worst,512,524288,2,0.05078125,51.718,45.936,20.414,18.974,149.585,150.533,21.064,17.372,26.325,21.317,27.019,21.495,21.064,17.372,,,,,,,
worst,512,524288,4,0.05078125,51.563,45.917,23.891,22.028,149.466,150.519,21.595,17.418,26.857,21.41,27.518,21.534,21.595,17.418,,,,,,,
worst,512,524288,8,0.05078125,51.708,45.935,30.428,28.002,149.493,150.502,22.072,17.656,27.249,21.605,27.924,21.804,22.072,17.656,,,,,,,
worst,512,524288,16,0.05078125,53.137,45.942,57.495,53.871,149.531,150.643,27.347,26.669,38.633,31.211,38.868,31.308,27.347,26.669,,,,,,,
worst,512,524288,32,0.05078125,59.112,46.067,112.795,105.501,150.351,150.933,94.25,70.889,44.488,33.218,44.547,33.726,50.206,38.499,,,,,,,
worst,512,524288,64,0.05078125,80.228,69.54,220.898,213.484,151.454,150.702,141.81,123.674,78.228,67.866,78.393,67.976,76.756,67.389,,,,,,,
worst,512,1048576,2,0.05078125,92.02,82.309,24.081,22.21,288.083,291.412,37.96,26.269,41.958,32.846,43.908,33.199,37.96,26.269,,,,,,,
worst,512,1048576,4,0.05078125,91.666,82.245,30.896,28.389,287.81,291.446,32.486,25.554,42.215,32.74,44.107,33.26,32.486,25.554,,,,,,,
worst,512,1048576,8,0.05078125,92.391,82.284,58.627,54.565,287.755,291.513,34.038,25.825,43.487,33.001,45.361,33.49,34.038,25.825,,,,,,,
worst,512,1048576,16,0.05078125,97.941,82.256,115.52,106.966,287.97,291.691,43.907,41.133,67.655,52.101,69.124,53.513,43.907,41.133,,,,,,,
worst,512,1048576,32,0.05078125,124.72,115.841,227.97,218.12,288.525,288.93,168.673,148.823,81.455,71.261,81.657,71.33,90.533,80.072,,,,,,,
worst,512,1048576,64,0.05078125,142.032,127.985,444.51,433.324,289.894,289.283,266.719,241.595,136.818,126.066,138.675,127.698,139.835,126.633,,,,,,,
worst,1024,524288,2,0.0498046875,51.747,46.101,21.139,19.702,151.923,152.933,21.536,17.629,30.107,25.24,30.843,25.328,21.536,17.629,,,,,,,
worst,1024,524288,4,0.0498046875,51.766,46.121,24.409,22.477,151.733,152.965,21.998,17.728,30.541,25.364,31.384,25.403,21.998,17.728,,,,,,,
worst,1024,524288,8,0.0498046875,52.039,46.129,31.768,29.236,151.707,152.951,22.425,17.946,31.03,25.548,31.718,25.601,22.425,17.946,,,,,,,
worst,1024,524288,16,0.0498046875,53.145,46.151,59.45,55.665,151.801,152.992,27.957,27.298,45.577,39.278,46.017,39.497,27.957,27.298,,,,,,,
worst,1024,524288,32,0.0498046875,60.278,46.286,115.496,109.393,152.571,153.512,91.06,68.096,51.955,41.563,52.411,41.639,50.921,38.997,,,,,,,
worst,1024,524288,64,0.0498046875,80.303,69.408,226.794,220.746,153.949,152.852,144.23,124.961,91.751,81.583,91.295,81.118,77.844,67.737,,,,,,,
worst,1024,1048576,2,0.0498046875,91.887,82.836,23.83,21.936,291.629,294.958,32.331,25.445,40.251,30.794,42.16,31.282,32.331,25.445,,,,,,,
worst,1024,1048576,4,0.0498046875,91.69,82.87,30.182,27.758,291.371,294.935,32.486,25.585,40.467,30.98,42.427,31.471,32.486,25.585,,,,,,,
worst,1024,1048576,8,0.0498046875,92.589,82.861,56.983,53.571,291.291,294.903,34.294,25.845,41.84,31.228,43.726,31.651,34.294,25.845,,,,,,,
worst,1024,1048576,16,0.0498046875,99.663,83.313,110.996,105.263,291.376,295.467,44.134,41.461,63.942,48.03,64.979,49.384,44.134,41.461,,,,,,,
worst,1024,1048576,32,0.0498046875,125.068,115.716,218.228,212.796,292.312,292.81,169.712,149.463,78.268,67.922,78.494,68.333,91.18,80.15,,,,,,,
worst,1024,1048576,64,0.0498046875,142.198,128.474,428.883,423.725,293.536,293.073,271.906,246.989,133.035,122.228,133.101,122.105,139.458,126.987,,,,,,,
worst,2048,524288,2,0.0498046875,54.203,49.111,21.121,19.491,,,23.229,19.488,35.478,30.515,35.62,30.031,23.229,19.488,,,,,,,
worst,2048,524288,4,0.0498046875,54.284,49.109,24.541,22.7,,,23.524,19.625,35.734,30.615,35.982,30.143,23.524,19.625,,,,,,,
worst,2048,524288,8,0.0498046875,54.711,49.143,32.254,29.778,,,24.401,19.86,36.398,30.863,36.609,30.4,24.401,19.86,,,,,,,
worst,2048,524288,16,0.0498046875,55.961,49.111,61.121,57.5,,,30.988,30.263,55.672,49.377,55.438,48.983,30.988,30.263,,,,,,,
worst,2048,524288,32,0.0498046875,61.742,49.228,119.274,112.854,,,96.055,75.197,63.121,52.487,62.459,51.712,54.332,43.123,,,,,,,
worst,2048,524288,64,0.0498046875,83.305,71.488,234.1,227.064,,,159.241,140.139,117.831,111.21,111.781,105.652,83.258,73.49,,,,,,,
worst,2048,1048576,2,0.0498046875,95.249,86.876,24.721,22.825,,,33.336,26.823,54.46,45.487,56.052,45.599,33.336,26.823,,,,,,,
worst,2048,1048576,4,0.0498046875,95.34,86.957,31.561,29.122,,,33.812,26.976,55.009,45.706,56.537,45.811,33.812,26.976,,,,,,,
worst,2048,1048576,8,0.0498046875,96.122,86.935,59.722,56.373,,,35.556,27.347,56.214,45.903,57.713,45.982,35.556,27.347,,,,,,,
worst,2048,1048576,16,0.0498046875,100.618,86.957,116.352,110.383,,,46.321,43.377,90.692,76.608,91.623,77.485,46.321,43.377,,,,,,,
worst,2048,1048576,32,0.0498046875,129.25,119.519,228.607,223.512,,,175.097,155.087,105.159,95.642,104.613,95.043,93.687,82.852,,,,,,,
worst,2048,1048576,64,0.0498046875,146.883,132.373,449.726,445.089,,,275.141,249.871,191.356,183.112,185.099,177.099,143.467,130.158,,,,,,,
