model,isl,layer,dtype,N,K,s,z,mode,admit,band,miss
flash,4k,2,fp32,1027,512,1024,3.0,strat,1.106201171875,0.195556640625,0
flash,4k,2,fp32,1027,512,1024,3.0,iid,1.094482421875,0.18994140625,0
flash,4k,2,bf16,1027,512,1024,3.0,strat,1.114990234375,0.19775390625,0
flash,4k,2,bf16,1027,512,1024,3.0,iid,1.109375,0.19384765625,0
flash,4k,4,fp32,1027,512,1024,3.0,strat,1.093017578125,0.186279296875,0
flash,4k,4,fp32,1027,512,1024,3.0,iid,1.0947265625,0.189697265625,0
flash,4k,4,bf16,1027,512,1024,3.0,strat,1.09716796875,0.186767578125,0
flash,4k,4,bf16,1027,512,1024,3.0,iid,1.09716796875,0.189208984375,0
flash,4k,6,fp32,1027,512,1024,3.0,strat,1.094482421875,0.193115234375,0
flash,4k,6,fp32,1027,512,1024,3.0,iid,1.09521484375,0.18994140625,0
flash,4k,6,bf16,1027,512,1024,3.0,strat,1.104736328125,0.1982421875,0
flash,4k,6,bf16,1027,512,1024,3.0,iid,1.107421875,0.197265625,0
pro,4k,2,fp32,1027,1024,1024,3.0,strat,1.0028076171875,0.0089111328125,0
pro,4k,2,fp32,1027,1024,1024,3.0,iid,1.0029296875,0.0087890625,0
pro,4k,2,bf16,1027,1024,1024,3.0,strat,1.0028076171875,0.0081787109375,0
pro,4k,2,bf16,1027,1024,1024,3.0,iid,1.0029296875,0.0087890625,0
pro,4k,4,fp32,1027,1024,1024,3.0,strat,1.0029296875,0.009033203125,0
pro,4k,4,fp32,1027,1024,1024,3.0,iid,1.0029296875,0.0087890625,0
pro,4k,4,bf16,1027,1024,1024,3.0,strat,1.0029296875,0.007568359375,0
pro,4k,4,bf16,1027,1024,1024,3.0,iid,1.0029296875,0.005859375,0
pro,4k,6,fp32,1027,1024,1024,3.0,strat,1.0025634765625,0.009765625,0
pro,4k,6,fp32,1027,1024,1024,3.0,iid,1.0029296875,0.0089111328125,0
pro,4k,6,bf16,1027,1024,1024,3.0,strat,1.0025634765625,0.0081787109375,0
pro,4k,6,bf16,1027,1024,1024,3.0,iid,1.0029296875,0.0068359375,0
flash,8k,2,fp32,2051,512,1024,3.0,strat,1.16748046875,0.328125,0
flash,8k,2,fp32,2051,512,1024,3.0,iid,1.15087890625,0.31396484375,0
flash,8k,2,fp32,2051,512,2048,3.0,strat,1.115478515625,0.229736328125,0
flash,8k,2,fp32,2051,512,2048,3.0,iid,1.116943359375,0.232421875,0
flash,8k,2,bf16,2051,512,1024,3.0,strat,1.181396484375,0.335693359375,0
flash,8k,2,bf16,2051,512,1024,3.0,iid,1.16162109375,0.3173828125,0
flash,8k,2,bf16,2051,512,2048,3.0,strat,1.129150390625,0.233154296875,0
flash,8k,2,bf16,2051,512,2048,3.0,iid,1.125,0.228515625,0
flash,8k,4,fp32,2051,512,1024,3.0,strat,1.168701171875,0.327392578125,0
flash,8k,4,fp32,2051,512,1024,3.0,iid,1.145751953125,0.310791015625,0
flash,8k,4,fp32,2051,512,2048,3.0,strat,1.11572265625,0.22509765625,0
flash,8k,4,fp32,2051,512,2048,3.0,iid,1.116943359375,0.23291015625,0
flash,8k,4,bf16,2051,512,1024,3.0,strat,1.1748046875,0.327392578125,0
flash,8k,4,bf16,2051,512,1024,3.0,iid,1.15185546875,0.31298828125,0
flash,8k,4,bf16,2051,512,2048,3.0,strat,1.121826171875,0.228515625,0
flash,8k,4,bf16,2051,512,2048,3.0,iid,1.119140625,0.228515625,0
flash,8k,6,fp32,2051,512,1024,3.0,strat,1.167724609375,0.322509765625,0
flash,8k,6,fp32,2051,512,1024,3.0,iid,1.167724609375,0.324951171875,0
flash,8k,6,fp32,2051,512,2048,3.0,strat,1.106689453125,0.22802734375,0
flash,8k,6,fp32,2051,512,2048,3.0,iid,1.116943359375,0.232421875,0
flash,8k,6,bf16,2051,512,1024,3.0,strat,1.17236328125,0.325439453125,0
flash,8k,6,bf16,2051,512,1024,3.0,iid,1.1748046875,0.32861328125,0
flash,8k,6,bf16,2051,512,2048,3.0,strat,1.112060546875,0.23095703125,0
flash,8k,6,bf16,2051,512,2048,3.0,iid,1.119140625,0.232666015625,0
pro,8k,2,fp32,2051,1024,1024,3.0,strat,1.1029052734375,0.1898193359375,0
pro,8k,2,fp32,2051,1024,1024,3.0,iid,1.102294921875,0.19384765625,0
pro,8k,2,fp32,2051,1024,2048,3.0,strat,1.0694580078125,0.133544921875,0
pro,8k,2,fp32,2051,1024,2048,3.0,iid,1.0670166015625,0.1339111328125,0
pro,8k,2,bf16,2051,1024,1024,3.0,strat,1.105224609375,0.188232421875,0
pro,8k,2,bf16,2051,1024,1024,3.0,iid,1.1053466796875,0.1943359375,0
pro,8k,2,bf16,2051,1024,2048,3.0,strat,1.0726318359375,0.135009765625,0
pro,8k,2,bf16,2051,1024,2048,3.0,iid,1.0732421875,0.13671875,0
pro,8k,4,fp32,2051,1024,1024,3.0,strat,1.0955810546875,0.1868896484375,0
pro,8k,4,fp32,2051,1024,1024,3.0,iid,1.0849609375,0.1937255859375,0
pro,8k,4,fp32,2051,1024,2048,3.0,strat,1.069580078125,0.1329345703125,0
pro,8k,4,fp32,2051,1024,2048,3.0,iid,1.066650390625,0.1339111328125,0
pro,8k,4,bf16,2051,1024,1024,3.0,strat,1.1015625,0.18603515625,0
pro,8k,4,bf16,2051,1024,1024,3.0,iid,1.092529296875,0.1976318359375,0
pro,8k,4,bf16,2051,1024,2048,3.0,strat,1.076171875,0.130615234375,0
pro,8k,4,bf16,2051,1024,2048,3.0,iid,1.080078125,0.13671875,0
pro,8k,6,fp32,2051,1024,1024,3.0,strat,1.086669921875,0.191650390625,0
pro,8k,6,fp32,2051,1024,1024,3.0,iid,1.1016845703125,0.1893310546875,0
pro,8k,6,fp32,2051,1024,2048,3.0,strat,1.065673828125,0.1317138671875,0
pro,8k,6,fp32,2051,1024,2048,3.0,iid,1.06689453125,0.1339111328125,0
pro,8k,6,bf16,2051,1024,1024,3.0,strat,1.094970703125,0.196044921875,0
pro,8k,6,bf16,2051,1024,1024,3.0,iid,1.106201171875,0.189208984375,0
pro,8k,6,bf16,2051,1024,2048,3.0,strat,1.0689697265625,0.1292724609375,0
pro,8k,6,bf16,2051,1024,2048,3.0,iid,1.0732421875,0.1322021484375,0
flash,16k,2,fp32,4099,512,1024,3.0,strat,1.2314453125,0.4873046875,0
flash,16k,2,fp32,4099,512,1024,3.0,iid,1.22802734375,0.49951171875,0
flash,16k,2,fp32,4099,512,2048,3.0,strat,1.1923828125,0.352783203125,0
flash,16k,2,fp32,4099,512,2048,3.0,iid,1.174560546875,0.359375,0
flash,16k,2,fp32,4099,512,4096,3.0,strat,1.125732421875,0.246337890625,0
flash,16k,2,fp32,4099,512,4096,3.0,iid,1.125732421875,0.25,0
flash,16k,2,bf16,4099,512,1024,3.0,strat,1.248046875,0.489013671875,0
flash,16k,2,bf16,4099,512,1024,3.0,iid,1.235107421875,0.5009765625,0
flash,16k,2,bf16,4099,512,2048,3.0,strat,1.207763671875,0.3525390625,0
flash,16k,2,bf16,4099,512,2048,3.0,iid,1.188232421875,0.363037109375,0
flash,16k,2,bf16,4099,512,4096,3.0,strat,1.142578125,0.250732421875,0
flash,16k,2,bf16,4099,512,4096,3.0,iid,1.13671875,0.255859375,0
flash,16k,4,fp32,4099,512,1024,3.0,strat,1.2255859375,0.5029296875,0
flash,16k,4,fp32,4099,512,1024,3.0,iid,1.289794921875,0.4921875,0
flash,16k,4,fp32,4099,512,2048,3.0,strat,1.1826171875,0.336181640625,0
flash,16k,4,fp32,4099,512,2048,3.0,iid,1.193359375,0.3515625,0
flash,16k,4,fp32,4099,512,4096,3.0,strat,1.126220703125,0.24853515625,0
flash,16k,4,fp32,4099,512,4096,3.0,iid,1.125,0.25,0
flash,16k,4,bf16,4099,512,1024,3.0,strat,1.23046875,0.506591796875,0
flash,16k,4,bf16,4099,512,1024,3.0,iid,1.2939453125,0.494140625,0
flash,16k,4,bf16,4099,512,2048,3.0,strat,1.185791015625,0.3359375,0
flash,16k,4,bf16,4099,512,2048,3.0,iid,1.196533203125,0.3505859375,0
flash,16k,4,bf16,4099,512,4096,3.0,strat,1.1279296875,0.24609375,0
flash,16k,4,bf16,4099,512,4096,3.0,iid,1.12890625,0.25,0
flash,16k,6,fp32,4099,512,1024,3.0,strat,1.22900390625,0.489990234375,0
flash,16k,6,fp32,4099,512,1024,3.0,iid,1.254150390625,0.487060546875,0
flash,16k,6,fp32,4099,512,2048,3.0,strat,1.186279296875,0.341796875,0
flash,16k,6,fp32,4099,512,2048,3.0,iid,1.1650390625,0.347900390625,0
flash,16k,6,fp32,4099,512,4096,3.0,strat,1.126220703125,0.250244140625,0
flash,16k,6,fp32,4099,512,4096,3.0,iid,1.125244140625,0.25,0
flash,16k,6,bf16,4099,512,1024,3.0,strat,1.2353515625,0.494873046875,0
flash,16k,6,bf16,4099,512,1024,3.0,iid,1.2587890625,0.48974609375,0
flash,16k,6,bf16,4099,512,2048,3.0,strat,1.19140625,0.3447265625,0
flash,16k,6,bf16,4099,512,2048,3.0,iid,1.170166015625,0.351806640625,0
flash,16k,6,bf16,4099,512,4096,3.0,strat,1.13134765625,0.254150390625,0
flash,16k,6,bf16,4099,512,4096,3.0,iid,1.134765625,0.2578125,0
pro,16k,2,fp32,4099,1024,1024,3.0,strat,1.16015625,0.331787109375,0
pro,16k,2,fp32,4099,1024,1024,3.0,iid,1.1917724609375,0.357421875,0
pro,16k,2,fp32,4099,1024,2048,3.0,strat,1.130615234375,0.2401123046875,0
pro,16k,2,fp32,4099,1024,2048,3.0,iid,1.132568359375,0.2374267578125,0
pro,16k,2,fp32,4099,1024,4096,3.0,strat,1.077880859375,0.1641845703125,0
pro,16k,2,fp32,4099,1024,4096,3.0,iid,1.0811767578125,0.1630859375,0
pro,16k,2,bf16,4099,1024,1024,3.0,strat,1.162353515625,0.3328857421875,0
pro,16k,2,bf16,4099,1024,1024,3.0,iid,1.1961669921875,0.3609619140625,0
pro,16k,2,bf16,4099,1024,2048,3.0,strat,1.13623046875,0.2437744140625,0
pro,16k,2,bf16,4099,1024,2048,3.0,iid,1.13671875,0.2384033203125,0
pro,16k,2,bf16,4099,1024,4096,3.0,strat,1.07958984375,0.163818359375,0
pro,16k,2,bf16,4099,1024,4096,3.0,iid,1.0814208984375,0.1624755859375,0
pro,16k,4,fp32,4099,1024,1024,3.0,strat,1.1632080078125,0.3385009765625,0
pro,16k,4,fp32,4099,1024,1024,3.0,iid,1.1976318359375,0.3511962890625,0
pro,16k,4,fp32,4099,1024,2048,3.0,strat,1.1341552734375,0.2353515625,0
pro,16k,4,fp32,4099,1024,2048,3.0,iid,1.1234130859375,0.23974609375,0
pro,16k,4,fp32,4099,1024,4096,3.0,strat,1.077880859375,0.164306640625,0
pro,16k,4,fp32,4099,1024,4096,3.0,iid,1.08154296875,0.1630859375,0
pro,16k,4,bf16,4099,1024,1024,3.0,strat,1.1744384765625,0.3453369140625,0
pro,16k,4,bf16,4099,1024,1024,3.0,iid,1.2086181640625,0.354736328125,0
pro,16k,4,bf16,4099,1024,2048,3.0,strat,1.14599609375,0.239013671875,0
pro,16k,4,bf16,4099,1024,2048,3.0,iid,1.1357421875,0.2452392578125,0
pro,16k,4,bf16,4099,1024,4096,3.0,strat,1.089111328125,0.166748046875,0
pro,16k,4,bf16,4099,1024,4096,3.0,iid,1.0908203125,0.154296875,0
pro,16k,6,fp32,4099,1024,1024,3.0,strat,1.1304931640625,0.3070068359375,0
pro,16k,6,fp32,4099,1024,1024,3.0,iid,1.1754150390625,0.336669921875,0
pro,16k,6,fp32,4099,1024,2048,3.0,strat,1.1463623046875,0.2403564453125,0
pro,16k,6,fp32,4099,1024,2048,3.0,iid,1.1246337890625,0.2322998046875,0
pro,16k,6,fp32,4099,1024,4096,3.0,strat,1.075439453125,0.160400390625,0
pro,16k,6,fp32,4099,1024,4096,3.0,iid,1.0814208984375,0.1634521484375,0
pro,16k,6,bf16,4099,1024,1024,3.0,strat,1.135498046875,0.309814453125,0
pro,16k,6,bf16,4099,1024,1024,3.0,iid,1.1796875,0.3375244140625,0
pro,16k,6,bf16,4099,1024,2048,3.0,strat,1.1495361328125,0.2408447265625,0
pro,16k,6,bf16,4099,1024,2048,3.0,iid,1.1270751953125,0.2315673828125,0
pro,16k,6,bf16,4099,1024,4096,3.0,strat,1.076904296875,0.157958984375,0
pro,16k,6,bf16,4099,1024,4096,3.0,iid,1.0828857421875,0.1600341796875,0
flash,32k,2,fp32,8195,512,1024,3.0,strat,1.34423828125,0.699462890625,0
flash,32k,2,fp32,8195,512,1024,3.0,iid,1.399169921875,0.730224609375,0
flash,32k,2,fp32,8195,512,2048,3.0,strat,1.263671875,0.505859375,0
flash,32k,2,fp32,8195,512,2048,3.0,iid,1.316162109375,0.53662109375,0
flash,32k,2,fp32,8195,512,4096,3.0,strat,1.181884765625,0.3671875,0
flash,32k,2,fp32,8195,512,4096,3.0,iid,1.2080078125,0.3818359375,0
flash,32k,2,bf16,8195,512,1024,3.0,strat,1.36328125,0.708984375,0
flash,32k,2,bf16,8195,512,1024,3.0,iid,1.4091796875,0.724609375,0
flash,32k,2,bf16,8195,512,2048,3.0,strat,1.290283203125,0.51953125,0
flash,32k,2,bf16,8195,512,2048,3.0,iid,1.338134765625,0.5478515625,0
flash,32k,2,bf16,8195,512,4096,3.0,strat,1.2060546875,0.380859375,0
flash,32k,2,bf16,8195,512,4096,3.0,iid,1.228271484375,0.38720703125,0
flash,32k,4,fp32,8195,512,1024,3.0,strat,1.40283203125,0.754638671875,0
flash,32k,4,fp32,8195,512,1024,3.0,iid,1.47314453125,0.83349609375,0
flash,32k,4,fp32,8195,512,2048,3.0,strat,1.294189453125,0.52001953125,0
flash,32k,4,fp32,8195,512,2048,3.0,iid,1.294677734375,0.538330078125,0
flash,32k,4,fp32,8195,512,4096,3.0,strat,1.20361328125,0.361572265625,0
flash,32k,4,fp32,8195,512,4096,3.0,iid,1.216552734375,0.37939453125,0
flash,32k,4,bf16,8195,512,1024,3.0,strat,1.414306640625,0.7626953125,0
flash,32k,4,bf16,8195,512,1024,3.0,iid,1.485595703125,0.839111328125,0
flash,32k,4,bf16,8195,512,2048,3.0,strat,1.301025390625,0.519775390625,0
flash,32k,4,bf16,8195,512,2048,3.0,iid,1.30224609375,0.542236328125,0
flash,32k,4,bf16,8195,512,4096,3.0,strat,1.21142578125,0.360107421875,0
flash,32k,4,bf16,8195,512,4096,3.0,iid,1.22607421875,0.379150390625,0
flash,32k,6,fp32,8195,512,1024,3.0,strat,1.37158203125,0.770751953125,0
flash,32k,6,fp32,8195,512,1024,3.0,iid,1.44580078125,0.8203125,0
flash,32k,6,fp32,8195,512,2048,3.0,strat,1.26513671875,0.54150390625,0
flash,32k,6,fp32,8195,512,2048,3.0,iid,1.30078125,0.5703125,0
flash,32k,6,fp32,8195,512,4096,3.0,strat,1.163818359375,0.36279296875,0
flash,32k,6,fp32,8195,512,4096,3.0,iid,1.19384765625,0.3798828125,0
flash,32k,6,bf16,8195,512,1024,3.0,strat,1.375,0.773681640625,0
flash,32k,6,bf16,8195,512,1024,3.0,iid,1.447509765625,0.821533203125,0
flash,32k,6,bf16,8195,512,2048,3.0,strat,1.26708984375,0.54345703125,0
flash,32k,6,bf16,8195,512,2048,3.0,iid,1.302978515625,0.572509765625,0
flash,32k,6,bf16,8195,512,4096,3.0,strat,1.164306640625,0.36328125,0
flash,32k,6,bf16,8195,512,4096,3.0,iid,1.195556640625,0.381591796875,0
pro,32k,2,fp32,8195,1024,1024,3.0,strat,1.2440185546875,0.5091552734375,0
pro,32k,2,fp32,8195,1024,1024,3.0,iid,1.2412109375,0.47705078125,0
pro,32k,2,fp32,8195,1024,2048,3.0,strat,1.183349609375,0.352294921875,0
pro,32k,2,fp32,8195,1024,2048,3.0,iid,1.1805419921875,0.3511962890625,0
pro,32k,2,fp32,8195,1024,4096,3.0,strat,1.117431640625,0.2442626953125,0
pro,32k,2,fp32,8195,1024,4096,3.0,iid,1.125,0.2510986328125,0
pro,32k,2,bf16,8195,1024,1024,3.0,strat,1.247314453125,0.5118408203125,0
pro,32k,2,bf16,8195,1024,1024,3.0,iid,1.2435302734375,0.478271484375,0
pro,32k,2,bf16,8195,1024,2048,3.0,strat,1.1875,0.355712890625,0
pro,32k,2,bf16,8195,1024,2048,3.0,iid,1.182373046875,0.352294921875,0
pro,32k,2,bf16,8195,1024,4096,3.0,strat,1.119140625,0.24462890625,0
pro,32k,2,bf16,8195,1024,4096,3.0,iid,1.1265869140625,0.250732421875,0
pro,32k,4,fp32,8195,1024,1024,3.0,strat,1.2677001953125,0.493896484375,0
pro,32k,4,fp32,8195,1024,1024,3.0,iid,1.2779541015625,0.5374755859375,0
pro,32k,4,fp32,8195,1024,2048,3.0,strat,1.193603515625,0.3682861328125,0
pro,32k,4,fp32,8195,1024,2048,3.0,iid,1.215576171875,0.377685546875,0
pro,32k,4,fp32,8195,1024,4096,3.0,strat,1.1015625,0.240966796875,0
pro,32k,4,fp32,8195,1024,4096,3.0,iid,1.129150390625,0.2506103515625,0
pro,32k,4,bf16,8195,1024,1024,3.0,strat,1.2913818359375,0.5045166015625,0
pro,32k,4,bf16,8195,1024,1024,3.0,iid,1.2950439453125,0.545166015625,0
pro,32k,4,bf16,8195,1024,2048,3.0,strat,1.2030029296875,0.371337890625,0
pro,32k,4,bf16,8195,1024,2048,3.0,iid,1.232421875,0.3856201171875,0
pro,32k,4,bf16,8195,1024,4096,3.0,strat,1.112548828125,0.2379150390625,0
pro,32k,4,bf16,8195,1024,4096,3.0,iid,1.1402587890625,0.24755859375,0
pro,32k,6,fp32,8195,1024,1024,3.0,strat,1.239013671875,0.4854736328125,0
pro,32k,6,fp32,8195,1024,1024,3.0,iid,1.249755859375,0.50146484375,0
pro,32k,6,fp32,8195,1024,2048,3.0,strat,1.1610107421875,0.3421630859375,0
pro,32k,6,fp32,8195,1024,2048,3.0,iid,1.1900634765625,0.3533935546875,0
pro,32k,6,fp32,8195,1024,4096,3.0,strat,1.121826171875,0.25341796875,0
pro,32k,6,fp32,8195,1024,4096,3.0,iid,1.1356201171875,0.2491455078125,0
pro,32k,6,bf16,8195,1024,1024,3.0,strat,1.2403564453125,0.4866943359375,0
pro,32k,6,bf16,8195,1024,1024,3.0,iid,1.2515869140625,0.5028076171875,0
pro,32k,6,bf16,8195,1024,2048,3.0,strat,1.16259765625,0.3433837890625,0
pro,32k,6,bf16,8195,1024,2048,3.0,iid,1.1929931640625,0.3558349609375,0
pro,32k,6,bf16,8195,1024,4096,3.0,strat,1.123779296875,0.2545166015625,0
pro,32k,6,bf16,8195,1024,4096,3.0,iid,1.1376953125,0.2508544921875,0
flash,64k,2,fp32,16387,512,1024,3.0,strat,1.365966796875,0.98095703125,0
flash,64k,2,fp32,16387,512,1024,3.0,iid,1.619873046875,1.083984375,0
flash,64k,2,fp32,16387,512,2048,3.0,strat,1.3330078125,0.728271484375,0
flash,64k,2,fp32,16387,512,2048,3.0,iid,1.485595703125,0.796630859375,0
flash,64k,2,fp32,16387,512,4096,3.0,strat,1.22265625,0.5078125,0
flash,64k,2,fp32,16387,512,4096,3.0,iid,1.318359375,0.55810546875,0
flash,64k,2,bf16,16387,512,1024,3.0,strat,1.394775390625,1.001220703125,0
flash,64k,2,bf16,16387,512,1024,3.0,iid,1.65087890625,1.10400390625,0
flash,64k,2,bf16,16387,512,2048,3.0,strat,1.353759765625,0.735107421875,0
flash,64k,2,bf16,16387,512,2048,3.0,iid,1.514404296875,0.813232421875,0
flash,64k,2,bf16,16387,512,4096,3.0,strat,1.24365234375,0.511474609375,0
flash,64k,2,bf16,16387,512,4096,3.0,iid,1.333984375,0.55908203125,0
flash,64k,4,fp32,16387,512,1024,3.0,strat,1.500732421875,1.093017578125,0
flash,64k,4,fp32,16387,512,1024,3.0,iid,1.6259765625,1.1435546875,0
flash,64k,4,fp32,16387,512,2048,3.0,strat,1.35693359375,0.73046875,0
flash,64k,4,fp32,16387,512,2048,3.0,iid,1.421630859375,0.714111328125,0
flash,64k,4,fp32,16387,512,4096,3.0,strat,1.309814453125,0.537841796875,0
flash,64k,4,fp32,16387,512,4096,3.0,iid,1.267822265625,0.517333984375,0
flash,64k,4,bf16,16387,512,1024,3.0,strat,1.50341796875,1.0947265625,0
flash,64k,4,bf16,16387,512,1024,3.0,iid,1.629150390625,1.146728515625,0
flash,64k,4,bf16,16387,512,2048,3.0,strat,1.359619140625,0.73291015625,0
flash,64k,4,bf16,16387,512,2048,3.0,iid,1.426025390625,0.7177734375,0
flash,64k,4,bf16,16387,512,4096,3.0,strat,1.312744140625,0.540283203125,0
flash,64k,4,bf16,16387,512,4096,3.0,iid,1.2705078125,0.51953125,0
flash,64k,6,fp32,16387,512,1024,3.0,strat,1.5,1.055908203125,0
flash,64k,6,fp32,16387,512,1024,3.0,iid,1.699951171875,1.12646484375,0
flash,64k,6,fp32,16387,512,2048,3.0,strat,1.35546875,0.711669921875,0
flash,64k,6,fp32,16387,512,2048,3.0,iid,1.4423828125,0.780517578125,0
flash,64k,6,fp32,16387,512,4096,3.0,strat,1.2666015625,0.5224609375,0
flash,64k,6,fp32,16387,512,4096,3.0,iid,1.29931640625,0.5498046875,0
flash,64k,6,bf16,16387,512,1024,3.0,strat,1.50244140625,1.055419921875,0
flash,64k,6,bf16,16387,512,1024,3.0,iid,1.7021484375,1.126220703125,0
flash,64k,6,bf16,16387,512,2048,3.0,strat,1.359619140625,0.71435546875,0
flash,64k,6,bf16,16387,512,2048,3.0,iid,1.447998046875,0.7841796875,0
flash,64k,6,bf16,16387,512,4096,3.0,strat,1.271484375,0.52490234375,0
flash,64k,6,bf16,16387,512,4096,3.0,iid,1.301513671875,0.55029296875,0
pro,64k,2,fp32,16387,1024,1024,3.0,strat,1.3223876953125,0.7265625,0
pro,64k,2,fp32,16387,1024,1024,3.0,iid,1.379150390625,0.7320556640625,0
pro,64k,2,fp32,16387,1024,2048,3.0,strat,1.2374267578125,0.505126953125,0
pro,64k,2,fp32,16387,1024,2048,3.0,iid,1.2987060546875,0.532958984375,0
pro,64k,2,fp32,16387,1024,4096,3.0,strat,1.1888427734375,0.3653564453125,0
pro,64k,2,fp32,16387,1024,4096,3.0,iid,1.2174072265625,0.3763427734375,0
pro,64k,2,bf16,16387,1024,1024,3.0,strat,1.32275390625,0.7261962890625,0
pro,64k,2,bf16,16387,1024,1024,3.0,iid,1.37939453125,0.7305908203125,0
pro,64k,2,bf16,16387,1024,2048,3.0,strat,1.23779296875,0.503662109375,0
pro,64k,2,bf16,16387,1024,2048,3.0,iid,1.2991943359375,0.5323486328125,0
pro,64k,2,bf16,16387,1024,4096,3.0,strat,1.1904296875,0.36572265625,0
pro,64k,2,bf16,16387,1024,4096,3.0,iid,1.21826171875,0.3753662109375,0
pro,64k,4,fp32,16387,1024,1024,3.0,strat,1.3521728515625,0.7196044921875,0
pro,64k,4,fp32,16387,1024,1024,3.0,iid,1.4095458984375,0.724365234375,0
pro,64k,4,fp32,16387,1024,2048,3.0,strat,1.201904296875,0.48876953125,0
pro,64k,4,fp32,16387,1024,2048,3.0,iid,1.263916015625,0.4649658203125,0
pro,64k,4,fp32,16387,1024,4096,3.0,strat,1.181640625,0.3524169921875,0
pro,64k,4,fp32,16387,1024,4096,3.0,iid,1.1744384765625,0.3411865234375,0
pro,64k,4,bf16,16387,1024,1024,3.0,strat,1.379150390625,0.7374267578125,0
pro,64k,4,bf16,16387,1024,1024,3.0,iid,1.429443359375,0.7376708984375,0
pro,64k,4,bf16,16387,1024,2048,3.0,strat,1.219970703125,0.4920654296875,0
pro,64k,4,bf16,16387,1024,2048,3.0,iid,1.2811279296875,0.4715576171875,0
pro,64k,4,bf16,16387,1024,4096,3.0,strat,1.19580078125,0.354248046875,0
pro,64k,4,bf16,16387,1024,4096,3.0,iid,1.1856689453125,0.3359375,0
pro,64k,6,fp32,16387,1024,1024,3.0,strat,1.3201904296875,0.6917724609375,0
pro,64k,6,fp32,16387,1024,1024,3.0,iid,1.3814697265625,0.76220703125,0
pro,64k,6,fp32,16387,1024,2048,3.0,strat,1.2694091796875,0.5435791015625,0
pro,64k,6,fp32,16387,1024,2048,3.0,iid,1.2562255859375,0.4952392578125,0
pro,64k,6,fp32,16387,1024,4096,3.0,strat,1.177490234375,0.36669921875,0
pro,64k,6,fp32,16387,1024,4096,3.0,iid,1.1856689453125,0.3533935546875,0
pro,64k,6,bf16,16387,1024,1024,3.0,strat,1.3221435546875,0.69140625,0
pro,64k,6,bf16,16387,1024,1024,3.0,iid,1.383544921875,0.761474609375,0
pro,64k,6,bf16,16387,1024,2048,3.0,strat,1.270751953125,0.54296875,0
pro,64k,6,bf16,16387,1024,2048,3.0,iid,1.2581787109375,0.4964599609375,0
pro,64k,6,bf16,16387,1024,4096,3.0,strat,1.178955078125,0.3668212890625,0
pro,64k,6,bf16,16387,1024,4096,3.0,iid,1.1871337890625,0.353515625,0
flash,128k,2,fp32,32771,512,1024,3.0,strat,1.85546875,1.602294921875,0
flash,128k,2,fp32,32771,512,1024,3.0,iid,1.961669921875,1.65283203125,0
flash,128k,2,fp32,32771,512,2048,3.0,strat,1.613037109375,1.190185546875,0
flash,128k,2,fp32,32771,512,2048,3.0,iid,1.614990234375,1.130615234375,0
flash,128k,2,fp32,32771,512,4096,3.0,strat,1.3828125,0.76416015625,0
flash,128k,2,fp32,32771,512,4096,3.0,iid,1.37451171875,0.776611328125,0
flash,128k,2,bf16,32771,512,1024,3.0,strat,1.884765625,1.62646484375,0
flash,128k,2,bf16,32771,512,1024,3.0,iid,2.004150390625,1.691650390625,0
flash,128k,2,bf16,32771,512,2048,3.0,strat,1.63916015625,1.204345703125,0
flash,128k,2,bf16,32771,512,2048,3.0,iid,1.650146484375,1.1533203125,0
flash,128k,2,bf16,32771,512,4096,3.0,strat,1.419189453125,0.785400390625,0
flash,128k,2,bf16,32771,512,4096,3.0,iid,1.390869140625,0.781982421875,0
flash,128k,4,fp32,32771,512,1024,3.0,strat,1.850341796875,1.620361328125,0
flash,128k,4,fp32,32771,512,1024,3.0,iid,1.835693359375,1.5595703125,0
flash,128k,4,fp32,32771,512,2048,3.0,strat,1.669921875,1.148681640625,0
flash,128k,4,fp32,32771,512,2048,3.0,iid,1.5205078125,1.087646484375,0
flash,128k,4,fp32,32771,512,4096,3.0,strat,1.393310546875,0.727294921875,0
flash,128k,4,fp32,32771,512,4096,3.0,iid,1.39599609375,0.78125,0
flash,128k,4,bf16,32771,512,1024,3.0,strat,1.855712890625,1.625244140625,0
flash,128k,4,bf16,32771,512,1024,3.0,iid,1.8408203125,1.56396484375,0
flash,128k,4,bf16,32771,512,2048,3.0,strat,1.6748046875,1.15234375,0
flash,128k,4,bf16,32771,512,2048,3.0,iid,1.5205078125,1.087158203125,0
flash,128k,4,bf16,32771,512,4096,3.0,strat,1.396728515625,0.73046875,0
flash,128k,4,bf16,32771,512,4096,3.0,iid,1.398681640625,0.783935546875,0
flash,128k,6,fp32,32771,512,1024,3.0,strat,1.60205078125,1.379638671875,0
flash,128k,6,fp32,32771,512,1024,3.0,iid,1.708740234375,1.39453125,0
flash,128k,6,fp32,32771,512,2048,3.0,strat,1.65478515625,1.1123046875,0
flash,128k,6,fp32,32771,512,2048,3.0,iid,1.520751953125,1.005615234375,0
flash,128k,6,fp32,32771,512,4096,3.0,strat,1.355224609375,0.71630859375,0
flash,128k,6,fp32,32771,512,4096,3.0,iid,1.310546875,0.687744140625,0
flash,128k,6,bf16,32771,512,1024,3.0,strat,1.613037109375,1.38818359375,0
flash,128k,6,bf16,32771,512,1024,3.0,iid,1.721435546875,1.404541015625,0
flash,128k,6,bf16,32771,512,2048,3.0,strat,1.666015625,1.120849609375,0
flash,128k,6,bf16,32771,512,2048,3.0,iid,1.53125,1.01123046875,0
flash,128k,6,bf16,32771,512,4096,3.0,strat,1.363525390625,0.720947265625,0
flash,128k,6,bf16,32771,512,4096,3.0,iid,1.322265625,0.6953125,0
pro,128k,2,fp32,32771,1024,1024,3.0,strat,1.6331787109375,1.181640625,0
pro,128k,2,fp32,32771,1024,1024,3.0,iid,1.542236328125,1.10693359375,0
pro,128k,2,fp32,32771,1024,2048,3.0,strat,1.3653564453125,0.7392578125,0
pro,128k,2,fp32,32771,1024,2048,3.0,iid,1.322265625,0.7371826171875,0
pro,128k,2,fp32,32771,1024,4096,3.0,strat,1.26611328125,0.54248046875,0
pro,128k,2,fp32,32771,1024,4096,3.0,iid,1.251953125,0.5494384765625,0
pro,128k,2,bf16,32771,1024,1024,3.0,strat,1.6351318359375,1.1806640625,0
pro,128k,2,bf16,32771,1024,1024,3.0,iid,1.546875,1.1094970703125,0
pro,128k,2,bf16,32771,1024,2048,3.0,strat,1.3720703125,0.7430419921875,0
pro,128k,2,bf16,32771,1024,2048,3.0,iid,1.3267822265625,0.7388916015625,0
pro,128k,2,bf16,32771,1024,4096,3.0,strat,1.271240234375,0.5445556640625,0
pro,128k,2,bf16,32771,1024,4096,3.0,iid,1.258544921875,0.5543212890625,0
pro,128k,4,fp32,32771,1024,1024,3.0,strat,1.6253662109375,1.1588134765625,0
pro,128k,4,fp32,32771,1024,1024,3.0,iid,1.43359375,0.9573974609375,0
pro,128k,4,fp32,32771,1024,2048,3.0,strat,1.4129638671875,0.7789306640625,0
pro,128k,4,fp32,32771,1024,2048,3.0,iid,1.3133544921875,0.683837890625,0
pro,128k,4,fp32,32771,1024,4096,3.0,strat,1.266357421875,0.535400390625,0
pro,128k,4,fp32,32771,1024,4096,3.0,iid,1.2281494140625,0.481689453125,0
pro,128k,4,bf16,32771,1024,1024,3.0,strat,1.654296875,1.18310546875,0
pro,128k,4,bf16,32771,1024,1024,3.0,iid,1.457275390625,0.978271484375,0
pro,128k,4,bf16,32771,1024,2048,3.0,strat,1.436279296875,0.79052734375,0
pro,128k,4,bf16,32771,1024,2048,3.0,iid,1.330810546875,0.6912841796875,0
pro,128k,4,bf16,32771,1024,4096,3.0,strat,1.2852783203125,0.5445556640625,0
pro,128k,4,bf16,32771,1024,4096,3.0,iid,1.2415771484375,0.4852294921875,0
pro,128k,6,fp32,32771,1024,1024,3.0,strat,1.514892578125,1.064208984375,0
pro,128k,6,fp32,32771,1024,1024,3.0,iid,1.472900390625,1.023193359375,0
pro,128k,6,fp32,32771,1024,2048,3.0,strat,1.3668212890625,0.7481689453125,0
pro,128k,6,fp32,32771,1024,2048,3.0,iid,1.3314208984375,0.7232666015625,0
pro,128k,6,fp32,32771,1024,4096,3.0,strat,1.3104248046875,0.5623779296875,0
pro,128k,6,fp32,32771,1024,4096,3.0,iid,1.2432861328125,0.504638671875,0
pro,128k,6,bf16,32771,1024,1024,3.0,strat,1.5218505859375,1.068115234375,0
pro,128k,6,bf16,32771,1024,1024,3.0,iid,1.4793701171875,1.0269775390625,0
pro,128k,6,bf16,32771,1024,2048,3.0,strat,1.3734130859375,0.752197265625,0
pro,128k,6,bf16,32771,1024,2048,3.0,iid,1.33642578125,0.722900390625,0
pro,128k,6,bf16,32771,1024,4096,3.0,strat,1.3126220703125,0.5562744140625,0
pro,128k,6,bf16,32771,1024,4096,3.0,iid,1.2486572265625,0.504150390625,0
flash,256k,2,fp32,65538,512,1024,3.0,strat,2.24658203125,2.139404296875,0
flash,256k,2,fp32,65538,512,1024,3.0,iid,2.121826171875,1.848388671875,0
flash,256k,2,fp32,65538,512,2048,3.0,strat,1.6748046875,1.468505859375,0
flash,256k,2,fp32,65538,512,2048,3.0,iid,1.8037109375,1.478759765625,0
flash,256k,2,fp32,65538,512,4096,3.0,strat,1.5400390625,1.07958984375,0
flash,256k,2,fp32,65538,512,4096,3.0,iid,1.609375,1.078125,0
flash,256k,2,bf16,65538,512,1024,3.0,strat,2.281005859375,2.168212890625,0
flash,256k,2,bf16,65538,512,1024,3.0,iid,2.16552734375,1.884765625,0
flash,256k,2,bf16,65538,512,2048,3.0,strat,1.717529296875,1.504638671875,0
flash,256k,2,bf16,65538,512,2048,3.0,iid,1.833251953125,1.49853515625,0
flash,256k,2,bf16,65538,512,4096,3.0,strat,1.569580078125,1.090087890625,0
flash,256k,2,bf16,65538,512,4096,3.0,iid,1.64990234375,1.10400390625,0
flash,256k,4,fp32,65538,512,1024,3.0,strat,2.0419921875,1.964599609375,0
flash,256k,4,fp32,65538,512,1024,3.0,iid,1.994873046875,1.940673828125,0
flash,256k,4,fp32,65538,512,2048,3.0,strat,1.6875,1.427734375,0
flash,256k,4,fp32,65538,512,2048,3.0,iid,1.65380859375,1.415771484375,1
flash,256k,4,fp32,65538,512,4096,3.0,strat,1.54443359375,1.073974609375,0
flash,256k,4,fp32,65538,512,4096,3.0,iid,1.39892578125,0.931396484375,1
flash,256k,4,bf16,65538,512,1024,3.0,strat,2.05712890625,1.9794921875,0
flash,256k,4,bf16,65538,512,1024,3.0,iid,2.011962890625,1.957763671875,0
flash,256k,4,bf16,65538,512,2048,3.0,strat,1.697021484375,1.432373046875,0
flash,256k,4,bf16,65538,512,2048,3.0,iid,1.66748046875,1.425537109375,1
flash,256k,4,bf16,65538,512,4096,3.0,strat,1.554931640625,1.076171875,0
flash,256k,4,bf16,65538,512,4096,3.0,iid,1.407470703125,0.935791015625,1
flash,256k,6,fp32,65538,512,1024,3.0,strat,1.881591796875,1.776123046875,0
flash,256k,6,fp32,65538,512,1024,3.0,iid,2.198486328125,2.09326171875,0
flash,256k,6,fp32,65538,512,2048,3.0,strat,1.5966796875,1.3818359375,0
flash,256k,6,fp32,65538,512,2048,3.0,iid,1.644775390625,1.4521484375,0
flash,256k,6,fp32,65538,512,4096,3.0,strat,1.547119140625,1.043701171875,0
flash,256k,6,fp32,65538,512,4096,3.0,iid,1.52490234375,1.07666015625,0
flash,256k,6,bf16,65538,512,1024,3.0,strat,1.8984375,1.791748046875,0
flash,256k,6,bf16,65538,512,1024,3.0,iid,2.20947265625,2.101806640625,0
flash,256k,6,bf16,65538,512,2048,3.0,strat,1.611328125,1.391357421875,0
flash,256k,6,bf16,65538,512,2048,3.0,iid,1.656005859375,1.46044921875,0
flash,256k,6,bf16,65538,512,4096,3.0,strat,1.564697265625,1.0556640625,0
flash,256k,6,bf16,65538,512,4096,3.0,iid,1.53662109375,1.080078125,0
pro,256k,2,fp32,65539,1024,1024,3.0,strat,1.6456298828125,1.3865966796875,0
pro,256k,2,fp32,65539,1024,1024,3.0,iid,1.9017333984375,1.529052734375,0
pro,256k,2,fp32,65539,1024,2048,3.0,strat,1.531005859375,1.080078125,0
pro,256k,2,fp32,65539,1024,2048,3.0,iid,1.6192626953125,1.078369140625,0
pro,256k,2,fp32,65539,1024,4096,3.0,strat,1.458251953125,0.838623046875,0
pro,256k,2,fp32,65539,1024,4096,3.0,iid,1.4259033203125,0.7591552734375,0
pro,256k,2,bf16,65539,1024,1024,3.0,strat,1.6553955078125,1.3948974609375,0
pro,256k,2,bf16,65539,1024,1024,3.0,iid,1.908447265625,1.533203125,0
pro,256k,2,bf16,65539,1024,2048,3.0,strat,1.5374755859375,1.08544921875,0
pro,256k,2,bf16,65539,1024,2048,3.0,iid,1.626220703125,1.0814208984375,0
pro,256k,2,bf16,65539,1024,4096,3.0,strat,1.4677734375,0.8446044921875,0
pro,256k,2,bf16,65539,1024,4096,3.0,iid,1.4395751953125,0.7666015625,0
pro,256k,4,fp32,65539,1024,1024,3.0,strat,1.790283203125,1.51611328125,0
pro,256k,4,fp32,65539,1024,1024,3.0,iid,1.9805908203125,1.60107421875,0
pro,256k,4,fp32,65539,1024,2048,3.0,strat,1.5059814453125,1.073486328125,0
pro,256k,4,fp32,65539,1024,2048,3.0,iid,1.6192626953125,1.0889892578125,0
pro,256k,4,fp32,65539,1024,4096,3.0,strat,1.37548828125,0.747802734375,0
pro,256k,4,fp32,65539,1024,4096,3.0,iid,1.3729248046875,0.7481689453125,0
pro,256k,4,bf16,65539,1024,1024,3.0,strat,1.8331298828125,1.556884765625,0
pro,256k,4,bf16,65539,1024,1024,3.0,iid,2.0130615234375,1.6302490234375,0
pro,256k,4,bf16,65539,1024,2048,3.0,strat,1.532470703125,1.0950927734375,0
pro,256k,4,bf16,65539,1024,2048,3.0,iid,1.656982421875,1.1204833984375,0
pro,256k,4,bf16,65539,1024,4096,3.0,strat,1.3990478515625,0.763671875,0
pro,256k,4,bf16,65539,1024,4096,3.0,iid,1.402099609375,0.7734375,0
pro,256k,6,fp32,65539,1024,1024,3.0,strat,1.680908203125,1.47998046875,0
pro,256k,6,fp32,65539,1024,1024,3.0,iid,1.8629150390625,1.424560546875,0
pro,256k,6,fp32,65539,1024,2048,3.0,strat,1.4866943359375,1.01318359375,0
pro,256k,6,fp32,65539,1024,2048,3.0,iid,1.646484375,1.10791015625,0
pro,256k,6,fp32,65539,1024,4096,3.0,strat,1.3359375,0.746826171875,0
pro,256k,6,fp32,65539,1024,4096,3.0,iid,1.4591064453125,0.7559814453125,0
pro,256k,6,bf16,65539,1024,1024,3.0,strat,1.69873046875,1.4962158203125,0
pro,256k,6,bf16,65539,1024,1024,3.0,iid,1.873046875,1.4302978515625,0
pro,256k,6,bf16,65539,1024,2048,3.0,strat,1.49951171875,1.02294921875,0
pro,256k,6,bf16,65539,1024,2048,3.0,iid,1.6595458984375,1.117431640625,0
pro,256k,6,bf16,65539,1024,4096,3.0,strat,1.343017578125,0.7513427734375,0
pro,256k,6,bf16,65539,1024,4096,3.0,iid,1.470947265625,0.7618408203125,0
flash,512k,2,fp32,131075,512,1024,3.0,strat,2.2158203125,1.969970703125,0
flash,512k,2,fp32,131075,512,1024,3.0,iid,2.635986328125,2.4072265625,0
flash,512k,2,fp32,131075,512,2048,3.0,strat,2.048583984375,1.9697265625,0
flash,512k,2,fp32,131075,512,2048,3.0,iid,2.30517578125,2.15185546875,0
flash,512k,2,fp32,131075,512,4096,3.0,strat,1.63623046875,1.40625,0
flash,512k,2,fp32,131075,512,4096,3.0,iid,1.904052734375,1.609130859375,0
flash,512k,2,bf16,131075,512,1024,3.0,strat,2.260009765625,2.010009765625,0
flash,512k,2,bf16,131075,512,1024,3.0,iid,2.6845703125,2.452392578125,0
flash,512k,2,bf16,131075,512,2048,3.0,strat,2.101318359375,2.021240234375,0
flash,512k,2,bf16,131075,512,2048,3.0,iid,2.36962890625,2.21337890625,0
flash,512k,2,bf16,131075,512,4096,3.0,strat,1.666748046875,1.43310546875,0
flash,512k,2,bf16,131075,512,4096,3.0,iid,1.95751953125,1.65869140625,0
flash,512k,4,fp32,131075,512,1024,3.0,strat,2.1640625,2.0341796875,0
flash,512k,4,fp32,131075,512,1024,3.0,iid,1.957275390625,1.736083984375,0
flash,512k,4,fp32,131075,512,2048,3.0,strat,1.984130859375,1.837890625,0
flash,512k,4,fp32,131075,512,2048,3.0,iid,1.9765625,1.804931640625,0
flash,512k,4,fp32,131075,512,4096,3.0,strat,1.72216796875,1.5166015625,0
flash,512k,4,fp32,131075,512,4096,3.0,iid,1.7041015625,1.421142578125,0
flash,512k,4,bf16,131075,512,1024,3.0,strat,2.167236328125,2.036376953125,0
flash,512k,4,bf16,131075,512,1024,3.0,iid,1.95751953125,1.735107421875,0
flash,512k,4,bf16,131075,512,2048,3.0,strat,1.984619140625,1.838134765625,0
flash,512k,4,bf16,131075,512,2048,3.0,iid,1.97802734375,1.804931640625,0
flash,512k,4,bf16,131075,512,4096,3.0,strat,1.722900390625,1.51513671875,0
flash,512k,4,bf16,131075,512,4096,3.0,iid,1.704345703125,1.4208984375,0
flash,512k,6,fp32,131075,512,1024,3.0,strat,2.503662109375,2.361572265625,0
flash,512k,6,fp32,131075,512,1024,3.0,iid,2.492431640625,2.23486328125,0
flash,512k,6,fp32,131075,512,2048,3.0,strat,2.231689453125,2.115478515625,0
flash,512k,6,fp32,131075,512,2048,3.0,iid,2.332763671875,2.15625,0
flash,512k,6,fp32,131075,512,4096,3.0,strat,1.678955078125,1.49755859375,0
flash,512k,6,fp32,131075,512,4096,3.0,iid,1.636962890625,1.46923828125,0
flash,512k,6,bf16,131075,512,1024,3.0,strat,2.5458984375,2.400390625,0
flash,512k,6,bf16,131075,512,1024,3.0,iid,2.54736328125,2.2841796875,0
flash,512k,6,bf16,131075,512,2048,3.0,strat,2.25341796875,2.132568359375,0
flash,512k,6,bf16,131075,512,2048,3.0,iid,2.3662109375,2.184814453125,0
flash,512k,6,bf16,131075,512,4096,3.0,strat,1.7041015625,1.5205078125,0
flash,512k,6,bf16,131075,512,4096,3.0,iid,1.662109375,1.4912109375,0
pro,512k,2,fp32,131075,1024,1024,3.0,strat,1.8111572265625,1.7335205078125,0
pro,512k,2,fp32,131075,1024,1024,3.0,iid,2.021728515625,1.8988037109375,0
pro,512k,2,fp32,131075,1024,2048,3.0,strat,1.813720703125,1.542724609375,0
pro,512k,2,fp32,131075,1024,2048,3.0,iid,1.7530517578125,1.4813232421875,0
pro,512k,2,fp32,131075,1024,4096,3.0,strat,1.4556884765625,1.026611328125,0
pro,512k,2,fp32,131075,1024,4096,3.0,iid,1.56591796875,1.08203125,0
pro,512k,2,bf16,131075,1024,1024,3.0,strat,1.8310546875,1.7525634765625,0
pro,512k,2,bf16,131075,1024,1024,3.0,iid,2.031494140625,1.9072265625,0
pro,512k,2,bf16,131075,1024,2048,3.0,strat,1.8353271484375,1.5601806640625,0
pro,512k,2,bf16,131075,1024,2048,3.0,iid,1.769287109375,1.4951171875,0
pro,512k,2,bf16,131075,1024,4096,3.0,strat,1.4688720703125,1.033203125,0
pro,512k,2,bf16,131075,1024,4096,3.0,iid,1.5872802734375,1.0970458984375,0
pro,512k,4,fp32,131075,1024,1024,3.0,strat,2.1241455078125,2.0416259765625,0
pro,512k,4,fp32,131075,1024,1024,3.0,iid,1.933349609375,1.8067626953125,0
pro,512k,4,fp32,131075,1024,2048,3.0,strat,2.0172119140625,1.755859375,0
pro,512k,4,fp32,131075,1024,2048,3.0,iid,1.76708984375,1.561279296875,0
pro,512k,4,fp32,131075,1024,4096,3.0,strat,1.4586181640625,1.0126953125,0
pro,512k,4,fp32,131075,1024,4096,3.0,iid,1.5653076171875,1.1837158203125,0
pro,512k,4,bf16,131075,1024,1024,3.0,strat,2.1590576171875,2.0760498046875,0
pro,512k,4,bf16,131075,1024,1024,3.0,iid,1.9583740234375,1.83154296875,0
pro,512k,4,bf16,131075,1024,2048,3.0,strat,2.039306640625,1.7760009765625,0
pro,512k,4,bf16,131075,1024,2048,3.0,iid,1.779052734375,1.57275390625,0
pro,512k,4,bf16,131075,1024,4096,3.0,strat,1.4803466796875,1.030029296875,0
pro,512k,4,bf16,131075,1024,4096,3.0,iid,1.5836181640625,1.1986083984375,0
pro,512k,6,fp32,131075,1024,1024,3.0,strat,2.063232421875,1.916015625,0
pro,512k,6,fp32,131075,1024,1024,3.0,iid,1.85595703125,1.765380859375,0
pro,512k,6,fp32,131075,1024,2048,3.0,strat,1.6656494140625,1.4434814453125,0
pro,512k,6,fp32,131075,1024,2048,3.0,iid,1.658447265625,1.45263671875,0
pro,512k,6,fp32,131075,1024,4096,3.0,strat,1.5341796875,1.103515625,0
pro,512k,6,fp32,131075,1024,4096,3.0,iid,1.386962890625,0.9471435546875,0
pro,512k,6,bf16,131075,1024,1024,3.0,strat,2.0836181640625,1.9354248046875,0
pro,512k,6,bf16,131075,1024,1024,3.0,iid,1.8651123046875,1.77197265625,0
pro,512k,6,bf16,131075,1024,2048,3.0,strat,1.6802978515625,1.45458984375,0
pro,512k,6,bf16,131075,1024,2048,3.0,iid,1.6688232421875,1.461669921875,0
pro,512k,6,bf16,131075,1024,4096,3.0,strat,1.55029296875,1.1131591796875,0
pro,512k,6,bf16,131075,1024,4096,3.0,iid,1.400634765625,0.9556884765625,0
flash,1024k,2,fp32,262127,512,1024,3.0,strat,3.12841796875,3.046142578125,0
flash,1024k,2,fp32,262127,512,1024,3.0,iid,2.74951171875,2.59619140625,0
flash,1024k,2,fp32,262127,512,2048,3.0,strat,2.550048828125,2.33349609375,0
flash,1024k,2,fp32,262127,512,2048,3.0,iid,2.069580078125,1.927001953125,0
flash,1024k,2,fp32,262127,512,4096,3.0,strat,1.96337890625,1.8662109375,0
flash,1024k,2,fp32,262127,512,4096,3.0,iid,1.84228515625,1.75244140625,0
flash,1024k,2,bf16,262127,512,1024,3.0,strat,3.189697265625,3.111572265625,0
flash,1024k,2,bf16,262127,512,1024,3.0,iid,2.837646484375,2.68505859375,0
flash,1024k,2,bf16,262127,512,2048,3.0,strat,2.607421875,2.38330078125,0
flash,1024k,2,bf16,262127,512,2048,3.0,iid,2.134765625,1.98779296875,0
flash,1024k,2,bf16,262127,512,4096,3.0,strat,1.993896484375,1.894775390625,0
flash,1024k,2,bf16,262127,512,4096,3.0,iid,1.886962890625,1.792724609375,0
flash,1024k,4,fp32,262127,512,1024,3.0,strat,2.818603515625,2.7421875,0
flash,1024k,4,fp32,262127,512,1024,3.0,iid,2.996826171875,2.770751953125,0
flash,1024k,4,fp32,262127,512,2048,3.0,strat,2.192626953125,2.081787109375,0
flash,1024k,4,fp32,262127,512,2048,3.0,iid,2.376708984375,2.22607421875,0
flash,1024k,4,fp32,262127,512,4096,3.0,strat,2.17333984375,2.108154296875,0
flash,1024k,4,fp32,262127,512,4096,3.0,iid,2.060791015625,1.9365234375,0
flash,1024k,4,bf16,262127,512,1024,3.0,strat,2.8291015625,2.75048828125,0
flash,1024k,4,bf16,262127,512,1024,3.0,iid,3.005615234375,2.778076171875,0
flash,1024k,4,bf16,262127,512,2048,3.0,strat,2.20654296875,2.09375,0
flash,1024k,4,bf16,262127,512,2048,3.0,iid,2.3857421875,2.233154296875,0
flash,1024k,4,bf16,262127,512,4096,3.0,strat,2.181884765625,2.115478515625,0
flash,1024k,4,bf16,262127,512,4096,3.0,iid,2.0693359375,1.943359375,0
flash,1024k,6,fp32,262127,512,1024,3.0,strat,2.720703125,2.434326171875,0
flash,1024k,6,fp32,262127,512,1024,3.0,iid,3.31591796875,3.114990234375,0
flash,1024k,6,fp32,262127,512,2048,3.0,strat,2.42138671875,2.3173828125,0
flash,1024k,6,fp32,262127,512,2048,3.0,iid,2.646240234375,2.423583984375,0
flash,1024k,6,fp32,262127,512,4096,3.0,strat,2.07958984375,1.978271484375,0
flash,1024k,6,fp32,262127,512,4096,3.0,iid,2.3193359375,2.206298828125,0
flash,1024k,6,bf16,262127,512,1024,3.0,strat,2.75830078125,2.464111328125,0
flash,1024k,6,bf16,262127,512,1024,3.0,iid,3.37646484375,3.174560546875,0
flash,1024k,6,bf16,262127,512,2048,3.0,strat,2.461669921875,2.355224609375,0
flash,1024k,6,bf16,262127,512,2048,3.0,iid,2.689208984375,2.4599609375,0
flash,1024k,6,bf16,262127,512,4096,3.0,strat,2.09814453125,1.99365234375,0
flash,1024k,6,bf16,262127,512,4096,3.0,iid,2.366943359375,2.25244140625,0
pro,1024k,2,fp32,262127,1024,1024,3.0,strat,2.0711669921875,1.94873046875,0
pro,1024k,2,fp32,262127,1024,1024,3.0,iid,2.344482421875,2.3521728515625,0
pro,1024k,2,fp32,262127,1024,2048,3.0,strat,2.089599609375,2.0306396484375,0
pro,1024k,2,fp32,262127,1024,2048,3.0,iid,2.0545654296875,2.00830078125,0
pro,1024k,2,fp32,262127,1024,4096,3.0,strat,1.7418212890625,1.54443359375,0
pro,1024k,2,fp32,262127,1024,4096,3.0,iid,1.6998291015625,1.4996337890625,0
pro,1024k,2,bf16,262127,1024,1024,3.0,strat,2.1011962890625,1.9781494140625,0
pro,1024k,2,bf16,262127,1024,1024,3.0,iid,2.3780517578125,2.3770751953125,0
pro,1024k,2,bf16,262127,1024,2048,3.0,strat,2.12646484375,2.0662841796875,0
pro,1024k,2,bf16,262127,1024,2048,3.0,iid,2.091552734375,2.044921875,0
pro,1024k,2,bf16,262127,1024,4096,3.0,strat,1.7760009765625,1.575439453125,0
pro,1024k,2,bf16,262127,1024,4096,3.0,iid,1.73779296875,1.5355224609375,0
pro,1024k,4,fp32,262127,1024,1024,3.0,strat,2.3870849609375,2.104736328125,0
pro,1024k,4,fp32,262127,1024,1024,3.0,iid,2.572509765625,2.44140625,0
pro,1024k,4,fp32,262127,1024,2048,3.0,strat,2.0220947265625,1.8302001953125,0
pro,1024k,4,fp32,262127,1024,2048,3.0,iid,2.208984375,2.139404296875,0
pro,1024k,4,fp32,262127,1024,4096,3.0,strat,1.720458984375,1.4815673828125,0
pro,1024k,4,fp32,262127,1024,4096,3.0,iid,1.7467041015625,1.4530029296875,0
pro,1024k,4,bf16,262127,1024,1024,3.0,strat,2.401123046875,2.1182861328125,0
pro,1024k,4,bf16,262127,1024,1024,3.0,iid,2.59716796875,2.4656982421875,0
pro,1024k,4,bf16,262127,1024,2048,3.0,strat,2.03564453125,1.8436279296875,0
pro,1024k,4,bf16,262127,1024,2048,3.0,iid,2.23193359375,2.162109375,0
pro,1024k,4,bf16,262127,1024,4096,3.0,strat,1.731201171875,1.4920654296875,0
pro,1024k,4,bf16,262127,1024,4096,3.0,iid,1.7635498046875,1.4686279296875,0
pro,1024k,6,fp32,262127,1024,1024,3.0,strat,2.251708984375,2.125732421875,0
pro,1024k,6,fp32,262127,1024,1024,3.0,iid,2.3646240234375,2.1505126953125,0
pro,1024k,6,fp32,262127,1024,2048,3.0,strat,2.125,2.035888671875,0
pro,1024k,6,fp32,262127,1024,2048,3.0,iid,2.005126953125,1.9373779296875,0
pro,1024k,6,fp32,262127,1024,4096,3.0,strat,1.789794921875,1.5555419921875,0
pro,1024k,6,fp32,262127,1024,4096,3.0,iid,1.7723388671875,1.5577392578125,0
pro,1024k,6,bf16,262127,1024,1024,3.0,strat,2.27294921875,2.14453125,0
pro,1024k,6,bf16,262127,1024,1024,3.0,iid,2.4002685546875,2.1820068359375,0
pro,1024k,6,bf16,262127,1024,2048,3.0,strat,2.142822265625,2.0521240234375,0
pro,1024k,6,bf16,262127,1024,2048,3.0,iid,2.0350341796875,1.966064453125,0
pro,1024k,6,bf16,262127,1024,4096,3.0,strat,1.8116455078125,1.5733642578125,0
pro,1024k,6,bf16,262127,1024,4096,3.0,iid,1.8004150390625,1.58349609375,0
v32,4k,14,fp32,4111,2048,1024,3.0,strat,1.0972900390625,0.18353271484375,0
v32,4k,14,fp32,4111,2048,1024,3.0,iid,1.076171875,0.18035888671875,0
v32,4k,14,fp32,4111,2048,2048,3.0,strat,1.07391357421875,0.13739013671875,0
v32,4k,14,fp32,4111,2048,2048,3.0,iid,1.0587158203125,0.129638671875,0
v32,4k,14,fp32,4111,2048,4096,3.0,strat,1.04730224609375,0.09539794921875,0
v32,4k,14,fp32,4111,2048,4096,3.0,iid,1.04766845703125,0.094970703125,0
v32,4k,14,bf16,4111,2048,1024,3.0,strat,1.1116943359375,0.182861328125,0
v32,4k,14,bf16,4111,2048,1024,3.0,iid,1.0972900390625,0.177978515625,0
v32,4k,14,bf16,4111,2048,2048,3.0,strat,1.09228515625,0.13525390625,0
v32,4k,14,bf16,4111,2048,2048,3.0,iid,1.082275390625,0.12994384765625,0
v32,4k,14,bf16,4111,2048,4096,3.0,strat,1.072265625,0.1104736328125,0
v32,4k,14,bf16,4111,2048,4096,3.0,iid,1.072265625,0.115234375,0
v32,4k,34,fp32,4111,2048,1024,3.0,strat,1.0831298828125,0.1932373046875,0
v32,4k,34,fp32,4111,2048,1024,3.0,iid,1.102294921875,0.19122314453125,0
v32,4k,34,fp32,4111,2048,2048,3.0,strat,1.05816650390625,0.13616943359375,0
v32,4k,34,fp32,4111,2048,2048,3.0,iid,1.0616455078125,0.1336669921875,0
v32,4k,34,fp32,4111,2048,4096,3.0,strat,1.04443359375,0.09344482421875,0
v32,4k,34,fp32,4111,2048,4096,3.0,iid,1.04754638671875,0.0946044921875,0
v32,4k,34,bf16,4111,2048,1024,3.0,strat,1.0994873046875,0.1951904296875,0
v32,4k,34,bf16,4111,2048,1024,3.0,iid,1.1160888671875,0.18585205078125,0
v32,4k,34,bf16,4111,2048,2048,3.0,strat,1.07568359375,0.141845703125,0
v32,4k,34,bf16,4111,2048,2048,3.0,iid,1.07952880859375,0.134033203125,0
v32,4k,34,bf16,4111,2048,4096,3.0,strat,1.0670166015625,0.09796142578125,0
v32,4k,34,bf16,4111,2048,4096,3.0,iid,1.07568359375,0.0947265625,0
v32,4k,54,fp32,4111,2048,1024,3.0,strat,1.090087890625,0.186767578125,0
v32,4k,54,fp32,4111,2048,1024,3.0,iid,1.0938720703125,0.1851806640625,0
v32,4k,54,fp32,4111,2048,2048,3.0,strat,1.05950927734375,0.130615234375,0
v32,4k,54,fp32,4111,2048,2048,3.0,iid,1.06768798828125,0.13421630859375,0
v32,4k,54,fp32,4111,2048,4096,3.0,strat,1.04742431640625,0.0933837890625,0
v32,4k,54,fp32,4111,2048,4096,3.0,iid,1.047119140625,0.0947265625,0
v32,4k,54,bf16,4111,2048,1024,3.0,strat,1.11083984375,0.19091796875,0
v32,4k,54,bf16,4111,2048,1024,3.0,iid,1.115234375,0.191162109375,0
v32,4k,54,bf16,4111,2048,2048,3.0,strat,1.07696533203125,0.12567138671875,0
v32,4k,54,bf16,4111,2048,2048,3.0,iid,1.08135986328125,0.13006591796875,0
v32,4k,54,bf16,4111,2048,4096,3.0,strat,1.06109619140625,0.0791015625,0
v32,4k,54,bf16,4111,2048,4096,3.0,iid,1.05712890625,0.06982421875,0
v32,8k,14,fp32,8207,2048,1024,3.0,strat,1.15911865234375,0.30322265625,0
v32,8k,14,fp32,8207,2048,1024,3.0,iid,1.18902587890625,0.3544921875,0
v32,8k,14,fp32,8207,2048,2048,3.0,strat,1.12359619140625,0.24041748046875,0
v32,8k,14,fp32,8207,2048,2048,3.0,iid,1.12774658203125,0.241455078125,0
v32,8k,14,fp32,8207,2048,4096,3.0,strat,1.085205078125,0.16229248046875,0
v32,8k,14,fp32,8207,2048,4096,3.0,iid,1.087158203125,0.16412353515625,0
v32,8k,14,bf16,8207,2048,1024,3.0,strat,1.192626953125,0.3270263671875,0
v32,8k,14,bf16,8207,2048,1024,3.0,iid,1.21185302734375,0.36956787109375,0
v32,8k,14,bf16,8207,2048,2048,3.0,strat,1.14544677734375,0.254150390625,0
v32,8k,14,bf16,8207,2048,2048,3.0,iid,1.15594482421875,0.25762939453125,0
v32,8k,14,bf16,8207,2048,4096,3.0,strat,1.10546875,0.175537109375,0
v32,8k,14,bf16,8207,2048,4096,3.0,iid,1.10546875,0.177490234375,0
v32,8k,34,fp32,8207,2048,1024,3.0,strat,1.1749267578125,0.319091796875,0
v32,8k,34,fp32,8207,2048,1024,3.0,iid,1.144287109375,0.2996826171875,0
v32,8k,34,fp32,8207,2048,2048,3.0,strat,1.13671875,0.23663330078125,0
v32,8k,34,fp32,8207,2048,2048,3.0,iid,1.1063232421875,0.2244873046875,0
v32,8k,34,fp32,8207,2048,4096,3.0,strat,1.07470703125,0.16473388671875,0
v32,8k,34,fp32,8207,2048,4096,3.0,iid,1.0806884765625,0.164306640625,0
v32,8k,34,bf16,8207,2048,1024,3.0,strat,1.18890380859375,0.319091796875,0
v32,8k,34,bf16,8207,2048,1024,3.0,iid,1.160888671875,0.2996826171875,0
v32,8k,34,bf16,8207,2048,2048,3.0,strat,1.15826416015625,0.23651123046875,0
v32,8k,34,bf16,8207,2048,2048,3.0,iid,1.12603759765625,0.23529052734375,0
v32,8k,34,bf16,8207,2048,4096,3.0,strat,1.0947265625,0.17059326171875,0
v32,8k,34,bf16,8207,2048,4096,3.0,iid,1.0986328125,0.16656494140625,0
v32,8k,54,fp32,8207,2048,1024,3.0,strat,1.16680908203125,0.3350830078125,0
v32,8k,54,fp32,8207,2048,1024,3.0,iid,1.1766357421875,0.3297119140625,0
v32,8k,54,fp32,8207,2048,2048,3.0,strat,1.11724853515625,0.23345947265625,0
v32,8k,54,fp32,8207,2048,2048,3.0,iid,1.13671875,0.23663330078125,0
v32,8k,54,fp32,8207,2048,4096,3.0,strat,1.08734130859375,0.169921875,0
v32,8k,54,fp32,8207,2048,4096,3.0,iid,1.08770751953125,0.1630859375,0
v32,8k,54,bf16,8207,2048,1024,3.0,strat,1.1854248046875,0.33831787109375,0
v32,8k,54,bf16,8207,2048,1024,3.0,iid,1.1942138671875,0.33319091796875,0
v32,8k,54,bf16,8207,2048,2048,3.0,strat,1.12744140625,0.22674560546875,0
v32,8k,54,bf16,8207,2048,2048,3.0,iid,1.1546630859375,0.2274169921875,0
v32,8k,54,bf16,8207,2048,4096,3.0,strat,1.101806640625,0.1668701171875,0
v32,8k,54,bf16,8207,2048,4096,3.0,iid,1.10174560546875,0.16204833984375,0
v32,16k,14,fp32,16399,2048,1024,3.0,strat,1.26995849609375,0.4986572265625,0
v32,16k,14,fp32,16399,2048,1024,3.0,iid,1.24468994140625,0.481201171875,1
v32,16k,14,fp32,16399,2048,2048,3.0,strat,1.19287109375,0.3494873046875,0
v32,16k,14,fp32,16399,2048,2048,3.0,iid,1.177734375,0.33380126953125,1
v32,16k,14,fp32,16399,2048,4096,3.0,strat,1.13726806640625,0.26080322265625,0
v32,16k,14,fp32,16399,2048,4096,3.0,iid,1.1263427734375,0.249755859375,0
v32,16k,14,bf16,16399,2048,1024,3.0,strat,1.30340576171875,0.51861572265625,0
v32,16k,14,bf16,16399,2048,1024,3.0,iid,1.27398681640625,0.49505615234375,1
v32,16k,14,bf16,16399,2048,2048,3.0,strat,1.21868896484375,0.36029052734375,0
v32,16k,14,bf16,16399,2048,2048,3.0,iid,1.20135498046875,0.341552734375,1
v32,16k,14,bf16,16399,2048,4096,3.0,strat,1.16046142578125,0.2686767578125,0
v32,16k,14,bf16,16399,2048,4096,3.0,iid,1.15008544921875,0.248779296875,0
v32,16k,34,fp32,16399,2048,1024,3.0,strat,1.27587890625,0.50372314453125,0
v32,16k,34,fp32,16399,2048,1024,3.0,iid,1.33837890625,0.5467529296875,0
v32,16k,34,fp32,16399,2048,2048,3.0,strat,1.18023681640625,0.34967041015625,0
v32,16k,34,fp32,16399,2048,2048,3.0,iid,1.208984375,0.37335205078125,0
v32,16k,34,fp32,16399,2048,4096,3.0,strat,1.1300048828125,0.26055908203125,0
v32,16k,34,fp32,16399,2048,4096,3.0,iid,1.12799072265625,0.25323486328125,0
v32,16k,34,bf16,16399,2048,1024,3.0,strat,1.288818359375,0.50177001953125,0
v32,16k,34,bf16,16399,2048,1024,3.0,iid,1.3560791015625,0.55572509765625,0
v32,16k,34,bf16,16399,2048,2048,3.0,strat,1.202880859375,0.35589599609375,0
v32,16k,34,bf16,16399,2048,2048,3.0,iid,1.2252197265625,0.37811279296875,0
v32,16k,34,bf16,16399,2048,4096,3.0,strat,1.14111328125,0.26007080078125,0
v32,16k,34,bf16,16399,2048,4096,3.0,iid,1.14501953125,0.2601318359375,0
v32,16k,54,fp32,16399,2048,1024,3.0,strat,1.24951171875,0.4912109375,0
v32,16k,54,fp32,16399,2048,1024,3.0,iid,1.2640380859375,0.50372314453125,0
v32,16k,54,fp32,16399,2048,2048,3.0,strat,1.16876220703125,0.3458251953125,0
v32,16k,54,fp32,16399,2048,2048,3.0,iid,1.197021484375,0.36846923828125,0
v32,16k,54,fp32,16399,2048,4096,3.0,strat,1.1312255859375,0.24468994140625,0
v32,16k,54,fp32,16399,2048,4096,3.0,iid,1.12420654296875,0.25115966796875,0
v32,16k,54,bf16,16399,2048,1024,3.0,strat,1.26458740234375,0.49273681640625,0
v32,16k,54,bf16,16399,2048,1024,3.0,iid,1.2838134765625,0.5130615234375,0
v32,16k,54,bf16,16399,2048,2048,3.0,strat,1.1876220703125,0.3529052734375,0
v32,16k,54,bf16,16399,2048,2048,3.0,iid,1.21441650390625,0.37603759765625,0
v32,16k,54,bf16,16399,2048,4096,3.0,strat,1.14263916015625,0.2447509765625,0
v32,16k,54,bf16,16399,2048,4096,3.0,iid,1.13922119140625,0.25811767578125,0
v32,32k,14,fp32,32783,2048,1024,3.0,strat,1.39117431640625,0.78900146484375,0
v32,32k,14,fp32,32783,2048,1024,3.0,iid,1.29937744140625,0.6986083984375,0
v32,32k,14,fp32,32783,2048,2048,3.0,strat,1.27386474609375,0.53753662109375,0
v32,32k,14,fp32,32783,2048,2048,3.0,iid,1.210205078125,0.48150634765625,0
v32,32k,14,fp32,32783,2048,4096,3.0,strat,1.17413330078125,0.36358642578125,0
v32,32k,14,fp32,32783,2048,4096,3.0,iid,1.168701171875,0.35491943359375,0
v32,32k,14,bf16,32783,2048,1024,3.0,strat,1.4095458984375,0.79522705078125,0
v32,32k,14,bf16,32783,2048,1024,3.0,iid,1.31658935546875,0.70135498046875,0
v32,32k,14,bf16,32783,2048,2048,3.0,strat,1.30059814453125,0.5474853515625,0
v32,32k,14,bf16,32783,2048,2048,3.0,iid,1.23175048828125,0.48614501953125,0
v32,32k,14,bf16,32783,2048,4096,3.0,strat,1.1929931640625,0.37249755859375,0
v32,32k,14,bf16,32783,2048,4096,3.0,iid,1.19781494140625,0.36883544921875,0
v32,32k,34,fp32,32783,2048,1024,3.0,strat,1.3375244140625,0.7061767578125,0
v32,32k,34,fp32,32783,2048,1024,3.0,iid,1.37725830078125,0.73394775390625,0
v32,32k,34,fp32,32783,2048,2048,3.0,strat,1.2236328125,0.4923095703125,0
v32,32k,34,fp32,32783,2048,2048,3.0,iid,1.260009765625,0.52386474609375,0
v32,32k,34,fp32,32783,2048,4096,3.0,strat,1.19140625,0.36907958984375,0
v32,32k,34,fp32,32783,2048,4096,3.0,iid,1.18310546875,0.3603515625,0
v32,32k,34,bf16,32783,2048,1024,3.0,strat,1.358642578125,0.7069091796875,0
v32,32k,34,bf16,32783,2048,1024,3.0,iid,1.3985595703125,0.73345947265625,0
v32,32k,34,bf16,32783,2048,2048,3.0,strat,1.24359130859375,0.49664306640625,0
v32,32k,34,bf16,32783,2048,2048,3.0,iid,1.28277587890625,0.53131103515625,0
v32,32k,34,bf16,32783,2048,4096,3.0,strat,1.21331787109375,0.3751220703125,0
v32,32k,34,bf16,32783,2048,4096,3.0,iid,1.20440673828125,0.365966796875,0
v32,32k,54,fp32,32783,2048,1024,3.0,strat,1.39300537109375,0.7708740234375,0
v32,32k,54,fp32,32783,2048,1024,3.0,iid,1.37225341796875,0.769287109375,0
v32,32k,54,fp32,32783,2048,2048,3.0,strat,1.21875,0.47637939453125,0
v32,32k,54,fp32,32783,2048,2048,3.0,iid,1.21484375,0.4744873046875,0
v32,32k,54,fp32,32783,2048,4096,3.0,strat,1.17987060546875,0.37005615234375,0
v32,32k,54,fp32,32783,2048,4096,3.0,iid,1.15765380859375,0.32952880859375,0
v32,32k,54,bf16,32783,2048,1024,3.0,strat,1.4166259765625,0.7791748046875,0
v32,32k,54,bf16,32783,2048,1024,3.0,iid,1.3951416015625,0.772216796875,0
v32,32k,54,bf16,32783,2048,2048,3.0,strat,1.2430419921875,0.48333740234375,0
v32,32k,54,bf16,32783,2048,2048,3.0,iid,1.2374267578125,0.483642578125,0
v32,32k,54,bf16,32783,2048,4096,3.0,strat,1.205322265625,0.3756103515625,0
v32,32k,54,bf16,32783,2048,4096,3.0,iid,1.176025390625,0.338134765625,0
v32,64k,14,fp32,65551,2048,1024,3.0,strat,1.47637939453125,1.01727294921875,0
v32,64k,14,fp32,65551,2048,1024,3.0,iid,1.6051025390625,1.036865234375,0
v32,64k,14,fp32,65551,2048,2048,3.0,strat,1.37005615234375,0.71490478515625,0
v32,64k,14,fp32,65551,2048,2048,3.0,iid,1.38482666015625,0.7406005859375,0
v32,64k,14,fp32,65551,2048,4096,3.0,strat,1.29046630859375,0.53973388671875,0
v32,64k,14,fp32,65551,2048,4096,3.0,iid,1.29254150390625,0.5023193359375,0
v32,64k,14,bf16,65551,2048,1024,3.0,strat,1.48736572265625,1.02496337890625,0
v32,64k,14,bf16,65551,2048,1024,3.0,iid,1.63482666015625,1.0504150390625,0
v32,64k,14,bf16,65551,2048,2048,3.0,strat,1.40533447265625,0.7310791015625,0
v32,64k,14,bf16,65551,2048,2048,3.0,iid,1.4130859375,0.75360107421875,0
v32,64k,14,bf16,65551,2048,4096,3.0,strat,1.31024169921875,0.53778076171875,0
v32,64k,14,bf16,65551,2048,4096,3.0,iid,1.3194580078125,0.51025390625,0
v32,64k,34,fp32,65551,2048,1024,3.0,strat,1.49542236328125,1.0211181640625,0
v32,64k,34,fp32,65551,2048,1024,3.0,iid,1.5599365234375,1.04400634765625,0
v32,64k,34,fp32,65551,2048,2048,3.0,strat,1.38360595703125,0.7259521484375,0
v32,64k,34,fp32,65551,2048,2048,3.0,iid,1.32861328125,0.737060546875,0
v32,64k,34,fp32,65551,2048,4096,3.0,strat,1.2977294921875,0.56524658203125,0
v32,64k,34,fp32,65551,2048,4096,3.0,iid,1.27301025390625,0.52490234375,0
v32,64k,34,bf16,65551,2048,1024,3.0,strat,1.52642822265625,1.03961181640625,0
v32,64k,34,bf16,65551,2048,1024,3.0,iid,1.59490966796875,1.06842041015625,0
v32,64k,34,bf16,65551,2048,2048,3.0,strat,1.40875244140625,0.73150634765625,0
v32,64k,34,bf16,65551,2048,2048,3.0,iid,1.35784912109375,0.75250244140625,0
v32,64k,34,bf16,65551,2048,4096,3.0,strat,1.32379150390625,0.57403564453125,0
v32,64k,34,bf16,65551,2048,4096,3.0,iid,1.28753662109375,0.5257568359375,0
v32,64k,54,fp32,65551,2048,1024,3.0,strat,1.38592529296875,0.9583740234375,0
v32,64k,54,fp32,65551,2048,1024,3.0,iid,1.5294189453125,0.95477294921875,0
v32,64k,54,fp32,65551,2048,2048,3.0,strat,1.373291015625,0.72149658203125,0
v32,64k,54,fp32,65551,2048,2048,3.0,iid,1.32684326171875,0.71112060546875,0
v32,64k,54,fp32,65551,2048,4096,3.0,strat,1.255859375,0.52215576171875,0
v32,64k,54,fp32,65551,2048,4096,3.0,iid,1.22869873046875,0.50836181640625,0
v32,64k,54,bf16,65551,2048,1024,3.0,strat,1.412353515625,0.97344970703125,0
v32,64k,54,bf16,65551,2048,1024,3.0,iid,1.56219482421875,0.97528076171875,0
v32,64k,54,bf16,65551,2048,2048,3.0,strat,1.39776611328125,0.737548828125,0
v32,64k,54,bf16,65551,2048,2048,3.0,iid,1.35479736328125,0.72589111328125,0
v32,64k,54,bf16,65551,2048,4096,3.0,strat,1.290283203125,0.547119140625,0
v32,64k,54,bf16,65551,2048,4096,3.0,iid,1.25115966796875,0.51568603515625,0
v32,128k,14,fp32,131087,2048,1024,3.0,strat,1.78887939453125,1.55218505859375,0
v32,128k,14,fp32,131087,2048,1024,3.0,iid,1.767333984375,1.57379150390625,0
v32,128k,14,fp32,131087,2048,2048,3.0,strat,1.531982421875,1.0780029296875,0
v32,128k,14,fp32,131087,2048,2048,3.0,iid,1.61077880859375,1.13214111328125,0
v32,128k,14,fp32,131087,2048,4096,3.0,strat,1.42919921875,0.75323486328125,0
v32,128k,14,fp32,131087,2048,4096,3.0,iid,1.38812255859375,0.754150390625,0
v32,128k,14,bf16,131087,2048,1024,3.0,strat,1.83721923828125,1.5970458984375,0
v32,128k,14,bf16,131087,2048,1024,3.0,iid,1.80999755859375,1.61334228515625,0
v32,128k,14,bf16,131087,2048,2048,3.0,strat,1.568115234375,1.106689453125,0
v32,128k,14,bf16,131087,2048,2048,3.0,iid,1.65673828125,1.17352294921875,0
v32,128k,14,bf16,131087,2048,4096,3.0,strat,1.46331787109375,0.77294921875,0
v32,128k,14,bf16,131087,2048,4096,3.0,iid,1.41827392578125,0.77593994140625,0
v32,128k,34,fp32,131087,2048,1024,3.0,strat,1.709228515625,1.45196533203125,0
v32,128k,34,fp32,131087,2048,1024,3.0,iid,1.72186279296875,1.51593017578125,0
v32,128k,34,fp32,131087,2048,2048,3.0,strat,1.58221435546875,1.09259033203125,0
v32,128k,34,fp32,131087,2048,2048,3.0,iid,1.4930419921875,1.031494140625,0
v32,128k,34,fp32,131087,2048,4096,3.0,strat,1.40447998046875,0.73907470703125,0
v32,128k,34,fp32,131087,2048,4096,3.0,iid,1.361083984375,0.755126953125,0
v32,128k,34,bf16,131087,2048,1024,3.0,strat,1.74700927734375,1.48590087890625,0
v32,128k,34,bf16,131087,2048,1024,3.0,iid,1.75994873046875,1.55242919921875,0
v32,128k,34,bf16,131087,2048,2048,3.0,strat,1.63714599609375,1.13720703125,0
v32,128k,34,bf16,131087,2048,2048,3.0,iid,1.52130126953125,1.052734375,0
v32,128k,34,bf16,131087,2048,4096,3.0,strat,1.4500732421875,0.76300048828125,0
v32,128k,34,bf16,131087,2048,4096,3.0,iid,1.3934326171875,0.77276611328125,0
v32,128k,54,fp32,131087,2048,1024,3.0,strat,1.85906982421875,1.56878662109375,0
v32,128k,54,fp32,131087,2048,1024,3.0,iid,1.67724609375,1.46160888671875,0
v32,128k,54,fp32,131087,2048,2048,3.0,strat,1.5343017578125,1.01202392578125,0
v32,128k,54,fp32,131087,2048,2048,3.0,iid,1.526123046875,1.05010986328125,0
v32,128k,54,fp32,131087,2048,4096,3.0,strat,1.40234375,0.80816650390625,0
v32,128k,54,fp32,131087,2048,4096,3.0,iid,1.352294921875,0.66583251953125,0
v32,128k,54,bf16,131087,2048,1024,3.0,strat,1.88818359375,1.5892333984375,0
v32,128k,54,bf16,131087,2048,1024,3.0,iid,1.698974609375,1.47802734375,0
v32,128k,54,bf16,131087,2048,2048,3.0,strat,1.55560302734375,1.0250244140625,0
v32,128k,54,bf16,131087,2048,2048,3.0,iid,1.5450439453125,1.0609130859375,0
v32,128k,54,bf16,131087,2048,4096,3.0,strat,1.42742919921875,0.81573486328125,0
v32,128k,54,bf16,131087,2048,4096,3.0,iid,1.381591796875,0.68218994140625,0
v32,256k,14,fp32,163775,2048,1024,3.0,strat,1.61212158203125,1.51226806640625,0
v32,256k,14,fp32,163775,2048,1024,3.0,iid,1.88897705078125,1.73822021484375,0
v32,256k,14,fp32,163775,2048,2048,3.0,strat,1.5142822265625,1.19134521484375,0
v32,256k,14,fp32,163775,2048,2048,3.0,iid,1.57989501953125,1.2047119140625,0
v32,256k,14,fp32,163775,2048,4096,3.0,strat,1.31829833984375,0.756103515625,0
v32,256k,14,fp32,163775,2048,4096,3.0,iid,1.4171142578125,0.92193603515625,0
v32,256k,14,bf16,163775,2048,1024,3.0,strat,1.6627197265625,1.56195068359375,0
v32,256k,14,bf16,163775,2048,1024,3.0,iid,1.93389892578125,1.7813720703125,0
v32,256k,14,bf16,163775,2048,2048,3.0,strat,1.5592041015625,1.2325439453125,0
v32,256k,14,bf16,163775,2048,2048,3.0,iid,1.6260986328125,1.244140625,0
v32,256k,14,bf16,163775,2048,4096,3.0,strat,1.3560791015625,0.7896728515625,0
v32,256k,14,bf16,163775,2048,4096,3.0,iid,1.44781494140625,0.94061279296875,0
v32,256k,34,fp32,163775,2048,1024,3.0,strat,1.65374755859375,1.49658203125,0
v32,256k,34,fp32,163775,2048,1024,3.0,iid,2.02099609375,1.80767822265625,0
v32,256k,34,fp32,163775,2048,2048,3.0,strat,1.48992919921875,1.146240234375,0
v32,256k,34,fp32,163775,2048,2048,3.0,iid,1.6148681640625,1.2381591796875,0
v32,256k,34,fp32,163775,2048,4096,3.0,strat,1.46600341796875,0.91864013671875,0
v32,256k,34,fp32,163775,2048,4096,3.0,iid,1.43695068359375,0.88726806640625,0
v32,256k,34,bf16,163775,2048,1024,3.0,strat,1.68341064453125,1.5223388671875,0
v32,256k,34,bf16,163775,2048,1024,3.0,iid,2.05670166015625,1.83843994140625,0
v32,256k,34,bf16,163775,2048,2048,3.0,strat,1.51910400390625,1.16680908203125,0
v32,256k,34,bf16,163775,2048,2048,3.0,iid,1.6458740234375,1.25518798828125,0
v32,256k,34,bf16,163775,2048,4096,3.0,strat,1.50665283203125,0.94476318359375,0
v32,256k,34,bf16,163775,2048,4096,3.0,iid,1.463623046875,0.90496826171875,0
v32,256k,54,fp32,163775,2048,1024,3.0,strat,1.72857666015625,1.6036376953125,0
v32,256k,54,fp32,163775,2048,1024,3.0,iid,1.972900390625,1.85003662109375,0
v32,256k,54,fp32,163775,2048,2048,3.0,strat,1.58233642578125,1.27374267578125,0
v32,256k,54,fp32,163775,2048,2048,3.0,iid,1.6827392578125,1.2618408203125,0
v32,256k,54,fp32,163775,2048,4096,3.0,strat,1.3955078125,0.84295654296875,0
v32,256k,54,fp32,163775,2048,4096,3.0,iid,1.4749755859375,0.88201904296875,0
v32,256k,54,bf16,163775,2048,1024,3.0,strat,1.772705078125,1.64599609375,0
v32,256k,54,bf16,163775,2048,1024,3.0,iid,2.03961181640625,1.914794921875,0
v32,256k,54,bf16,163775,2048,2048,3.0,strat,1.63311767578125,1.3157958984375,0
v32,256k,54,bf16,163775,2048,2048,3.0,iid,1.71917724609375,1.28582763671875,0
v32,256k,54,bf16,163775,2048,4096,3.0,strat,1.42254638671875,0.8489990234375,0
v32,256k,54,bf16,163775,2048,4096,3.0,iid,1.5311279296875,0.92352294921875,0
