model,isl,L,dtype,N,cs,BS,hit,base,pr,op26,pr_vs_base,op26_vs_pr,pr_exact
flash,4k,10,fp32,1027,1,1,0.846,11.895850000000001,7.552,7.86545,1.575,1.042,True
flash,4k,10,fp32,1027,1,2,0.846,11.755049999999999,7.69435,7.7855,1.528,1.012,True
flash,4k,10,fp32,1027,1,4,0.846,11.58855,7.50535,8.0224,1.544,1.069,True
flash,4k,10,fp32,1027,1,8,0.846,11.651,7.5855500000000005,8.08935,1.536,1.066,True
flash,4k,10,fp32,1027,1,16,0.846,11.9935,7.93915,8.2896,1.511,1.044,True
flash,4k,10,fp32,1027,1,32,0.846,12.12935,8.0496,8.31985,1.507,1.034,True
flash,4k,10,fp32,1027,1,64,0.846,12.20625,8.0448,8.414399999999999,1.517,1.046,True
flash,4k,10,fp32,1027,1,128,0.846,12.49425,8.327950000000001,8.692549999999999,1.5,1.044,True
flash,4k,10,fp32,1027,1,256,0.846,13.9854,9.343950000000001,10.27675,1.497,1.1,True
flash,4k,10,fp32,1027,1,512,0.846,26.1885,17.1677,18.1678,1.525,1.058,True
flash,4k,10,fp32,1027,1,1024,0.846,49.298550000000006,31.7323,27.759700000000002,1.554,0.875,True
flash,8k,10,fp32,2051,1,1,0.672,9.417549999999999,7.990399999999999,9.0684,1.179,1.135,True
flash,8k,10,fp32,2051,1,2,0.672,9.577399999999999,8.07675,9.08415,1.186,1.125,True
flash,8k,10,fp32,2051,1,4,0.672,9.39515,7.8527,8.8384,1.196,1.126,True
flash,8k,10,fp32,2051,1,8,0.672,9.585600000000001,8.0591,9.106950000000001,1.189,1.13,True
flash,8k,10,fp32,2051,1,16,0.672,9.624,8.184,9.0896,1.176,1.111,True
flash,8k,10,fp32,2051,1,32,0.672,9.82075,8.357700000000001,9.411200000000001,1.175,1.126,True
flash,8k,10,fp32,2051,1,64,0.672,9.98395,8.389850000000001,9.6176,1.19,1.146,True
flash,8k,10,fp32,2051,1,128,0.672,10.3934,8.8464,9.77905,1.175,1.105,True
flash,8k,10,fp32,2051,1,256,0.672,11.5486,9.9229,11.5935,1.164,1.168,True
flash,8k,10,fp32,2051,1,512,0.672,21.24455,18.19975,20.78525,1.167,1.142,True
flash,8k,10,fp32,2051,1,1024,0.672,38.90675,32.665099999999995,31.421950000000002,1.191,0.962,True
flash,16k,10,fp32,4099,1,1,0.648,12.3935,8.988700000000001,10.219,1.379,1.137,True
flash,16k,10,fp32,4099,1,2,0.648,12.275,8.92,9.9871,1.376,1.12,True
flash,16k,10,fp32,4099,1,4,0.648,12.1678,8.820450000000001,10.0272,1.379,1.137,True
flash,16k,10,fp32,4099,1,8,0.648,12.383799999999999,9.02075,9.984,1.373,1.107,True
flash,16k,10,fp32,4099,1,16,0.648,12.56465,9.211,10.37585,1.364,1.126,True
flash,16k,10,fp32,4099,1,32,0.648,12.6495,9.288,10.5168,1.362,1.132,True
flash,16k,10,fp32,4099,1,64,0.648,12.836649999999999,9.54195,10.7088,1.345,1.122,True
flash,16k,10,fp32,4099,1,128,0.648,13.19185,9.77735,10.90075,1.349,1.115,True
flash,16k,10,fp32,4099,1,256,0.648,15.483049999999999,11.379100000000001,13.3407,1.361,1.172,True
flash,16k,10,fp32,4099,1,512,0.648,28.62525,20.5533,23.66045,1.393,1.151,True
flash,16k,10,fp32,4099,1,1024,0.648,50.9401,36.89395,36.0859,1.381,0.978,True
flash,32k,10,fp32,8195,1,1,0.723,15.26855,8.84475,10.0704,1.726,1.139,True
flash,32k,10,fp32,8195,1,2,0.723,15.319700000000001,8.9424,9.9312,1.713,1.111,True
flash,32k,10,fp32,8195,1,4,0.723,15.196549999999998,8.763200000000001,9.9804,1.734,1.139,True
flash,32k,10,fp32,8195,1,8,0.723,15.5053,9.13115,10.2704,1.698,1.125,True
flash,32k,10,fp32,8195,1,16,0.723,15.596549999999999,9.2608,10.393600000000001,1.684,1.122,True
flash,32k,10,fp32,8195,1,32,0.723,15.7742,9.366299999999999,10.5135,1.684,1.122,True
flash,32k,10,fp32,8195,1,64,0.723,15.9854,9.683200000000001,10.753549999999999,1.651,1.111,True
flash,32k,10,fp32,8195,1,128,0.723,16.55495,10.235149999999999,11.36435,1.617,1.11,True
flash,32k,10,fp32,8195,1,256,0.723,20.4606,12.3757,14.15975,1.653,1.144,True
flash,32k,10,fp32,8195,1,512,0.723,37.58825,22.095650000000003,24.4268,1.701,1.106,True
flash,32k,10,fp32,8195,1,1024,0.723,66.0871,39.53385,38.54675,1.672,0.975,True
flash,64k,10,fp32,16387,1,1,0.582,16.407799999999998,10.398200000000001,11.124799999999999,1.578,1.07,True
flash,64k,10,fp32,16387,1,2,0.582,16.1677,10.1631,11.0784,1.591,1.09,True
flash,64k,10,fp32,16387,1,4,0.582,16.55025,10.4719,11.11515,1.58,1.061,True
flash,64k,10,fp32,16387,1,8,0.582,16.561349999999997,10.4848,11.3184,1.58,1.08,True
flash,64k,10,fp32,16387,1,16,0.582,16.766099999999998,10.6784,11.51495,1.57,1.078,True
flash,64k,10,fp32,16387,1,32,0.582,16.99495,10.908700000000001,11.798350000000001,1.558,1.082,True
flash,64k,10,fp32,16387,1,64,0.582,17.40455,11.33895,12.2272,1.535,1.078,True
flash,64k,10,fp32,16387,1,128,0.582,18.3965,12.25105,13.1696,1.502,1.075,True
flash,64k,10,fp32,16387,1,256,0.582,23.414099999999998,15.289299999999999,18.626900000000003,1.531,1.218,True
flash,64k,10,fp32,16387,1,512,0.582,42.84425,27.5117,33.762800000000006,1.557,1.227,True
flash,64k,10,fp32,16387,1,1024,0.582,74.439,49.22175,53.38325,1.512,1.085,True
flash,128k,10,fp32,32771,1,1,0.523,14.339049999999999,12.59515,13.79665,1.138,1.095,True
flash,128k,10,fp32,32771,1,2,0.523,14.236600000000001,12.479899999999999,13.670200000000001,1.141,1.095,True
flash,128k,10,fp32,32771,1,4,0.523,14.401399999999999,12.77915,14.04935,1.127,1.099,True
flash,128k,10,fp32,32771,1,8,0.523,14.49105,12.736,13.918299999999999,1.138,1.093,True
flash,128k,10,fp32,32771,1,16,0.523,14.964649999999999,13.23335,14.3544,1.131,1.085,True
flash,128k,10,fp32,32771,1,32,0.523,15.3901,13.70825,14.79035,1.123,1.079,True
flash,128k,10,fp32,32771,1,64,0.523,16.07505,14.2942,15.47175,1.125,1.082,True
flash,128k,10,fp32,32771,1,128,0.523,17.2542,15.33735,16.6893,1.125,1.088,True
flash,128k,10,fp32,32771,1,256,0.523,24.03965,20.934099999999997,25.9644,1.148,1.24,True
flash,128k,10,fp32,32771,1,512,0.523,44.8681,38.92275,51.405699999999996,1.153,1.321,True
flash,128k,10,fp32,32771,1,1024,0.523,78.76845,67.77515,78.33655,1.162,1.156,True
flash,256k,10,fp32,65538,4,1,0.193,17.2189,13.61895,13.947049999999999,1.264,1.024,True
flash,256k,10,fp32,65538,4,2,0.193,17.6606,14.06705,14.6029,1.255,1.038,True
flash,256k,10,fp32,65538,4,4,0.193,17.9758,14.307,14.651,1.256,1.024,True
flash,256k,10,fp32,65538,4,8,0.193,18.099,14.61895,15.115,1.238,1.034,True
flash,256k,10,fp32,65538,4,16,0.193,18.48775,14.9888,15.348600000000001,1.233,1.024,True
flash,256k,10,fp32,65538,4,32,0.193,19.3869,15.8542,16.3902,1.223,1.034,True
flash,256k,10,fp32,65538,2,64,0.193,21.8717,18.2238,17.923,1.2,0.983,True
flash,256k,10,fp32,65538,1,128,0.193,23.82375,20.356450000000002,25.90525,1.17,1.273,True
flash,256k,10,fp32,65538,1,256,0.193,36.911550000000005,31.7261,39.38505,1.163,1.241,True
flash,256k,10,fp32,65538,1,512,0.193,69.72710000000001,60.22005,86.28505,1.158,1.433,True
flash,256k,10,fp32,65538,1,1024,0.193,115.58885000000001,100.51065,130.46705,1.15,1.298,True
flash,512k,10,fp32,131075,8,1,0.455,17.343700000000002,17.9597,17.18215,0.966,0.957,True
flash,512k,10,fp32,131075,8,2,0.455,17.2269,17.79495,17.265349999999998,0.968,0.97,True
flash,512k,10,fp32,131075,8,4,0.455,17.59825,18.29895,17.539,0.962,0.958,True
flash,512k,10,fp32,131075,4,8,0.455,18.61095,19.623849999999997,17.91015,0.948,0.913,True
flash,512k,10,fp32,131075,4,16,0.455,19.2078,20.145349999999997,18.59345,0.953,0.923,True
flash,512k,10,fp32,131075,4,32,0.455,20.4045,21.19655,22.36125,0.963,1.055,True
flash,512k,10,fp32,131075,2,64,0.455,25.47325,26.743650000000002,25.3245,0.952,0.947,True
flash,512k,10,fp32,131075,1,128,0.455,34.4491,37.76275,38.4475,0.912,1.018,True
flash,512k,10,fp32,131075,1,256,0.455,66.7975,83.08535,88.0515,0.804,1.06,True
flash,512k,10,fp32,131075,1,512,0.455,119.29414999999999,149.5068,178.10160000000002,0.798,1.191,True
flash,512k,10,fp32,131075,1,1024,0.455,212.63225,272.31,282.5146,0.781,1.037,True
flash,1024k,10,fp32,262127,8,1,0.385,21.32125,21.19175,20.7517,1.006,0.979,True
flash,1024k,10,fp32,262127,8,2,0.385,21.2781,21.1133,20.6221,1.008,0.977,True
flash,1024k,10,fp32,262127,8,4,0.385,21.8285,21.658900000000003,21.318099999999998,1.008,0.984,True
flash,1024k,10,fp32,262127,4,8,0.385,22.795,23.148400000000002,21.9917,0.985,0.95,True
flash,1024k,10,fp32,262127,4,16,0.385,23.94525,23.990099999999998,22.812549999999998,0.998,0.951,True
flash,1024k,10,fp32,262127,4,32,0.385,27.041150000000002,27.13085,29.9468,0.997,1.104,True
flash,1024k,10,fp32,262127,2,64,0.385,38.80585,39.78515,38.063550000000006,0.975,0.957,True
flash,1024k,10,fp32,262127,1,128,0.385,63.8551,81.6164,79.90935,0.782,0.979,True
flash,1024k,10,fp32,262127,1,256,0.385,110.17460000000001,151.95795,152.03475,0.725,1.001,True
flash,1024k,10,fp32,262127,1,512,0.385,202.27725,271.70509999999996,305.56225,0.744,1.125,True
flash,1024k,10,fp32,262127,1,1024,0.385,382.9597,519.713,515.41385,0.737,0.992,True
flash,4k,22,fp32,1027,1,1,0.639,8.63345,7.44795,7.776,1.159,1.044,True
flash,4k,22,fp32,1027,1,2,0.639,8.4511,7.6223,7.737550000000001,1.109,1.015,True
flash,4k,22,fp32,1027,1,4,0.639,8.321549999999998,7.44475,7.93095,1.118,1.065,True
flash,4k,22,fp32,1027,1,8,0.639,8.4383,7.56155,8.09595,1.116,1.071,True
flash,4k,22,fp32,1027,1,16,0.639,8.833450000000001,7.95665,8.239799999999999,1.11,1.036,True
flash,4k,22,fp32,1027,1,32,0.639,8.865450000000001,7.95185,8.297450000000001,1.115,1.043,True
flash,4k,22,fp32,1027,1,64,0.639,8.9903,8.04945,8.43035,1.117,1.047,True
flash,4k,22,fp32,1027,1,128,0.639,9.25435,8.3632,8.670200000000001,1.107,1.037,True
flash,4k,22,fp32,1027,1,256,0.639,10.19345,9.33105,10.2798,1.092,1.102,True
flash,4k,22,fp32,1027,1,512,0.639,18.796599999999998,17.166150000000002,18.259,1.095,1.064,True
flash,4k,22,fp32,1027,1,1024,0.639,35.01075,31.5517,27.7712,1.11,0.88,True
flash,8k,22,fp32,2051,1,1,0.334,8.544,7.9038,7.43345,1.081,0.94,True
flash,8k,22,fp32,2051,1,2,0.334,8.7247,8.03345,7.555,1.086,0.94,True
flash,8k,22,fp32,2051,1,4,0.334,8.5502,7.90715,7.27515,1.081,0.92,True
flash,8k,22,fp32,2051,1,8,0.334,8.7232,8.0111,7.54875,1.089,0.942,True
flash,8k,22,fp32,2051,1,16,0.334,8.783850000000001,8.15185,7.667,1.078,0.941,True
flash,8k,22,fp32,2051,1,32,0.334,8.918299999999999,8.2958,7.79035,1.075,0.939,True
flash,8k,22,fp32,2051,1,64,0.334,9.011149999999999,8.4255,7.9727,1.07,0.946,True
flash,8k,22,fp32,2051,1,128,0.334,9.395100000000001,8.79825,8.17425,1.068,0.929,True
flash,8k,22,fp32,2051,1,256,0.334,10.6431,9.8879,9.819049999999999,1.076,0.993,True
flash,8k,22,fp32,2051,1,512,0.334,19.2398,17.8959,17.434900000000003,1.075,0.974,True
flash,8k,22,fp32,2051,1,1024,0.334,35.0298,32.21405,26.1419,1.087,0.812,True
flash,16k,22,fp32,4099,1,1,0.344,11.50385,8.69745,8.1007,1.323,0.931,True
flash,16k,22,fp32,4099,1,2,0.344,11.18385,8.52635,7.6766000000000005,1.312,0.9,True
flash,16k,22,fp32,4099,1,4,0.344,11.347100000000001,8.705549999999999,8.043149999999999,1.303,0.924,True
flash,16k,22,fp32,4099,1,8,0.344,11.377450000000001,8.67665,7.87985,1.311,0.908,True
flash,16k,22,fp32,4099,1,16,0.344,11.54225,8.9086,8.16315,1.296,0.916,True
flash,16k,22,fp32,4099,1,32,0.344,11.7231,9.02535,8.348700000000001,1.299,0.925,True
flash,16k,22,fp32,4099,1,64,0.344,11.88785,9.211049999999998,8.44475,1.291,0.917,True
flash,16k,22,fp32,4099,1,128,0.344,12.19985,9.54235,8.719899999999999,1.278,0.914,True
flash,16k,22,fp32,4099,1,256,0.344,14.035,10.961549999999999,10.7102,1.28,0.977,True
flash,16k,22,fp32,4099,1,512,0.344,26.05105,19.926099999999998,18.88615,1.307,0.948,True
flash,16k,22,fp32,4099,1,1024,0.344,47.04905,35.79475,28.33395,1.314,0.792,True
flash,32k,22,fp32,8195,1,1,0.686,11.48785,8.94065,9.9214,1.285,1.11,True
flash,32k,22,fp32,8195,1,2,0.686,11.6735,9.032,9.903799999999999,1.292,1.097,True
flash,32k,22,fp32,8195,1,4,0.686,11.49425,8.870149999999999,9.9694,1.296,1.124,True
flash,32k,22,fp32,8195,1,8,0.686,11.74705,9.17905,10.143799999999999,1.28,1.105,True
flash,32k,22,fp32,8195,1,16,0.686,11.93425,9.337549999999998,10.30225,1.278,1.103,True
flash,32k,22,fp32,8195,1,32,0.686,12.12945,9.60625,10.456,1.263,1.088,True
flash,32k,22,fp32,8195,1,64,0.686,12.31825,9.7488,10.6608,1.264,1.094,True
flash,32k,22,fp32,8195,1,128,0.686,12.9119,10.3264,11.29905,1.25,1.094,True
flash,32k,22,fp32,8195,1,256,0.686,15.51975,12.5022,14.0703,1.241,1.125,True
flash,32k,22,fp32,8195,1,512,0.686,28.01275,22.29255,24.308400000000002,1.257,1.09,True
flash,32k,22,fp32,8195,1,1024,0.686,49.71305,40.1356,38.3804,1.239,0.956,True
flash,64k,22,fp32,16387,1,1,0.076,14.43825,11.6191,11.975850000000001,1.243,1.031,True
flash,64k,22,fp32,16387,1,2,0.076,14.164549999999998,11.4863,11.9534,1.233,1.041,True
flash,64k,22,fp32,16387,1,4,0.076,14.59345,11.83825,11.942350000000001,1.233,1.009,True
flash,64k,22,fp32,16387,1,8,0.076,14.55985,11.878200000000001,12.18075,1.226,1.025,True
flash,64k,22,fp32,16387,1,16,0.076,14.84145,12.108649999999999,12.40625,1.226,1.025,True
flash,64k,22,fp32,16387,1,32,0.076,15.026950000000001,12.337399999999999,12.63345,1.218,1.024,True
flash,64k,22,fp32,16387,1,64,0.076,15.447799999999999,12.76305,13.04795,1.21,1.022,True
flash,64k,22,fp32,16387,1,128,0.076,16.446150000000003,13.705549999999999,14.05415,1.2,1.025,True
flash,64k,22,fp32,16387,1,256,0.076,21.690849999999998,17.787,20.215799999999998,1.219,1.137,True
flash,64k,22,fp32,16387,1,512,0.076,39.466699999999996,32.4672,37.590199999999996,1.216,1.158,True
flash,64k,22,fp32,16387,1,1024,0.076,66.75439999999999,57.79285,58.6601,1.155,1.015,True
flash,128k,22,fp32,32771,1,1,0.701,16.075,11.6271,13.55025,1.383,1.165,True
flash,128k,22,fp32,32771,1,2,0.701,15.8158,11.468549999999999,13.4222,1.379,1.17,True
flash,128k,22,fp32,32771,1,4,0.701,16.08935,11.788549999999999,13.787,1.365,1.17,True
flash,128k,22,fp32,32771,1,8,0.701,16.19655,11.82855,13.766200000000001,1.369,1.164,True
flash,128k,22,fp32,32771,1,16,0.701,16.651,12.331,14.24135,1.35,1.155,True
flash,128k,22,fp32,32771,1,32,0.701,17.1167,12.731,14.635,1.344,1.15,True
flash,128k,22,fp32,32771,1,64,0.701,17.75495,13.3615,15.287799999999999,1.329,1.144,True
flash,128k,22,fp32,32771,1,128,0.701,18.8334,14.383799999999999,16.363,1.309,1.138,True
flash,128k,22,fp32,32771,1,256,0.701,26.0315,19.747,25.7213,1.318,1.303,True
flash,128k,22,fp32,32771,1,512,0.701,48.9914,36.876349999999995,51.071349999999995,1.329,1.385,True
flash,128k,22,fp32,32771,1,1024,0.701,85.14775,63.5673,77.59905,1.339,1.221,True
flash,256k,22,fp32,65538,4,1,0.279,17.09575,12.63345,13.24145,1.353,1.048,True
flash,256k,22,fp32,65538,4,2,0.279,17.604650000000003,13.26705,14.028649999999999,1.327,1.057,True
flash,256k,22,fp32,65538,4,4,0.279,17.854200000000002,13.42855,14.11665,1.33,1.051,True
flash,256k,22,fp32,65538,4,8,0.279,18.11015,13.74385,14.45425,1.318,1.052,True
flash,256k,22,fp32,65538,4,16,0.279,18.323,14.052700000000002,14.7374,1.304,1.049,True
flash,256k,22,fp32,65538,4,32,0.279,19.273400000000002,14.9806,15.865450000000001,1.287,1.059,True
flash,256k,22,fp32,65538,2,64,0.279,21.94525,17.699,17.222099999999998,1.24,0.973,True
flash,256k,22,fp32,65538,1,128,0.279,23.115,19.811,23.639650000000003,1.167,1.193,True
flash,256k,22,fp32,65538,1,256,0.279,36.19,31.057599999999997,37.00595,1.165,1.192,True
flash,256k,22,fp32,65538,1,512,0.279,68.33685000000001,58.86645,81.8998,1.161,1.391,True
flash,256k,22,fp32,65538,1,1024,0.279,116.1377,98.39245,124.98735,1.18,1.27,True
flash,512k,22,fp32,131075,8,1,0.057,44.197900000000004,20.900599999999997,23.23475,2.115,1.112,True
flash,512k,22,fp32,131075,8,2,0.057,44.015449999999994,20.9773,23.4189,2.098,1.116,True
flash,512k,22,fp32,131075,8,4,0.057,44.503449999999994,21.382150000000003,23.703650000000003,2.081,1.109,True
flash,512k,22,fp32,131075,4,8,0.057,53.18815,24.10845,24.07475,2.206,0.999,True
flash,512k,22,fp32,131075,4,16,0.057,54.362550000000006,24.6365,24.78525,2.207,1.006,True
flash,512k,22,fp32,131075,4,32,0.057,55.9994,25.9324,30.6352,2.159,1.181,True
flash,512k,22,fp32,131075,2,64,0.057,72.17994999999999,34.8605,34.900400000000005,2.071,1.001,True
flash,512k,22,fp32,131075,1,128,0.057,96.30595,46.07465,51.506550000000004,2.09,1.118,True
flash,512k,22,fp32,131075,1,256,0.057,352.6632,120.3377,151.37435,2.931,1.258,True
flash,512k,22,fp32,131075,1,512,0.057,643.7840500000001,219.29175,293.5148,2.936,1.338,True
flash,512k,22,fp32,131075,1,1024,0.057,1275.2356499999999,406.25584999999995,495.72985,3.139,1.22,True
flash,1024k,22,fp32,262127,8,1,0.422,20.5229,20.778950000000002,20.6094,0.988,0.992,True
flash,1024k,22,fp32,262127,8,2,0.422,20.68135,20.81905,20.68125,0.993,0.993,True
flash,1024k,22,fp32,262127,8,4,0.422,21.2525,21.433349999999997,21.39175,0.992,0.998,True
flash,1024k,22,fp32,262127,4,8,0.422,22.30365,23.1869,21.9742,0.962,0.948,True
flash,1024k,22,fp32,262127,4,16,0.422,23.38055,24.12295,22.75325,0.969,0.943,True
flash,1024k,22,fp32,262127,4,32,0.422,26.63655,27.1644,29.288,0.981,1.078,True
flash,1024k,22,fp32,262127,2,64,0.422,38.1803,39.0539,37.4699,0.978,0.959,True
flash,1024k,22,fp32,262127,1,128,0.422,62.9016,80.88865,79.68225,0.778,0.985,True
flash,1024k,22,fp32,262127,1,256,0.422,109.03235000000001,151.04935,152.6044,0.722,1.01,True
flash,1024k,22,fp32,262127,1,512,0.422,199.93515,271.1442,306.3963,0.737,1.13,True
flash,1024k,22,fp32,262127,1,1024,0.422,378.0065,517.36995,515.1712,0.731,0.996,True
flash,4k,34,fp32,1027,1,1,0.695,9.940700000000001,7.779100000000001,7.9408,1.278,1.021,True
flash,4k,34,fp32,1027,1,2,0.695,9.72785,7.89595,7.84145,1.232,0.993,True
flash,4k,34,fp32,1027,1,4,0.695,9.556700000000001,7.75835,7.9567,1.232,1.026,True
flash,4k,34,fp32,1027,1,8,0.695,9.5758,7.7166999999999994,7.99665,1.241,1.036,True
flash,4k,34,fp32,1027,1,16,0.695,9.855799999999999,8.02395,8.2527,1.228,1.029,True
flash,4k,34,fp32,1027,1,32,0.695,10.00465,8.1824,8.265450000000001,1.223,1.01,True
flash,4k,34,fp32,1027,1,64,0.695,9.918149999999999,8.14705,8.34385,1.217,1.024,True
flash,4k,34,fp32,1027,1,128,0.695,10.20795,8.3455,8.53915,1.223,1.023,True
flash,4k,34,fp32,1027,1,256,0.695,11.21265,9.43515,10.18875,1.188,1.08,True
flash,4k,34,fp32,1027,1,512,0.695,20.894099999999998,17.2845,17.92445,1.209,1.037,True
flash,4k,34,fp32,1027,1,1024,0.695,39.025150000000004,31.91755,27.394650000000002,1.223,0.858,True
flash,8k,34,fp32,2051,1,1,0.611,10.25425,8.2479,9.2927,1.243,1.127,True
flash,8k,34,fp32,2051,1,2,0.611,10.3167,8.3695,9.49105,1.233,1.134,True
flash,8k,34,fp32,2051,1,4,0.611,10.2255,8.1982,9.1534,1.247,1.117,True
flash,8k,34,fp32,2051,1,8,0.611,10.3454,8.3632,9.435,1.237,1.128,True
flash,8k,34,fp32,2051,1,16,0.611,10.387049999999999,8.5007,9.531049999999999,1.222,1.121,True
flash,8k,34,fp32,2051,1,32,0.611,10.5022,8.5118,9.635200000000001,1.234,1.132,True
flash,8k,34,fp32,2051,1,64,0.611,10.5167,8.62065,9.8335,1.22,1.141,True
flash,8k,34,fp32,2051,1,128,0.611,11.01595,9.0255,9.9535,1.221,1.103,True
flash,8k,34,fp32,2051,1,256,0.611,12.3535,10.271799999999999,11.8719,1.203,1.156,True
flash,8k,34,fp32,2051,1,512,0.611,22.70055,18.6494,21.25425,1.217,1.14,True
flash,8k,34,fp32,2051,1,1024,0.611,41.0379,33.1742,31.9712,1.237,0.964,True
flash,16k,34,fp32,4099,1,1,0.348,10.041450000000001,8.82075,8.483049999999999,1.138,0.962,True
flash,16k,34,fp32,4099,1,2,0.348,9.627,8.51665,7.9775,1.13,0.937,True
flash,16k,34,fp32,4099,1,4,0.348,9.73915,8.61585,8.2096,1.13,0.953,True
flash,16k,34,fp32,4099,1,8,0.348,9.803049999999999,8.73745,8.08625,1.122,0.925,True
flash,16k,34,fp32,4099,1,16,0.348,9.8143,8.7711,8.3775,1.119,0.955,True
flash,16k,34,fp32,4099,1,32,0.348,10.0558,9.02225,8.63035,1.115,0.957,True
flash,16k,34,fp32,4099,1,64,0.348,10.270299999999999,9.251,8.6688,1.11,0.937,True
flash,16k,34,fp32,4099,1,128,0.348,10.5199,9.52465,8.9598,1.104,0.941,True
flash,16k,34,fp32,4099,1,256,0.348,12.163,10.9566,10.96785,1.11,1.001,True
flash,16k,34,fp32,4099,1,512,0.348,22.1708,19.78855,19.4926,1.12,0.985,True
flash,16k,34,fp32,4099,1,1024,0.348,39.7308,35.564099999999996,28.8666,1.117,0.812,True
flash,32k,34,fp32,8195,1,1,0.67,11.275049999999998,9.071950000000001,10.382200000000001,1.243,1.144,True
flash,32k,34,fp32,8195,1,2,0.67,11.3535,9.23985,10.321549999999998,1.229,1.117,True
flash,32k,34,fp32,8195,1,4,0.67,11.153450000000001,8.996649999999999,10.29415,1.24,1.144,True
flash,32k,34,fp32,8195,1,8,0.67,11.40465,9.3087,10.59195,1.225,1.138,True
flash,32k,34,fp32,8195,1,16,0.67,11.38545,9.2815,10.609549999999999,1.227,1.143,True
flash,32k,34,fp32,8195,1,32,0.67,11.545549999999999,9.5695,10.7711,1.206,1.126,True
flash,32k,34,fp32,8195,1,64,0.67,11.7567,9.68795,10.9438,1.214,1.13,True
flash,32k,34,fp32,8195,1,128,0.67,12.33595,10.22065,11.4574,1.207,1.121,True
flash,32k,34,fp32,8195,1,256,0.67,14.6334,12.40925,14.29585,1.179,1.152,True
flash,32k,34,fp32,8195,1,512,0.67,26.3854,22.0861,25.057299999999998,1.195,1.135,True
flash,32k,34,fp32,8195,1,1024,0.67,47.29375,39.83175,39.196349999999995,1.187,0.984,True
flash,64k,34,fp32,16387,1,1,0.145,11.42225,10.6015,11.41115,1.077,1.076,True
flash,64k,34,fp32,16387,1,2,0.145,11.089450000000001,10.33595,11.32145,1.073,1.095,True
flash,64k,34,fp32,16387,1,4,0.145,11.52315,10.6318,11.31505,1.084,1.064,True
flash,64k,34,fp32,16387,1,8,0.145,11.48625,10.673549999999999,11.50385,1.076,1.078,True
flash,64k,34,fp32,16387,1,16,0.145,11.531049999999999,10.65595,11.52305,1.082,1.081,True
flash,64k,34,fp32,16387,1,32,0.145,11.8015,10.959850000000001,11.766350000000001,1.077,1.074,True
flash,64k,34,fp32,16387,1,64,0.145,12.233450000000001,11.348600000000001,12.15975,1.078,1.071,True
flash,64k,34,fp32,16387,1,128,0.145,13.1519,12.2462,13.0975,1.074,1.07,True
flash,64k,34,fp32,16387,1,256,0.145,16.4958,15.48615,18.5438,1.065,1.197,True
flash,64k,34,fp32,16387,1,512,0.145,29.417099999999998,27.79005,33.8108,1.059,1.217,True
flash,64k,34,fp32,16387,1,1024,0.145,52.1418,49.8234,53.24885,1.047,1.069,True
flash,128k,34,fp32,32771,1,1,0.688,16.161450000000002,12.014299999999999,13.79665,1.345,1.148,True
flash,128k,34,fp32,32771,1,2,0.688,16.02065,11.815850000000001,13.5486,1.356,1.147,True
flash,128k,34,fp32,32771,1,4,0.688,16.14375,11.9599,13.8959,1.35,1.162,True
flash,128k,34,fp32,32771,1,8,0.688,16.18385,12.0271,13.6975,1.346,1.139,True
flash,128k,34,fp32,32771,1,16,0.688,16.604599999999998,12.483,14.11495,1.33,1.131,True
flash,128k,34,fp32,32771,1,32,0.688,16.93255,12.7757,14.478200000000001,1.325,1.133,True
flash,128k,34,fp32,32771,1,64,0.688,17.625400000000003,13.423950000000001,15.1534,1.313,1.129,True
flash,128k,34,fp32,32771,1,128,0.688,18.64295,14.4527,16.235,1.29,1.123,True
flash,128k,34,fp32,32771,1,256,0.688,25.69735,19.69565,25.489099999999997,1.305,1.294,True
flash,128k,34,fp32,32771,1,512,0.688,48.065,36.83945,50.58665,1.305,1.373,True
flash,128k,34,fp32,32771,1,1024,0.688,84.44539999999999,63.7624,77.1159,1.324,1.209,True
flash,256k,34,fp32,65538,4,1,0.631,25.8972,13.254299999999999,13.5966,1.954,1.026,True
flash,256k,34,fp32,65538,4,2,0.631,26.606099999999998,13.8094,14.339049999999999,1.927,1.038,True
flash,256k,34,fp32,65538,4,4,0.631,26.5502,13.9502,14.47985,1.903,1.038,True
flash,256k,34,fp32,65538,4,8,0.631,26.9245,14.3919,14.8639,1.871,1.033,True
flash,256k,34,fp32,65538,4,16,0.631,27.2205,14.6814,15.14375,1.854,1.031,True
flash,256k,34,fp32,65538,4,32,0.631,28.12925,15.647950000000002,16.34385,1.798,1.044,True
flash,256k,34,fp32,65538,2,64,0.631,30.89565,18.10705,17.76295,1.706,0.981,True
flash,256k,34,fp32,65538,1,128,0.631,31.97375,20.236549999999998,26.3837,1.58,1.304,True
flash,256k,34,fp32,65538,1,256,0.631,49.953,31.5598,39.77875,1.583,1.26,True
flash,256k,34,fp32,65538,1,512,0.631,93.43405,59.455349999999996,85.69175,1.571,1.441,True
flash,256k,34,fp32,65538,1,1024,0.631,153.7886,99.66755,131.81125,1.543,1.323,True
flash,512k,34,fp32,131075,8,1,0.283,17.611,14.675,14.96945,1.2,1.02,True
flash,512k,34,fp32,131075,8,2,0.283,17.75825,14.804649999999999,15.175799999999999,1.2,1.025,True
flash,512k,34,fp32,131075,8,4,0.283,18.271849999999997,15.30545,15.47015,1.194,1.011,True
flash,512k,34,fp32,131075,4,8,0.283,19.2829,16.68625,15.820549999999999,1.156,0.948,True
flash,512k,34,fp32,131075,4,16,0.283,19.819,17.2078,16.4991,1.152,0.959,True
flash,512k,34,fp32,131075,4,32,0.283,21.08935,18.31015,19.8398,1.152,1.084,True
flash,512k,34,fp32,131075,2,64,0.283,26.542099999999998,24.13415,22.8029,1.1,0.945,True
flash,512k,34,fp32,131075,1,128,0.283,35.12095,32.4088,33.74825,1.084,1.041,True
flash,512k,34,fp32,131075,1,256,0.283,67.3832,63.6361,67.14475,1.059,1.055,True
flash,512k,34,fp32,131075,1,512,0.283,120.4562,113.4851,135.84635,1.061,1.197,True
flash,512k,34,fp32,131075,1,1024,0.283,214.32379999999998,202.4279,207.95415,1.059,1.027,True
flash,1024k,34,fp32,262127,8,1,0.379,24.43645,19.30695,19.6749,1.266,1.019,True
flash,1024k,34,fp32,262127,8,2,0.379,24.61895,19.4157,19.8398,1.268,1.022,True
flash,1024k,34,fp32,262127,8,4,0.379,25.1645,20.09095,20.69895,1.253,1.03,True
flash,1024k,34,fp32,262127,4,8,0.379,26.72935,22.1757,21.0222,1.205,0.948,True
flash,1024k,34,fp32,262127,4,16,0.379,27.82045,23.011,21.83805,1.209,0.949,True
flash,1024k,34,fp32,262127,4,32,0.379,31.75165,26.01725,28.65375,1.22,1.101,True
flash,1024k,34,fp32,262127,2,64,0.379,43.84265,38.305099999999996,36.76435,1.145,0.96,True
flash,1024k,34,fp32,262127,1,128,0.379,84.5974,62.27285,64.7929,1.358,1.04,True
flash,1024k,34,fp32,262127,1,256,0.379,155.44289999999998,108.2084,112.66714999999999,1.437,1.041,True
flash,1024k,34,fp32,262127,1,512,0.379,278.29434999999995,198.40570000000002,240.2036,1.403,1.211,True
flash,1024k,34,fp32,262127,1,1024,0.379,532.6545,374.5765,377.7555,1.422,1.008,True
pro,4k,14,fp32,1027,1,1,0.997,18.83655,9.32145,8.37915,2.021,0.899,True
pro,4k,14,fp32,1027,1,2,0.997,18.7837,9.2765,8.203100000000001,2.025,0.884,True
pro,4k,14,fp32,1027,1,4,0.997,18.953349999999997,9.510399999999999,8.57255,1.993,0.901,True
pro,4k,14,fp32,1027,1,8,0.997,18.764650000000003,9.29755,8.47515,2.018,0.912,True
pro,4k,14,fp32,1027,1,16,0.997,18.767799999999998,9.291049999999998,8.3535,2.02,0.899,True
pro,4k,14,fp32,1027,1,32,0.997,18.96625,9.5999,8.55675,1.976,0.891,True
pro,4k,14,fp32,1027,1,64,0.997,19.0686,9.6111,8.6206,1.984,0.897,True
pro,4k,14,fp32,1027,1,128,0.997,19.350150000000003,9.849450000000001,8.8527,1.965,0.899,True
pro,4k,14,fp32,1027,1,256,0.997,20.867,10.844700000000001,10.2653,1.924,0.947,True
pro,4k,14,fp32,1027,1,512,0.997,39.8828,20.190099999999997,18.8605,1.975,0.934,True
pro,4k,14,fp32,1027,1,1024,0.997,77.41675,37.91,28.5917,2.042,0.754,True
pro,8k,14,fp32,2051,1,1,0.83,13.507100000000001,8.577399999999999,9.1183,1.575,1.063,True
pro,8k,14,fp32,2051,1,2,0.83,13.612549999999999,8.60625,9.2095,1.582,1.07,True
pro,8k,14,fp32,2051,1,4,0.83,13.639700000000001,8.58385,9.14715,1.589,1.066,True
pro,8k,14,fp32,2051,1,8,0.83,13.465549999999999,8.52155,9.29275,1.58,1.09,True
pro,8k,14,fp32,2051,1,16,0.83,13.58195,8.571200000000001,9.18075,1.585,1.071,True
pro,8k,14,fp32,2051,1,32,0.83,13.62235,8.64475,9.28785,1.576,1.074,True
pro,8k,14,fp32,2051,1,64,0.83,14.0238,8.9679,9.481549999999999,1.564,1.057,True
pro,8k,14,fp32,2051,1,128,0.83,14.15675,9.13905,9.8239,1.549,1.075,True
pro,8k,14,fp32,2051,1,256,0.83,16.2526,10.399899999999999,11.69095,1.563,1.124,True
pro,8k,14,fp32,2051,1,512,0.83,30.75165,19.039849999999998,20.96135,1.615,1.101,True
pro,8k,14,fp32,2051,1,1024,0.83,55.975,34.79325,32.231700000000004,1.609,0.926,True
pro,16k,14,fp32,4099,1,1,0.773,11.865549999999999,9.6383,10.8766,1.231,1.128,True
pro,16k,14,fp32,4099,1,2,0.773,11.6655,9.5183,10.5583,1.226,1.109,True
pro,16k,14,fp32,4099,1,4,0.773,11.635,9.4719,10.80785,1.228,1.141,True
pro,16k,14,fp32,4099,1,8,0.773,11.88955,9.739049999999999,10.595,1.221,1.088,True
pro,16k,14,fp32,4099,1,16,0.773,11.687899999999999,9.539,10.7566,1.225,1.128,True
pro,16k,14,fp32,4099,1,32,0.773,11.8591,9.671850000000001,10.924700000000001,1.226,1.13,True
pro,16k,14,fp32,4099,1,64,0.773,12.0912,9.8479,11.0591,1.228,1.123,True
pro,16k,14,fp32,4099,1,128,0.773,12.36935,10.12945,11.4351,1.221,1.129,True
pro,16k,14,fp32,4099,1,256,0.773,14.54075,11.913450000000001,14.006350000000001,1.221,1.176,True
pro,16k,14,fp32,4099,1,512,0.773,26.95005,21.59655,24.61405,1.248,1.14,True
pro,16k,14,fp32,4099,1,1024,0.773,48.2331,39.46515,38.417199999999994,1.222,0.973,True
pro,32k,14,fp32,8195,1,1,0.874,12.776,11.3775,10.3775,1.123,0.912,True
pro,32k,14,fp32,8195,1,2,0.874,12.875200000000001,11.3903,10.2431,1.13,0.899,True
pro,32k,14,fp32,8195,1,4,0.874,12.9486,11.444700000000001,10.462299999999999,1.131,0.914,True
pro,32k,14,fp32,8195,1,8,0.874,12.8975,11.44155,10.587,1.127,0.925,True
pro,32k,14,fp32,8195,1,16,0.874,13.16775,11.657549999999999,10.6111,1.13,0.91,True
pro,32k,14,fp32,8195,1,32,0.874,13.177100000000001,11.73105,10.7486,1.123,0.916,True
pro,32k,14,fp32,8195,1,64,0.874,13.44755,11.9662,11.01745,1.124,0.921,True
pro,32k,14,fp32,8195,1,128,0.874,14.025549999999999,12.510200000000001,11.623899999999999,1.121,0.929,True
pro,32k,14,fp32,8195,1,256,0.874,16.7102,14.90865,14.6383,1.121,0.982,True
pro,32k,14,fp32,8195,1,512,0.874,30.47485,27.4525,26.03965,1.11,0.949,True
pro,32k,14,fp32,8195,1,1024,0.874,54.4489,50.538650000000004,41.2187,1.077,0.816,True
pro,64k,14,fp32,16387,1,1,0.606,16.938950000000002,11.8047,12.3279,1.435,1.044,True
pro,64k,14,fp32,16387,1,2,0.606,16.828400000000002,11.7902,12.4175,1.427,1.053,True
pro,64k,14,fp32,16387,1,4,0.606,17.1327,11.915149999999999,12.38065,1.438,1.039,True
pro,64k,14,fp32,16387,1,8,0.606,17.1358,11.89095,12.393450000000001,1.441,1.042,True
pro,64k,14,fp32,16387,1,16,0.606,17.255650000000003,12.0671,12.591899999999999,1.43,1.043,True
pro,64k,14,fp32,16387,1,32,0.606,17.411099999999998,12.1775,12.78395,1.43,1.05,True
pro,64k,14,fp32,16387,1,64,0.606,17.9438,12.63995,13.335799999999999,1.42,1.055,True
pro,64k,14,fp32,16387,1,128,0.606,18.790200000000002,13.481399999999999,14.1134,1.394,1.047,True
pro,64k,14,fp32,16387,1,256,0.606,25.177349999999997,17.0688,20.483,1.475,1.2,True
pro,64k,14,fp32,16387,1,512,0.606,46.65875,31.3213,38.59805,1.49,1.232,True
pro,64k,14,fp32,16387,1,1024,0.606,85.66305,57.159349999999996,59.92895,1.499,1.048,True
pro,128k,14,fp32,32771,1,1,0.812,25.8445,12.87815,13.459,2.007,1.045,True
pro,128k,14,fp32,32771,1,2,0.812,25.76295,12.69585,13.211,2.029,1.041,True
pro,128k,14,fp32,32771,1,4,0.812,25.902099999999997,12.6607,13.47185,2.046,1.064,True
pro,128k,14,fp32,32771,1,8,0.812,26.0781,12.9888,13.49425,2.008,1.039,True
pro,128k,14,fp32,32771,1,16,0.812,26.1933,12.97245,13.7198,2.019,1.058,True
pro,128k,14,fp32,32771,1,32,0.812,26.6222,13.3584,14.0238,1.993,1.05,True
pro,128k,14,fp32,32771,1,64,0.812,27.3805,14.172799999999999,14.9296,1.932,1.053,True
pro,128k,14,fp32,32771,1,128,0.812,28.366049999999998,15.03325,15.83155,1.887,1.053,True
pro,128k,14,fp32,32771,1,256,0.812,39.15965,20.2542,24.50215,1.933,1.21,True
pro,128k,14,fp32,32771,1,512,0.812,73.3992,38.153150000000004,48.0283,1.924,1.259,True
pro,128k,14,fp32,32771,1,1024,0.812,125.82265,66.2345,74.4936,1.9,1.125,True
pro,256k,14,fp32,65539,4,1,0.799,24.199849999999998,14.39505,14.675,1.681,1.019,True
pro,256k,14,fp32,65539,4,2,0.799,24.28445,14.492700000000001,14.6751,1.676,1.013,True
pro,256k,14,fp32,65539,4,4,0.799,24.28285,14.54385,14.801350000000001,1.67,1.018,True
pro,256k,14,fp32,65539,4,8,0.799,24.6891,14.948649999999999,15.08625,1.652,1.009,True
pro,256k,14,fp32,65539,4,16,0.799,25.23975,15.33105,15.521600000000001,1.646,1.012,True
pro,256k,14,fp32,65539,4,32,0.799,26.20945,16.18225,16.67995,1.62,1.031,True
pro,256k,14,fp32,65539,2,64,0.799,29.135849999999998,18.6158,17.88945,1.565,0.961,True
pro,256k,14,fp32,65539,1,128,0.799,30.324450000000002,20.86695,21.01255,1.453,1.007,True
pro,256k,14,fp32,65539,1,256,0.799,46.508199999999995,32.5373,35.522800000000004,1.429,1.092,True
pro,256k,14,fp32,65539,1,512,0.799,87.4886,61.887449999999994,80.92715,1.414,1.308,True
pro,256k,14,fp32,65539,1,1024,0.799,146.1358,103.7718,127.285,1.408,1.227,True
pro,512k,14,fp32,131075,8,1,0.78,23.789900000000003,15.7966,15.50995,1.506,0.982,True
pro,512k,14,fp32,131075,8,2,0.78,23.80155,15.8527,15.623899999999999,1.501,0.986,True
pro,512k,14,fp32,131075,8,4,0.78,24.07975,16.01905,15.7151,1.503,0.981,True
pro,512k,14,fp32,131075,4,8,0.78,25.71425,17.2447,16.09405,1.491,0.933,True
pro,512k,14,fp32,131075,4,16,0.78,26.232599999999998,17.75015,16.918400000000002,1.478,0.953,True
pro,512k,14,fp32,131075,4,32,0.78,27.7581,18.99505,20.3278,1.461,1.07,True
pro,512k,14,fp32,131075,2,64,0.78,33.76275,24.434900000000003,23.08935,1.382,0.945,True
pro,512k,14,fp32,131075,1,128,0.78,44.1355,33.03475,39.16915,1.336,1.186,True
pro,512k,14,fp32,131075,1,256,0.78,92.1126,65.57860000000001,75.97845,1.405,1.159,True
pro,512k,14,fp32,131075,1,512,0.78,165.09425,115.7091,150.7804,1.427,1.303,True
pro,512k,14,fp32,131075,1,1024,0.78,299.6848,207.5993,231.09185,1.444,1.113,True
pro,1024k,14,fp32,262127,8,1,0.71,38.77555,19.83335,19.8702,1.955,1.002,True
pro,1024k,14,fp32,262127,8,2,0.71,38.684400000000004,19.7516,19.9741,1.959,1.011,True
pro,1024k,14,fp32,262127,8,4,0.71,39.00915,20.02855,20.099,1.948,1.004,True
pro,1024k,14,fp32,262127,4,8,0.71,41.906699999999994,22.011,20.6221,1.904,0.937,True
pro,1024k,14,fp32,262127,4,16,0.71,43.09395,23.0688,21.61255,1.868,0.937,True
pro,1024k,14,fp32,262127,4,32,0.71,47.042699999999996,26.2016,28.2013,1.795,1.076,True
pro,1024k,14,fp32,262127,2,64,0.71,59.274449999999995,38.04285,36.42365,1.558,0.957,True
pro,1024k,14,fp32,262127,1,128,0.71,99.98455,62.78635,72.21844999999999,1.592,1.15,True
pro,1024k,14,fp32,262127,1,256,0.71,175.1469,110.46435000000001,126.15055000000001,1.586,1.142,True
pro,1024k,14,fp32,262127,1,512,0.71,314.96295000000003,202.297,267.46595,1.557,1.322,True
pro,1024k,14,fp32,262127,1,1024,0.71,595.91825,381.7207,419.5906,1.561,1.099,True
pro,4k,30,fp32,1027,1,1,0.998,18.646150000000002,9.219100000000001,8.1806,2.023,0.887,True
pro,4k,30,fp32,1027,1,2,0.998,18.54055,9.092600000000001,8.27825,2.039,0.91,True
pro,4k,30,fp32,1027,1,4,0.998,18.428549999999998,9.0127,8.1119,2.045,0.9,True
pro,4k,30,fp32,1027,1,8,0.998,18.636400000000002,9.211049999999998,8.003,2.023,0.869,True
pro,4k,30,fp32,1027,1,16,0.998,18.7517,9.3582,8.21265,2.004,0.878,True
pro,4k,30,fp32,1027,1,32,0.998,18.9612,9.53415,8.555,1.989,0.897,True
pro,4k,30,fp32,1027,1,64,0.998,19.0332,9.601450000000002,8.5854,1.982,0.894,True
pro,4k,30,fp32,1027,1,128,0.998,19.34065,9.8463,8.8478,1.964,0.899,True
pro,4k,30,fp32,1027,1,256,0.998,20.87175,10.88785,10.26555,1.917,0.943,True
pro,4k,30,fp32,1027,1,512,0.998,39.84415,20.260450000000002,18.7615,1.967,0.926,True
pro,4k,30,fp32,1027,1,1024,0.998,77.31725,37.97215,28.711599999999997,2.036,0.756,True
pro,8k,30,fp32,2051,1,1,0.461,8.71505,8.89415,7.723,0.98,0.868,True
pro,8k,30,fp32,2051,1,2,0.461,8.58875,8.7071,7.6511000000000005,0.986,0.879,True
pro,8k,30,fp32,2051,1,4,0.461,8.867049999999999,8.9966,7.81265,0.986,0.868,True
pro,8k,30,fp32,2051,1,8,0.461,8.71505,8.835,7.5247,0.986,0.852,True
pro,8k,30,fp32,2051,1,16,0.461,8.90545,9.137450000000001,7.96955,0.975,0.872,True
pro,8k,30,fp32,2051,1,32,0.461,9.0511,9.2751,8.17435,0.976,0.881,True
pro,8k,30,fp32,2051,1,64,0.461,9.2895,9.4734,8.1823,0.981,0.864,True
pro,8k,30,fp32,2051,1,128,0.461,9.538950000000002,9.63665,8.625549999999999,0.99,0.895,True
pro,8k,30,fp32,2051,1,256,0.461,10.54545,11.2079,10.2271,0.941,0.912,True
pro,8k,30,fp32,2051,1,512,0.461,19.703799999999998,20.6508,18.5148,0.954,0.897,True
pro,8k,30,fp32,2051,1,1024,0.461,36.26675,37.340300000000006,27.86195,0.971,0.746,True
pro,16k,30,fp32,4099,1,1,0.739,14.463700000000001,9.1775,10.19345,1.576,1.111,True
pro,16k,30,fp32,4099,1,2,0.739,14.51975,9.20305,10.4381,1.578,1.134,True
pro,16k,30,fp32,4099,1,4,0.739,14.68775,9.3567,10.196549999999998,1.57,1.09,True
pro,16k,30,fp32,4099,1,8,0.739,14.52465,9.196549999999998,10.403,1.579,1.131,True
pro,16k,30,fp32,4099,1,16,0.739,14.878200000000001,9.56465,10.67985,1.556,1.117,True
pro,16k,30,fp32,4099,1,32,0.739,15.0462,9.7503,10.8702,1.543,1.115,True
pro,16k,30,fp32,4099,1,64,0.739,15.19665,9.883149999999999,11.0159,1.538,1.115,True
pro,16k,30,fp32,4099,1,128,0.739,15.6304,10.19195,11.4062,1.534,1.119,True
pro,16k,30,fp32,4099,1,256,0.739,18.404700000000002,11.9982,13.838149999999999,1.534,1.153,True
pro,16k,30,fp32,4099,1,512,0.739,34.517849999999996,21.730900000000002,24.4108,1.588,1.123,True
pro,16k,30,fp32,4099,1,1024,0.739,61.850199999999994,39.783449999999995,38.1739,1.555,0.96,True
pro,32k,30,fp32,8195,1,1,0.53,18.092650000000003,10.68775,10.892700000000001,1.693,1.019,True
pro,32k,30,fp32,8195,1,2,0.53,17.9758,10.6238,11.09105,1.692,1.044,True
pro,32k,30,fp32,8195,1,4,0.53,18.1616,10.7887,11.00625,1.683,1.02,True
pro,32k,30,fp32,8195,1,8,0.53,18.12285,10.80945,11.01895,1.677,1.019,True
pro,32k,30,fp32,8195,1,16,0.53,18.367549999999998,11.04785,11.27345,1.663,1.02,True
pro,32k,30,fp32,8195,1,32,0.53,18.61075,11.35345,11.4046,1.639,1.005,True
pro,32k,30,fp32,8195,1,64,0.53,18.865299999999998,11.5438,11.67985,1.634,1.012,True
pro,32k,30,fp32,8195,1,128,0.53,19.510150000000003,12.05575,12.30545,1.618,1.021,True
pro,32k,30,fp32,8195,1,256,0.53,24.828400000000002,14.82545,15.46065,1.675,1.043,True
pro,32k,30,fp32,8195,1,512,0.53,45.8761,26.927599999999998,28.24125,1.704,1.049,True
pro,32k,30,fp32,8195,1,1024,0.53,79.42280000000001,48.85535,44.3065,1.626,0.907,True
pro,64k,30,fp32,16387,1,1,0.312,11.673350000000001,10.6846,9.9759,1.093,0.934,True
pro,64k,30,fp32,16387,1,2,0.312,11.69905,10.6494,9.947049999999999,1.099,0.934,True
pro,64k,30,fp32,16387,1,4,0.312,11.554950000000002,10.48785,10.1023,1.102,0.963,True
pro,64k,30,fp32,16387,1,8,0.312,11.64945,10.364600000000001,10.18855,1.124,0.983,True
pro,64k,30,fp32,16387,1,16,0.312,12.0142,10.72945,10.43175,1.12,0.972,True
pro,64k,30,fp32,16387,1,32,0.312,12.403049999999999,11.08145,10.774299999999998,1.119,0.972,True
pro,64k,30,fp32,16387,1,64,0.312,12.80145,11.4894,11.19495,1.114,0.974,True
pro,64k,30,fp32,16387,1,128,0.312,13.73895,12.313450000000001,12.153450000000001,1.116,0.987,True
pro,64k,30,fp32,16387,1,256,0.312,16.95015,15.366200000000001,16.0925,1.103,1.047,True
pro,64k,30,fp32,16387,1,512,0.312,30.67785,27.95965,29.5164,1.097,1.056,True
pro,64k,30,fp32,16387,1,1024,0.312,55.186449999999994,51.04755,46.295300000000005,1.081,0.907,True
pro,128k,30,fp32,32771,1,1,0.326,16.3198,12.8638,11.75025,1.269,0.913,True
pro,128k,30,fp32,32771,1,2,0.326,16.25075,12.98205,11.70375,1.252,0.902,True
pro,128k,30,fp32,32771,1,4,0.326,16.363,12.84125,11.8894,1.274,0.926,True
pro,128k,30,fp32,32771,1,8,0.326,16.21245,12.6589,11.907,1.281,0.941,True
pro,128k,30,fp32,32771,1,16,0.326,16.769299999999998,13.0398,12.28615,1.286,0.942,True
pro,128k,30,fp32,32771,1,32,0.326,17.1678,13.402899999999999,12.628549999999999,1.281,0.942,True
pro,128k,30,fp32,32771,1,64,0.326,17.922900000000002,14.118049999999998,13.446200000000001,1.27,0.952,True
pro,128k,30,fp32,32771,1,128,0.326,18.9421,15.15985,14.369399999999999,1.249,0.948,True
pro,128k,30,fp32,32771,1,256,0.326,25.42205,20.974,21.4748,1.212,1.024,True
pro,128k,30,fp32,32771,1,512,0.326,47.54975,39.23955,42.0011,1.212,1.07,True
pro,128k,30,fp32,32771,1,1024,0.326,81.9605,68.30455,64.28065000000001,1.2,0.941,True
pro,256k,30,fp32,65539,4,1,0.358,16.761400000000002,13.54235,13.873299999999999,1.238,1.024,True
pro,256k,30,fp32,65539,4,2,0.358,16.842200000000002,13.6591,14.1358,1.233,1.035,True
pro,256k,30,fp32,65539,4,4,0.358,17.411099999999998,14.21425,14.556700000000001,1.225,1.024,True
pro,256k,30,fp32,65539,4,8,0.358,17.836299999999998,14.59825,14.787,1.222,1.013,True
pro,256k,30,fp32,65539,4,16,0.358,18.094,14.823649999999999,15.0749,1.221,1.017,True
pro,256k,30,fp32,65539,4,32,0.358,19.17415,15.844299999999999,16.3327,1.21,1.031,True
pro,256k,30,fp32,65539,2,64,0.358,21.5214,18.5422,17.72455,1.161,0.956,True
pro,256k,30,fp32,65539,1,128,0.358,22.4493,20.58205,26.0716,1.091,1.267,True
pro,256k,30,fp32,65539,1,256,0.358,36.1818,32.313,41.2074,1.12,1.275,True
pro,256k,30,fp32,65539,1,512,0.358,67.79255,61.3527,91.27860000000001,1.105,1.488,True
pro,256k,30,fp32,65539,1,1024,0.358,114.41914999999999,101.69765,139.4699,1.125,1.371,True
pro,512k,30,fp32,131075,8,1,0.23,21.3595,16.15985,15.5724,1.322,0.964,True
pro,512k,30,fp32,131075,8,2,0.23,21.789900000000003,16.55645,15.7439,1.316,0.951,True
pro,512k,30,fp32,131075,8,4,0.23,22.0525,16.782049999999998,16.182100000000002,1.314,0.964,True
pro,512k,30,fp32,131075,4,8,0.23,22.97725,17.952,16.604400000000002,1.28,0.925,True
pro,512k,30,fp32,131075,4,16,0.23,23.5805,18.4217,17.337349999999997,1.28,0.941,True
pro,512k,30,fp32,131075,4,32,0.23,24.99,19.728,20.798,1.267,1.054,True
pro,512k,30,fp32,131075,2,64,0.23,29.2028,25.12445,23.7149,1.162,0.944,True
pro,512k,30,fp32,131075,1,128,0.23,38.1451,33.64105,34.8539,1.134,1.036,True
pro,512k,30,fp32,131075,1,256,0.23,72.64695,66.62780000000001,72.15565,1.09,1.083,True
pro,512k,30,fp32,131075,1,512,0.23,129.5884,117.75019999999999,144.79139999999998,1.101,1.23,True
pro,512k,30,fp32,131075,1,1024,0.23,230.7982,211.8048,223.89265,1.09,1.057,True
pro,1024k,30,fp32,262127,8,1,0.267,24.8764,19.3678,19.467,1.284,1.005,True
pro,1024k,30,fp32,262127,8,2,0.267,25.212400000000002,19.814,19.908549999999998,1.272,1.005,True
pro,1024k,30,fp32,262127,8,4,0.267,25.53725,20.145349999999997,20.27165,1.268,1.006,True
pro,1024k,30,fp32,262127,4,8,0.267,27.1403,22.198,20.8221,1.223,0.938,True
pro,1024k,30,fp32,262127,4,16,0.267,28.0955,23.020400000000002,21.53255,1.22,0.935,True
pro,1024k,30,fp32,262127,4,32,0.267,31.5499,26.44275,28.1212,1.193,1.063,True
pro,1024k,30,fp32,262127,2,64,0.267,43.31615,38.39785,36.47945,1.128,0.95,True
pro,1024k,30,fp32,262127,1,128,0.267,68.04855,62.68225,63.20865,1.086,1.008,True
pro,1024k,30,fp32,262127,1,256,0.267,116.4933,110.32639999999999,114.23965,1.056,1.035,True
pro,1024k,30,fp32,262127,1,512,0.267,213.2607,201.757,242.43635,1.057,1.202,True
pro,1024k,30,fp32,262127,1,1024,0.267,400.47720000000004,380.0281,385.69034999999997,1.054,1.015,True
pro,4k,46,fp32,1027,1,1,0.998,18.9343,9.31995,8.37755,2.032,0.899,True
pro,4k,46,fp32,1027,1,2,0.998,18.803099999999997,9.2272,8.49585,2.038,0.921,True
pro,4k,46,fp32,1027,1,4,0.998,18.60785,9.15675,8.2159,2.032,0.897,True
pro,4k,46,fp32,1027,1,8,0.998,18.9295,9.3935,8.187149999999999,2.015,0.872,True
pro,4k,46,fp32,1027,1,16,0.998,19.027099999999997,9.4863,8.37275,2.006,0.883,True
pro,4k,46,fp32,1027,1,32,0.998,19.01425,9.48315,8.5648,2.005,0.903,True
pro,4k,46,fp32,1027,1,64,0.998,19.20945,9.700700000000001,8.7183,1.98,0.899,True
pro,4k,46,fp32,1027,1,128,0.998,19.36625,9.8191,8.848,1.972,0.901,True
pro,4k,46,fp32,1027,1,256,0.998,20.81905,10.8384,10.5328,1.921,0.972,True
pro,4k,46,fp32,1027,1,512,0.998,39.9024,20.175849999999997,18.928,1.978,0.938,True
pro,4k,46,fp32,1027,1,1024,0.998,77.5033,37.692800000000005,28.790200000000002,2.056,0.764,True
pro,8k,46,fp32,2051,1,1,0.611,10.792,9.0016,9.343950000000001,1.199,1.038,True
pro,8k,46,fp32,2051,1,2,0.611,10.6495,8.816,9.23835,1.208,1.048,True
pro,8k,46,fp32,2051,1,4,0.611,10.900649999999999,9.14075,9.4031,1.193,1.029,True
pro,8k,46,fp32,2051,1,8,0.611,10.83195,8.929549999999999,9.12155,1.213,1.022,True
pro,8k,46,fp32,2051,1,16,0.611,10.881549999999999,9.11515,9.478299999999999,1.194,1.04,True
pro,8k,46,fp32,2051,1,32,0.611,11.035200000000001,9.2096,9.6288,1.198,1.046,True
pro,8k,46,fp32,2051,1,64,0.611,11.18555,9.4048,9.6431,1.189,1.025,True
pro,8k,46,fp32,2051,1,128,0.611,11.52,9.631950000000002,10.1055,1.196,1.049,True
pro,8k,46,fp32,2051,1,256,0.611,12.9119,11.14225,12.041450000000001,1.159,1.081,True
pro,8k,46,fp32,2051,1,512,0.611,24.332549999999998,20.39815,21.572650000000003,1.193,1.058,True
pro,8k,46,fp32,2051,1,1024,0.611,44.4944,37.28935,32.89255,1.193,0.882,True
pro,16k,46,fp32,4099,1,1,0.829,14.8559,9.0335,10.50235,1.645,1.163,True
pro,16k,46,fp32,4099,1,2,0.829,14.89115,8.9871,10.7663,1.657,1.198,True
pro,16k,46,fp32,4099,1,4,0.829,15.004700000000001,9.2095,10.5519,1.629,1.146,True
pro,16k,46,fp32,4099,1,8,0.829,14.83025,8.9743,10.65435,1.653,1.187,True
pro,16k,46,fp32,4099,1,16,0.829,15.195049999999998,9.377450000000001,10.9647,1.62,1.169,True
pro,16k,46,fp32,4099,1,32,0.829,15.42385,9.5039,11.2159,1.623,1.18,True
pro,16k,46,fp32,4099,1,64,0.829,15.50075,9.70075,11.30075,1.598,1.165,True
pro,16k,46,fp32,4099,1,128,0.829,15.82385,10.007950000000001,11.6383,1.581,1.163,True
pro,16k,46,fp32,4099,1,256,0.829,19.2767,11.73915,14.2,1.642,1.21,True
pro,16k,46,fp32,4099,1,512,0.829,36.0892,21.17105,25.05415,1.705,1.183,True
pro,16k,46,fp32,4099,1,1024,0.829,63.685900000000004,38.906949999999995,38.97875,1.637,1.002,True
pro,32k,46,fp32,8195,1,1,0.752,16.3615,9.424,10.8014,1.736,1.146,True
pro,32k,46,fp32,8195,1,2,0.752,16.3806,9.4383,11.01745,1.736,1.167,True
pro,32k,46,fp32,8195,1,4,0.752,16.63825,9.6607,11.006350000000001,1.722,1.139,True
pro,32k,46,fp32,8195,1,8,0.752,16.486349999999998,9.625549999999999,10.9615,1.713,1.139,True
pro,32k,46,fp32,8195,1,16,0.752,16.6318,9.7839,11.12635,1.7,1.137,True
pro,32k,46,fp32,8195,1,32,0.752,16.814349999999997,9.995149999999999,11.2271,1.682,1.123,True
pro,32k,46,fp32,8195,1,64,0.752,17.049400000000002,10.254299999999999,11.523100000000001,1.663,1.124,True
pro,32k,46,fp32,8195,1,128,0.752,17.668599999999998,10.8143,12.13275,1.634,1.122,True
pro,32k,46,fp32,8195,1,256,0.752,21.44625,13.01915,15.222299999999999,1.647,1.169,True
pro,32k,46,fp32,8195,1,512,0.752,39.783699999999996,23.619,27.74375,1.684,1.175,True
pro,32k,46,fp32,8195,1,1024,0.752,69.91794999999999,42.7915,43.662099999999995,1.634,1.02,True
pro,64k,46,fp32,16387,1,1,0.519,17.49745,12.430299999999999,12.36625,1.408,0.995,True
pro,64k,46,fp32,16387,1,2,0.519,17.43355,12.5312,12.1839,1.391,0.972,True
pro,64k,46,fp32,16387,1,4,0.519,17.3183,12.19035,12.36315,1.421,1.014,True
pro,64k,46,fp32,16387,1,8,0.519,17.463849999999997,12.09105,12.5311,1.444,1.036,True
pro,64k,46,fp32,16387,1,16,0.519,17.56945,12.43195,12.52315,1.413,1.007,True
pro,64k,46,fp32,16387,1,32,0.519,17.99025,12.6895,12.803,1.418,1.009,True
pro,64k,46,fp32,16387,1,64,0.519,18.380650000000003,13.13105,13.2591,1.4,1.01,True
pro,64k,46,fp32,16387,1,128,0.519,19.303900000000002,13.98705,14.18705,1.38,1.014,True
pro,64k,46,fp32,16387,1,256,0.519,25.985400000000002,17.7374,20.3566,1.465,1.148,True
pro,64k,46,fp32,16387,1,512,0.519,48.129599999999996,32.4653,37.598150000000004,1.482,1.158,True
pro,64k,46,fp32,16387,1,1024,0.519,88.64089999999999,58.85705,59.2204,1.506,1.006,True
pro,128k,46,fp32,32771,1,1,0.609,28.99175,14.1615,23.7022,2.047,1.674,True
pro,128k,46,fp32,32771,1,2,0.609,29.073349999999998,14.2463,23.5646,2.041,1.654,True
pro,128k,46,fp32,32771,1,4,0.609,29.03665,13.9871,23.6767,2.076,1.693,True
pro,128k,46,fp32,32771,1,8,0.609,28.855900000000002,13.7391,23.587049999999998,2.1,1.717,True
pro,128k,46,fp32,32771,1,16,0.609,29.3646,14.16625,23.8702,2.073,1.685,True
pro,128k,46,fp32,32771,1,32,0.609,29.774150000000002,14.51825,24.33425,2.051,1.676,True
pro,128k,46,fp32,32771,1,64,0.609,30.475,15.2127,25.12625,2.003,1.652,True
pro,128k,46,fp32,32771,1,128,0.609,31.44935,16.08955,26.03505,1.955,1.618,True
pro,128k,46,fp32,32771,1,256,0.609,47.1574,22.27665,47.059050000000006,2.117,2.112,True
pro,128k,46,fp32,32771,1,512,0.609,90.4873,41.846,94.55605,2.162,2.26,True
pro,128k,46,fp32,32771,1,1024,0.609,160.874,73.11460000000001,146.78925,2.2,2.008,True
pro,256k,46,fp32,65539,4,1,0.709,24.719900000000003,13.931049999999999,14.06865,1.774,1.01,True
pro,256k,46,fp32,65539,4,2,0.709,24.78545,14.08625,14.2958,1.76,1.015,True
pro,256k,46,fp32,65539,4,4,0.709,25.329349999999998,14.6031,14.7119,1.735,1.007,True
pro,256k,46,fp32,65539,4,8,0.709,25.70055,15.01595,14.956700000000001,1.712,0.996,True
pro,256k,46,fp32,65539,4,16,0.709,26.06375,15.27015,15.26065,1.707,0.999,True
pro,256k,46,fp32,65539,4,32,0.709,27.15505,16.2381,16.753400000000003,1.672,1.032,True
pro,256k,46,fp32,65539,2,64,0.709,29.9038,18.8831,18.167849999999998,1.584,0.962,True
pro,256k,46,fp32,65539,1,128,0.709,30.2238,20.75025,25.4926,1.457,1.229,True
pro,256k,46,fp32,65539,1,256,0.709,48.4144,32.68775,41.707,1.481,1.276,True
pro,256k,46,fp32,65539,1,512,0.709,90.5481,62.484300000000005,91.7241,1.449,1.468,True
pro,256k,46,fp32,65539,1,1024,0.709,147.81335,103.71435000000001,139.3941,1.425,1.344,True
pro,512k,46,fp32,131075,8,1,0.664,19.09425,15.5824,14.9295,1.225,0.958,True
pro,512k,46,fp32,131075,8,2,0.664,19.5759,16.0496,15.14705,1.22,0.944,True
pro,512k,46,fp32,131075,8,4,0.664,19.87035,16.31485,15.51515,1.218,0.951,True
pro,512k,46,fp32,131075,4,8,0.664,21.884700000000002,17.4254,16.0527,1.256,0.921,True
pro,512k,46,fp32,131075,4,16,0.664,22.4286,17.89745,16.694200000000002,1.253,0.933,True
pro,512k,46,fp32,131075,4,32,0.664,24.0542,19.28305,20.2814,1.247,1.052,True
pro,512k,46,fp32,131075,2,64,0.664,28.862099999999998,24.499,23.1182,1.178,0.944,True
pro,512k,46,fp32,131075,1,128,0.664,39.1085,32.89095,36.45885,1.189,1.108,True
pro,512k,46,fp32,131075,1,256,0.664,86.9817,66.1755,74.6666,1.314,1.128,True
pro,512k,46,fp32,131075,1,512,0.664,154.88845,116.67755,149.68370000000002,1.327,1.283,True
pro,512k,46,fp32,131075,1,1024,0.664,282.25705,209.23515,229.77265,1.349,1.098,True
pro,1024k,46,fp32,262127,8,1,0.64,45.478,20.353450000000002,20.11025,2.234,0.988,True
pro,1024k,46,fp32,262127,8,2,0.64,45.8669,20.71025,20.67825,2.215,0.998,True
pro,1024k,46,fp32,262127,8,4,0.64,46.32765,21.131,20.947,2.192,0.991,True
pro,1024k,46,fp32,262127,4,8,0.64,52.1404,22.953400000000002,21.532700000000002,2.272,0.938,True
pro,1024k,46,fp32,262127,4,16,0.64,53.270050000000005,23.7662,22.2335,2.241,0.936,True
pro,1024k,46,fp32,262127,4,32,0.64,61.8555,27.11495,28.92775,2.281,1.067,True
pro,1024k,46,fp32,262127,2,64,0.64,85.26495,38.847699999999996,36.964400000000005,2.195,0.952,True
pro,1024k,46,fp32,262127,1,128,0.64,240.09095000000002,63.27,66.22995,3.795,1.047,True
pro,1024k,46,fp32,262127,1,256,0.64,447.03495000000004,111.54485000000001,118.6839,4.008,1.064,True
pro,1024k,46,fp32,262127,1,512,0.64,865.22695,204.16639999999998,252.65245000000002,4.238,1.237,True
pro,1024k,46,fp32,262127,1,1024,0.64,1731.3036499999998,384.35225,398.54095,4.504,1.037,True
v32,4k,14,fp32,4111,1,1,0.81,18.0653,11.95505,12.84795,1.511,1.075,True
v32,4k,14,fp32,4111,1,2,0.81,17.881400000000003,11.931149999999999,12.57745,1.499,1.054,True
v32,4k,14,fp32,4111,1,4,0.81,17.76145,11.803049999999999,12.6686,1.505,1.073,True
v32,4k,14,fp32,4111,1,8,0.81,17.66535,11.732700000000001,12.50865,1.506,1.066,True
v32,4k,14,fp32,4111,1,16,0.81,17.74545,11.767850000000001,12.611049999999999,1.508,1.072,True
v32,4k,14,fp32,4111,1,32,0.81,17.7197,11.7935,12.596549999999999,1.502,1.068,True
v32,4k,14,fp32,4111,1,64,0.81,17.93255,11.98715,12.77115,1.496,1.065,True
v32,4k,14,fp32,4111,1,128,0.81,18.28295,12.3758,13.1182,1.477,1.06,True
v32,4k,14,fp32,4111,1,256,0.81,23.10525,14.83985,16.99505,1.557,1.145,True
v32,4k,14,fp32,4111,1,512,0.81,43.453900000000004,27.2894,30.0236,1.592,1.1,True
v32,4k,14,fp32,4111,1,1024,0.81,75.7847,48.8506,47.30345,1.551,0.968,True
v32,8k,14,fp32,8207,1,1,0.923,14.140649999999999,12.6334,12.703850000000001,1.119,1.006,True
v32,8k,14,fp32,8207,1,2,0.923,13.982299999999999,12.60155,12.57265,1.11,0.998,True
v32,8k,14,fp32,8207,1,4,0.923,14.169450000000001,12.6766,12.5118,1.118,0.987,True
v32,8k,14,fp32,8207,1,8,0.923,14.0287,12.499049999999999,12.451049999999999,1.122,0.996,True
v32,8k,14,fp32,8207,1,16,0.923,13.98055,12.5518,12.617450000000002,1.114,1.005,True
v32,8k,14,fp32,8207,1,32,0.923,14.12945,12.55665,12.7774,1.125,1.018,True
v32,8k,14,fp32,8207,1,64,0.923,14.281450000000001,12.87505,12.98705,1.109,1.009,True
v32,8k,14,fp32,8207,1,128,0.923,14.80945,13.40955,13.4719,1.104,1.005,True
v32,8k,14,fp32,8207,1,256,0.923,17.939049999999998,16.3486,16.772650000000002,1.097,1.026,True
v32,8k,14,fp32,8207,1,512,0.923,32.866800000000005,30.3325,29.2174,1.084,0.963,True
v32,8k,14,fp32,8207,1,1024,0.923,58.5593,54.852199999999996,46.24425,1.068,0.843,True
v32,16k,14,fp32,16399,1,1,0.902,16.97255,14.3599,14.446200000000001,1.182,1.006,True
v32,16k,14,fp32,16399,1,2,0.902,17.2238,14.553450000000002,14.3615,1.183,0.987,True
v32,16k,14,fp32,16399,1,4,0.902,16.9694,14.25255,14.425450000000001,1.191,1.012,True
v32,16k,14,fp32,16399,1,8,0.902,17.0046,14.25265,14.4175,1.193,1.012,True
v32,16k,14,fp32,16399,1,16,0.902,17.107,14.46385,14.5038,1.183,1.003,True
v32,16k,14,fp32,16399,1,32,0.902,17.3551,14.6749,14.663799999999998,1.183,0.999,True
v32,16k,14,fp32,16399,1,64,0.902,17.703799999999998,15.0015,15.0446,1.18,1.003,True
v32,16k,14,fp32,16399,1,128,0.902,18.484599999999997,15.702200000000001,15.863850000000001,1.177,1.01,True
v32,16k,14,fp32,16399,1,256,0.902,23.94695,19.95025,21.72295,1.2,1.089,True
v32,16k,14,fp32,16399,1,512,0.902,44.5387,37.148300000000006,38.1948,1.199,1.028,True
v32,16k,14,fp32,16399,1,1024,0.902,80.751,66.16555,61.268,1.22,0.926,True
v32,32k,14,fp32,32783,1,1,0.758,23.3645,17.4206,17.7805,1.341,1.021,True
v32,32k,14,fp32,32783,1,2,0.758,23.1629,17.1438,17.6782,1.351,1.031,True
v32,32k,14,fp32,32783,1,4,0.758,23.055799999999998,17.318150000000003,17.76305,1.331,1.026,True
v32,32k,14,fp32,32783,1,8,0.758,23.2141,17.258950000000002,17.796599999999998,1.345,1.031,True
v32,32k,14,fp32,32783,1,16,0.758,23.283,17.252650000000003,17.931,1.35,1.039,True
v32,32k,14,fp32,32783,1,32,0.758,23.62695,17.6334,18.20145,1.34,1.032,True
v32,32k,14,fp32,32783,1,64,0.758,24.08445,18.043,18.761400000000002,1.335,1.04,True
v32,32k,14,fp32,32783,1,128,0.758,25.158,19.08935,19.982200000000002,1.318,1.047,True
v32,32k,14,fp32,32783,1,256,0.758,34.41405,25.5245,28.754849999999998,1.348,1.127,True
v32,32k,14,fp32,32783,1,512,0.758,65.2377,48.09075,56.6074,1.357,1.177,True
v32,32k,14,fp32,32783,1,1024,0.758,113.669,82.9222,85.7686,1.371,1.034,True
v32,64k,14,fp32,65551,4,1,0.854,28.3293,19.315,17.58545,1.467,0.91,True
v32,64k,14,fp32,65551,4,2,0.854,28.684450000000002,19.5422,17.7134,1.468,0.906,True
v32,64k,14,fp32,65551,4,4,0.854,28.74205,19.62695,17.740599999999997,1.464,0.904,True
v32,64k,14,fp32,65551,4,8,0.854,29.02845,19.889400000000002,18.20775,1.459,0.915,True
v32,64k,14,fp32,65551,4,16,0.854,29.471700000000002,20.3277,18.423849999999998,1.45,0.906,True
v32,64k,14,fp32,65551,4,32,0.854,30.434900000000003,21.1102,19.891,1.442,0.942,True
v32,64k,14,fp32,65551,2,64,0.854,34.0796,23.6525,21.41255,1.441,0.905,True
v32,64k,14,fp32,65551,1,128,0.854,33.59035,23.42375,35.24125,1.434,1.505,True
v32,64k,14,fp32,65551,1,256,0.854,51.549800000000005,37.0032,58.51125,1.393,1.581,True
v32,64k,14,fp32,65551,1,512,0.854,97.45645,69.64395,115.9284,1.399,1.665,True
v32,64k,14,fp32,65551,1,1024,0.854,162.81570000000002,115.17885000000001,176.17385000000002,1.414,1.53,True
v32,128k,14,fp32,131087,8,1,0.904,22.593349999999997,20.24775,18.60455,1.116,0.919,True
v32,128k,14,fp32,131087,8,2,0.904,23.164450000000002,20.79975,19.0381,1.114,0.915,True
v32,128k,14,fp32,131087,8,4,0.904,23.36615,20.92455,19.145349999999997,1.117,0.915,True
v32,128k,14,fp32,131087,4,8,0.904,25.518099999999997,22.7181,19.5774,1.123,0.862,True
v32,128k,14,fp32,131087,4,16,0.904,25.9452,23.0798,20.00455,1.124,0.867,True
v32,128k,14,fp32,131087,4,32,0.904,27.626900000000003,24.3549,23.47655,1.134,0.964,True
v32,128k,14,fp32,131087,2,64,0.904,33.90195,27.70205,26.379,1.224,0.952,True
v32,128k,14,fp32,131087,1,128,0.904,42.133900000000004,35.27425,43.7994,1.194,1.242,True
v32,128k,14,fp32,131087,1,256,0.904,103.4324,68.34635,86.90775,1.513,1.272,True
v32,128k,14,fp32,131087,1,512,0.904,184.35139999999998,121.25935000000001,161.3805,1.52,1.331,True
v32,128k,14,fp32,131087,1,1024,0.904,343.77345,217.88375,259.63205,1.578,1.192,True
v32,256k,14,fp32,163775,8,1,0.913,24.1245,21.593349999999997,21.1133,1.117,0.978,True
v32,256k,14,fp32,163775,8,2,0.913,24.9821,21.95015,21.382099999999998,1.138,0.974,True
v32,256k,14,fp32,163775,8,4,0.913,25.12125,22.17415,21.52295,1.133,0.971,True
v32,256k,14,fp32,163775,4,8,0.913,28.0861,24.7885,22.046200000000002,1.133,0.889,True
v32,256k,14,fp32,163775,4,16,0.913,28.5725,25.31805,22.5134,1.129,0.889,True
v32,256k,14,fp32,163775,4,32,0.913,30.3932,26.8796,27.9165,1.131,1.039,True
v32,256k,14,fp32,163775,2,64,0.913,37.143550000000005,32.8204,32.25575,1.132,0.983,True
v32,256k,14,fp32,163775,1,128,0.913,54.356199999999994,49.689,50.922599999999996,1.094,1.025,True
v32,256k,14,fp32,163775,1,256,0.913,126.6945,103.25795,119.94369999999999,1.227,1.162,True
v32,256k,14,fp32,163775,1,512,0.913,232.81165,187.82175,226.90605,1.24,1.208,True
v32,256k,14,fp32,163775,1,1024,0.913,422.90535,340.7911,379.33315000000005,1.241,1.113,True
v32,4k,34,fp32,4111,1,1,0.729,15.99985,11.8943,12.97425,1.345,1.091,True
v32,4k,34,fp32,4111,1,2,0.729,15.9184,11.862200000000001,12.66385,1.342,1.068,True
v32,4k,34,fp32,4111,1,4,0.729,15.8702,11.8111,12.8686,1.344,1.09,True
v32,4k,34,fp32,4111,1,8,0.729,15.73545,11.63025,12.70545,1.353,1.092,True
v32,4k,34,fp32,4111,1,16,0.729,15.774149999999999,11.63995,12.8366,1.355,1.103,True
v32,4k,34,fp32,4111,1,32,0.729,15.85435,11.7615,12.8126,1.348,1.089,True
v32,4k,34,fp32,4111,1,64,0.729,16.0637,11.9311,13.0206,1.346,1.091,True
v32,4k,34,fp32,4111,1,128,0.729,16.3645,12.3261,13.319799999999999,1.328,1.081,True
v32,4k,34,fp32,4111,1,256,0.729,20.50395,14.81425,17.19025,1.384,1.16,True
v32,4k,34,fp32,4111,1,512,0.729,38.3708,27.134,30.4765,1.414,1.123,True
v32,4k,34,fp32,4111,1,1024,0.729,67.1751,48.54825,48.21695,1.384,0.993,True
v32,8k,34,fp32,8207,1,1,0.842,15.50385,13.849450000000001,12.606200000000001,1.119,0.91,True
v32,8k,34,fp32,8207,1,2,0.842,15.30695,13.6846,12.3775,1.119,0.904,True
v32,8k,34,fp32,8207,1,4,0.842,15.5184,13.9341,12.30225,1.114,0.883,True
v32,8k,34,fp32,8207,1,8,0.842,15.37885,13.831700000000001,12.1839,1.112,0.881,True
v32,8k,34,fp32,8207,1,16,0.842,15.27025,13.63185,12.457450000000001,1.12,0.914,True
v32,8k,34,fp32,8207,1,32,0.842,15.51825,13.900649999999999,12.6351,1.116,0.909,True
v32,8k,34,fp32,8207,1,64,0.842,15.705350000000001,14.1052,12.7854,1.113,0.906,True
v32,8k,34,fp32,8207,1,128,0.842,16.252299999999998,14.703899999999999,13.33745,1.105,0.907,True
v32,8k,34,fp32,8207,1,256,0.842,20.13595,18.47275,16.679650000000002,1.09,0.903,True
v32,8k,34,fp32,8207,1,512,0.842,36.84925,34.041199999999996,29.2141,1.082,0.858,True
v32,8k,34,fp32,8207,1,1024,0.842,65.06155,60.361,45.951449999999994,1.078,0.761,True
v32,16k,34,fp32,16399,1,1,0.533,28.00765,13.833450000000001,14.430299999999999,2.025,1.043,True
v32,16k,34,fp32,16399,1,2,0.533,28.15645,13.96625,14.4798,2.016,1.037,True
v32,16k,34,fp32,16399,1,4,0.533,27.954849999999997,13.70065,14.527899999999999,2.04,1.06,True
v32,16k,34,fp32,16399,1,8,0.533,28.02515,13.8575,14.52625,2.022,1.048,True
v32,16k,34,fp32,16399,1,16,0.533,28.0572,13.9454,14.60305,2.012,1.047,True
v32,16k,34,fp32,16399,1,32,0.533,28.31005,14.16615,14.7808,1.998,1.043,True
v32,16k,34,fp32,16399,1,64,0.533,28.7132,14.55975,15.1774,1.972,1.042,True
v32,16k,34,fp32,16399,1,128,0.533,29.622049999999998,15.3758,15.9982,1.927,1.04,True
v32,16k,34,fp32,16399,1,256,0.533,41.0635,20.302400000000002,22.431549999999998,2.023,1.105,True
v32,16k,34,fp32,16399,1,512,0.533,76.93985,37.6443,38.7691,2.044,1.03,True
v32,16k,34,fp32,16399,1,1024,0.533,130.76635000000002,68.81830000000001,62.746449999999996,1.9,0.912,True
v32,32k,34,fp32,32783,1,1,0.429,20.583650000000002,16.98205,17.9085,1.212,1.055,True
v32,32k,34,fp32,32783,1,2,0.429,20.4027,16.63655,17.6847,1.226,1.063,True
v32,32k,34,fp32,32783,1,4,0.429,20.40795,16.70055,17.5582,1.222,1.051,True
v32,32k,34,fp32,32783,1,8,0.429,20.60135,16.91345,18.18855,1.218,1.075,True
v32,32k,34,fp32,32783,1,16,0.429,20.521349999999998,16.77735,18.15,1.223,1.082,True
v32,32k,34,fp32,32783,1,32,0.429,20.924799999999998,17.24425,18.47795,1.213,1.072,True
v32,32k,34,fp32,32783,1,64,0.429,21.424,17.56945,18.979,1.219,1.08,True
v32,32k,34,fp32,32783,1,128,0.429,22.55645,18.86215,20.1648,1.196,1.069,True
v32,32k,34,fp32,32783,1,256,0.429,32.40605,26.2093,29.4285,1.236,1.123,True
v32,32k,34,fp32,32783,1,512,0.429,61.741550000000004,48.8715,55.37045,1.263,1.133,True
v32,32k,34,fp32,32783,1,1024,0.429,108.9251,85.80375,86.0662,1.269,1.003,True
v32,64k,34,fp32,65551,4,1,0.406,31.98365,20.5581,18.3502,1.556,0.893,True
v32,64k,34,fp32,65551,4,2,0.406,32.3132,20.763,18.4686,1.556,0.889,True
v32,64k,34,fp32,65551,4,4,0.406,32.1371,20.7677,18.5054,1.547,0.891,True
v32,64k,34,fp32,65551,4,8,0.406,32.601150000000004,21.1182,18.9967,1.544,0.9,True
v32,64k,34,fp32,65551,4,16,0.406,32.9084,21.4142,19.2475,1.537,0.899,True
v32,64k,34,fp32,65551,4,32,0.406,34.00275,22.29725,20.6206,1.525,0.925,True
v32,64k,34,fp32,65551,2,64,0.406,39.8076,25.294150000000002,21.9342,1.574,0.867,True
v32,64k,34,fp32,65551,1,128,0.406,42.717800000000004,24.313200000000002,26.44265,1.757,1.088,True
v32,64k,34,fp32,65551,1,256,0.406,59.86495,38.748400000000004,47.79775,1.545,1.234,True
v32,64k,34,fp32,65551,1,512,0.406,113.9906,73.77664999999999,101.73475,1.545,1.379,True
v32,64k,34,fp32,65551,1,1024,0.406,192.4712,122.63369999999999,157.1644,1.569,1.282,True
v32,128k,34,fp32,131087,8,1,0.62,21.63155,17.8861,16.92455,1.209,0.946,True
v32,128k,34,fp32,131087,8,2,0.62,22.1502,18.3214,17.3788,1.209,0.949,True
v32,128k,34,fp32,131087,8,4,0.62,22.5438,18.5326,17.43665,1.216,0.941,True
v32,128k,34,fp32,131087,4,8,0.62,23.447599999999998,19.862099999999998,17.916700000000002,1.181,0.902,True
v32,128k,34,fp32,131087,4,16,0.62,23.82205,20.20615,18.2736,1.179,0.904,True
v32,128k,34,fp32,131087,4,32,0.62,25.52955,21.635,21.7648,1.18,1.006,True
v32,128k,34,fp32,131087,2,64,0.62,29.233150000000002,25.61105,24.53735,1.141,0.958,True
v32,128k,34,fp32,131087,1,128,0.62,36.55955,34.516349999999996,37.4379,1.059,1.085,True
v32,128k,34,fp32,131087,1,256,0.62,71.5127,67.41355,77.93185000000001,1.061,1.156,True
v32,128k,34,fp32,131087,1,512,0.62,127.4496,120.0945,151.5997,1.061,1.262,True
v32,128k,34,fp32,131087,1,1024,0.62,229.99545,215.5556,236.36495000000002,1.067,1.097,True
v32,256k,34,fp32,163775,8,1,0.865,28.377200000000002,21.8669,19.16,1.298,0.876,True
v32,256k,34,fp32,163775,8,2,0.865,28.8525,22.094,19.4912,1.306,0.882,True
v32,256k,34,fp32,163775,8,4,0.865,28.89725,22.2765,19.68285,1.297,0.884,True
v32,256k,34,fp32,163775,4,8,0.865,30.4957,23.7007,20.025299999999998,1.287,0.845,True
v32,256k,34,fp32,163775,4,16,0.865,30.9932,24.282799999999998,20.50535,1.276,0.844,True
v32,256k,34,fp32,163775,4,32,0.865,32.75165,25.8349,24.855700000000002,1.268,0.962,True
v32,256k,34,fp32,163775,2,64,0.865,37.537099999999995,29.754849999999998,28.6236,1.262,0.962,True
v32,256k,34,fp32,163775,1,128,0.865,52.338550000000005,45.28915,46.2554,1.156,1.021,True
v32,256k,34,fp32,163775,1,256,0.865,91.7349,82.0758,90.95075,1.118,1.108,True
v32,256k,34,fp32,163775,1,512,0.865,165.9692,148.78375,174.18505,1.116,1.171,True
v32,256k,34,fp32,163775,1,1024,0.865,295.46504999999996,265.80940000000004,283.61075,1.112,1.067,True
v32,4k,54,fp32,4111,1,1,0.719,15.817350000000001,11.3376,12.22555,1.395,1.078,True
v32,4k,54,fp32,4111,1,2,0.719,15.5006,11.17235,12.2464,1.387,1.096,True
v32,4k,54,fp32,4111,1,4,0.719,15.6159,11.1328,11.964,1.403,1.075,True
v32,4k,54,fp32,4111,1,8,0.719,15.7566,11.30695,12.099200000000002,1.394,1.07,True
v32,4k,54,fp32,4111,1,16,0.719,15.9133,11.4841,12.2272,1.386,1.065,True
v32,4k,54,fp32,4111,1,32,0.719,16.155,11.70715,12.65375,1.38,1.081,True
v32,4k,54,fp32,4111,1,64,0.719,16.42695,11.97225,12.8685,1.372,1.075,True
v32,4k,54,fp32,4111,1,128,0.719,16.94215,12.52785,13.344,1.352,1.065,True
v32,4k,54,fp32,4111,1,256,0.719,21.07815,15.0622,17.190150000000003,1.399,1.141,True
v32,4k,54,fp32,4111,1,512,0.719,39.261900000000004,27.551650000000002,30.513150000000003,1.425,1.107,True
v32,4k,54,fp32,4111,1,1024,0.719,69.15585,49.812050000000006,47.444199999999995,1.388,0.952,True
v32,8k,54,fp32,8207,1,1,0.908,16.39345,12.1967,12.24135,1.344,1.004,True
v32,8k,54,fp32,8207,1,2,0.908,16.4573,12.35025,12.3408,1.333,0.999,True
v32,8k,54,fp32,8207,1,4,0.908,16.283,12.136,12.300600000000001,1.342,1.014,True
v32,8k,54,fp32,8207,1,8,0.908,16.26215,12.14545,12.42195,1.339,1.023,True
v32,8k,54,fp32,8207,1,16,0.908,16.66705,12.5008,12.536,1.333,1.003,True
v32,8k,54,fp32,8207,1,32,0.908,16.90375,12.84605,12.8506,1.316,1.0,True
v32,8k,54,fp32,8207,1,64,0.908,17.3005,13.0911,13.12945,1.322,1.003,True
v32,8k,54,fp32,8207,1,128,0.908,18.00135,13.84765,13.852549999999999,1.3,1.0,True
v32,8k,54,fp32,8207,1,256,0.908,22.2877,16.9757,17.150299999999998,1.313,1.01,True
v32,8k,54,fp32,8207,1,512,0.908,41.2235,31.31155,30.452450000000002,1.317,0.973,True
v32,8k,54,fp32,8207,1,1024,0.908,72.83585000000001,57.0056,47.49385,1.278,0.833,True
v32,16k,54,fp32,16399,1,1,0.676,16.67505,14.10375,11.313600000000001,1.182,0.802,True
v32,16k,54,fp32,16399,1,2,0.676,16.5374,13.93745,11.252799999999999,1.187,0.807,True
v32,16k,54,fp32,16399,1,4,0.676,16.80295,14.1919,11.2624,1.184,0.794,True
v32,16k,54,fp32,16399,1,8,0.676,16.5981,13.999799999999999,11.2272,1.186,0.802,True
v32,16k,54,fp32,16399,1,16,0.676,16.990099999999998,14.39505,11.667200000000001,1.18,0.811,True
v32,16k,54,fp32,16399,1,32,0.676,17.33895,14.755,12.0095,1.175,0.814,True
v32,16k,54,fp32,16399,1,64,0.676,17.86535,15.1806,12.49235,1.177,0.823,True
v32,16k,54,fp32,16399,1,128,0.676,18.80935,16.09105,13.35325,1.169,0.83,True
v32,16k,54,fp32,16399,1,256,0.676,23.2701,20.3789,17.4286,1.142,0.855,True
v32,16k,54,fp32,16399,1,512,0.676,43.31625,38.36425,31.3882,1.129,0.818,True
v32,16k,54,fp32,16399,1,1024,0.676,76.39739999999999,68.8887,49.1595,1.109,0.714,True
v32,32k,54,fp32,32783,1,1,0.512,19.58045,16.89905,13.4331,1.159,0.795,True
v32,32k,54,fp32,32783,1,2,0.512,19.40775,16.5917,13.14205,1.17,0.792,True
v32,32k,54,fp32,32783,1,4,0.512,19.4701,16.74225,13.33915,1.163,0.797,True
v32,32k,54,fp32,32783,1,8,0.512,19.658849999999997,16.9533,13.345600000000001,1.16,0.787,True
v32,32k,54,fp32,32783,1,16,0.512,20.1693,17.4894,13.7616,1.153,0.787,True
v32,32k,54,fp32,32783,1,32,0.512,20.526049999999998,17.9198,14.3758,1.145,0.802,True
v32,32k,54,fp32,32783,1,64,0.512,21.074849999999998,18.38375,14.85585,1.146,0.808,True
v32,32k,54,fp32,32783,1,128,0.512,22.412599999999998,19.670099999999998,16.26695,1.139,0.827,True
v32,32k,54,fp32,32783,1,256,0.512,30.298849999999998,25.956400000000002,22.76765,1.167,0.877,True
v32,32k,54,fp32,32783,1,512,0.512,56.2264,48.988150000000005,43.56095,1.148,0.889,True
v32,32k,54,fp32,32783,1,1024,0.512,96.5523,84.94460000000001,67.46310000000001,1.137,0.794,True
v32,64k,54,fp32,65551,4,1,0.745,23.63015,18.980700000000002,18.4877,1.245,0.974,True
v32,64k,54,fp32,65551,4,2,0.745,23.940450000000002,19.299049999999998,18.657349999999997,1.24,0.967,True
v32,64k,54,fp32,65551,4,4,0.745,24.3277,19.59505,19.0541,1.242,0.972,True
v32,64k,54,fp32,65551,4,8,0.745,24.5213,19.83015,19.396549999999998,1.237,0.978,True
v32,64k,54,fp32,65551,4,16,0.745,25.1565,20.332549999999998,19.61575,1.237,0.965,True
v32,64k,54,fp32,65551,4,32,0.745,25.9389,21.0892,21.21565,1.23,1.006,True
v32,64k,54,fp32,65551,2,64,0.745,29.724400000000003,24.242900000000002,22.958,1.226,0.947,True
v32,64k,54,fp32,65551,1,128,0.745,29.466849999999997,25.0285,28.8045,1.177,1.151,True
v32,64k,54,fp32,65551,1,256,0.745,46.02975,39.21705,51.56575,1.174,1.315,True
v32,64k,54,fp32,65551,1,512,0.745,87.01325,74.431,120.4,1.169,1.618,True
v32,64k,54,fp32,65551,1,1024,0.745,144.51485,121.88155,186.95275,1.186,1.534,True
v32,128k,54,fp32,131087,8,1,0.93,22.90045,19.687900000000003,18.1981,1.163,0.924,True
v32,128k,54,fp32,131087,8,2,0.93,22.58525,19.690900000000003,18.1262,1.147,0.921,True
v32,128k,54,fp32,131087,8,4,0.93,23.042849999999998,20.13895,18.5869,1.144,0.923,True
v32,128k,54,fp32,131087,4,8,0.93,24.86845,21.1919,19.01905,1.173,0.897,True
v32,128k,54,fp32,131087,4,16,0.93,25.57085,21.603,19.465349999999997,1.184,0.901,True
v32,128k,54,fp32,131087,4,32,0.93,27.24925,23.050900000000002,22.87335,1.182,0.992,True
v32,128k,54,fp32,131087,2,64,0.93,33.30825,27.042849999999998,25.9117,1.232,0.958,True
v32,128k,54,fp32,131087,1,128,0.93,41.2618,34.6252,42.54825,1.192,1.229,True
v32,128k,54,fp32,131087,1,256,0.93,102.5394,67.20230000000001,84.7204,1.526,1.261,True
v32,128k,54,fp32,131087,1,512,0.93,182.9127,119.35195,160.41385,1.533,1.344,True
v32,128k,54,fp32,131087,1,1024,0.93,341.96025,215.43075,255.04305,1.587,1.184,True
v32,256k,54,fp32,163775,8,1,0.865,33.10995,19.6621,18.12605,1.684,0.922,True
v32,256k,54,fp32,163775,8,2,0.865,33.2075,19.92935,18.454099999999997,1.666,0.926,True
v32,256k,54,fp32,163775,8,4,0.865,33.7083,20.350150000000003,18.70535,1.656,0.919,True
v32,256k,54,fp32,163775,4,8,0.865,36.2236,21.844450000000002,19.3645,1.658,0.886,True
v32,256k,54,fp32,163775,4,16,0.865,36.8524,22.4045,19.721400000000003,1.645,0.88,True
v32,256k,54,fp32,163775,4,32,0.865,38.657,23.87975,24.13255,1.619,1.011,True
v32,256k,54,fp32,163775,2,64,0.865,46.1274,28.812450000000002,27.754900000000003,1.601,0.963,True
v32,256k,54,fp32,163775,1,128,0.865,62.71755,44.75305,46.0474,1.401,1.029,True
v32,256k,54,fp32,163775,1,256,0.865,137.95175,79.6614,88.6772,1.732,1.113,True
v32,256k,54,fp32,163775,1,512,0.865,253.37585,143.9821,178.57525,1.76,1.24,True
v32,256k,54,fp32,163775,1,1024,0.865,462.3924,257.2125,280.7738,1.798,1.092,True
