model,isl,N,K,layer,hit,cs,base,pr,op26,pr_vs_base,pr_vs_op26,pr_exact,base_exact
flash,4k,1027,512,2,0.895,1,10.29,9.83,8.87,1.046,0.902,True,True
flash,4k,1027,512,4,0.891,1,9.11,9.29,8.93,0.98,0.961,True,True
flash,4k,1027,512,6,0.863,1,9.96,5.0,8.79,1.99,1.756,True,True
flash,4k,1027,512,8,0.744,1,10.33,8.42,8.89,1.227,1.056,True,True
flash,4k,1027,512,10,0.846,1,12.25,8.04,8.72,1.524,1.085,True,True
flash,4k,1027,512,12,0.607,1,11.79,8.26,8.89,1.427,1.076,True,True
flash,4k,1027,512,14,0.711,1,9.82,8.57,9.18,1.146,1.072,True,True
flash,4k,1027,512,16,0.674,1,10.55,8.32,8.88,1.269,1.068,True,True
flash,4k,1027,512,18,0.723,1,10.56,8.32,8.91,1.269,1.072,True,True
flash,4k,1027,512,20,0.646,1,10.07,8.28,8.69,1.216,1.049,True,True
flash,4k,1027,512,22,0.639,1,9.01,8.05,8.81,1.119,1.094,True,True
flash,4k,1027,512,24,0.553,1,10.21,8.3,8.95,1.23,1.078,True,True
flash,4k,1027,512,26,0.586,1,9.16,8.22,8.84,1.114,1.075,True,True
flash,4k,1027,512,28,0.746,1,12.42,8.34,9.02,1.49,1.082,True,True
flash,4k,1027,512,30,0.771,1,8.97,8.05,8.42,1.115,1.046,True,True
flash,4k,1027,512,32,0.633,1,9.97,8.06,8.67,1.236,1.075,True,True
flash,4k,1027,512,34,0.695,1,10.08,8.2,8.42,1.229,1.027,True,True
flash,4k,1027,512,36,0.934,1,11.99,9.73,8.98,1.233,0.923,True,True
flash,4k,1027,512,38,0.742,1,9.49,8.13,8.66,1.168,1.065,True,True
flash,4k,1027,512,40,0.795,1,9.39,8.33,9.18,1.127,1.101,True,True
flash,4k,1027,512,42,0.932,1,9.18,9.32,8.52,0.985,0.915,True,True
flash,8k,2051,512,2,0.84,1,10.43,8.25,8.5,1.264,1.031,True,True
flash,8k,2051,512,4,0.844,1,9.84,8.35,9.05,1.179,1.084,True,True
flash,8k,2051,512,6,0.75,1,10.17,8.42,9.76,1.208,1.159,True,True
flash,8k,2051,512,8,0.631,1,13.09,8.4,9.76,1.56,1.162,True,True
flash,8k,2051,512,10,0.672,1,9.67,8.09,9.45,1.196,1.169,True,True
flash,8k,2051,512,12,0.477,1,11.21,8.13,9.97,1.379,1.226,True,True
flash,8k,2051,512,14,0.416,1,9.57,8.69,7.61,1.101,0.876,True,True
flash,8k,2051,512,16,0.498,1,10.27,8.34,9.53,1.23,1.142,True,True
flash,8k,2051,512,18,0.586,1,9.51,8.72,9.71,1.091,1.114,True,True
flash,8k,2051,512,20,0.488,1,11.21,8.66,9.53,1.294,1.1,True,True
flash,8k,2051,512,22,0.334,1,8.92,8.17,7.84,1.091,0.959,True,True
flash,8k,2051,512,24,0.48,1,13.1,8.63,9.78,1.517,1.133,True,True
flash,8k,2051,512,26,0.439,1,8.97,8.97,7.86,1.0,0.876,True,True
flash,8k,2051,512,28,0.639,1,13.65,8.47,9.54,1.611,1.127,True,True
flash,8k,2051,512,30,0.492,1,9.83,8.73,9.91,1.126,1.135,True,True
flash,8k,2051,512,32,0.309,1,9.8,8.27,7.85,1.185,0.95,True,True
flash,8k,2051,512,34,0.611,1,10.44,8.38,9.77,1.245,1.166,True,True
flash,8k,2051,512,36,0.865,1,12.76,8.39,8.69,1.52,1.036,True,True
flash,8k,2051,512,38,0.51,1,10.66,8.36,9.54,1.274,1.14,True,True
flash,8k,2051,512,40,0.529,1,11.25,8.86,10.07,1.27,1.137,True,True
flash,8k,2051,512,42,0.848,1,10.69,8.25,8.79,1.296,1.065,True,True
flash,16k,4099,512,2,0.762,1,10.49,8.92,9.8,1.176,1.099,True,True
flash,16k,4099,512,4,0.861,1,11.53,8.95,9.88,1.288,1.104,True,True
flash,16k,4099,512,6,0.748,1,13.72,9.21,10.52,1.489,1.142,True,True
flash,16k,4099,512,8,0.633,1,10.22,8.83,10.27,1.157,1.163,True,True
flash,16k,4099,512,10,0.648,1,12.6,9.0,10.55,1.4,1.172,True,True
flash,16k,4099,512,12,0.406,1,9.83,9.87,8.36,0.996,0.847,True,True
flash,16k,4099,512,14,0.492,1,12.73,8.96,9.91,1.421,1.106,True,True
flash,16k,4099,512,16,0.359,1,9.93,9.96,8.5,0.996,0.853,True,True
flash,16k,4099,512,18,0.439,1,13.52,9.91,10.38,1.364,1.048,True,True
flash,16k,4099,512,20,0.33,1,9.9,8.82,8.31,1.123,0.943,True,True
flash,16k,4099,512,22,0.344,1,11.73,8.96,8.46,1.309,0.944,True,True
flash,16k,4099,512,24,0.266,1,9.48,8.77,8.7,1.08,0.992,True,True
flash,16k,4099,512,26,0.346,1,9.18,9.09,8.66,1.011,0.952,True,True
flash,16k,4099,512,28,0.627,1,15.31,9.17,10.35,1.668,1.128,True,True
flash,16k,4099,512,30,0.545,1,11.03,9.16,10.42,1.204,1.137,True,True
flash,16k,4099,512,32,0.303,1,11.14,9.16,8.72,1.216,0.952,True,True
flash,16k,4099,512,34,0.348,1,10.02,8.84,8.6,1.133,0.972,True,True
flash,16k,4099,512,36,0.916,1,13.97,10.16,9.56,1.376,0.941,True,True
flash,16k,4099,512,38,0.508,1,11.31,9.21,10.35,1.228,1.124,True,True
flash,16k,4099,512,40,0.605,1,11.36,8.99,10.32,1.264,1.148,True,True
flash,16k,4099,512,42,0.824,1,13.54,8.72,9.94,1.553,1.139,True,True
flash,32k,8195,512,2,0.809,1,11.67,8.74,9.96,1.335,1.139,True,True
flash,32k,8195,512,4,0.775,1,9.56,8.72,9.53,1.096,1.093,True,True
flash,32k,8195,512,6,0.859,1,11.2,10.27,9.67,1.09,0.942,True,True
flash,32k,8195,512,8,0.76,1,12.28,8.83,10.28,1.39,1.164,True,True
flash,32k,8195,512,10,0.723,1,15.24,8.98,10.31,1.698,1.149,True,True
flash,32k,8195,512,12,0.631,1,13.5,8.92,9.77,1.514,1.096,True,True
flash,32k,8195,512,14,0.688,1,13.68,8.76,10.96,1.562,1.251,True,True
flash,32k,8195,512,16,0.59,1,11.21,9.23,10.32,1.214,1.118,True,True
flash,32k,8195,512,18,0.713,1,11.39,9.05,10.18,1.259,1.125,True,True
flash,32k,8195,512,20,0.795,1,9.93,8.76,10.21,1.134,1.166,True,True
flash,32k,8195,512,22,0.686,1,11.67,9.13,10.19,1.278,1.116,True,True
flash,32k,8195,512,24,0.719,1,12.92,8.78,10.37,1.471,1.18,True,True
flash,32k,8195,512,26,0.713,1,11.25,9.18,10.29,1.226,1.12,True,True
flash,32k,8195,512,28,0.869,1,9.89,10.71,9.68,0.924,0.904,True,True
flash,32k,8195,512,30,0.824,1,10.5,8.9,9.68,1.179,1.087,True,True
flash,32k,8195,512,32,0.615,1,11.58,9.24,10.16,1.254,1.1,True,True
flash,32k,8195,512,34,0.67,1,10.97,9.03,10.31,1.215,1.141,True,True
flash,32k,8195,512,36,0.908,1,10.56,10.18,9.37,1.037,0.921,True,True
flash,32k,8195,512,38,0.762,1,11.4,8.76,10.35,1.301,1.182,True,True
flash,32k,8195,512,40,0.799,1,12.85,9.05,10.56,1.42,1.167,True,True
flash,32k,8195,512,42,0.873,1,10.38,10.52,9.76,0.986,0.927,True,True
flash,64k,16387,512,2,0.715,1,12.39,9.99,11.29,1.24,1.13,True,True
flash,64k,16387,512,4,0.766,1,11.39,9.84,10.56,1.158,1.073,True,True
flash,64k,16387,512,6,0.705,1,11.79,10.02,11.33,1.176,1.131,True,True
flash,64k,16387,512,8,0.617,1,12.36,10.21,11.24,1.21,1.101,True,True
flash,64k,16387,512,10,0.582,1,16.76,10.59,11.44,1.583,1.08,True,True
flash,64k,16387,512,12,0.254,1,13.82,9.84,9.62,1.403,0.977,True,True
flash,64k,16387,512,14,0.311,1,10.13,10.29,9.56,0.985,0.929,True,True
flash,64k,16387,512,16,0.227,1,13.12,10.1,9.81,1.299,0.971,True,True
flash,64k,16387,512,18,0.412,1,11.12,11.36,9.61,0.98,0.846,True,True
flash,64k,16387,512,20,0.178,1,10.96,10.41,11.47,1.053,1.102,True,True
flash,64k,16387,512,22,0.076,1,14.67,11.98,12.3,1.224,1.027,True,True
flash,64k,16387,512,24,0.107,1,14.69,11.35,14.4,1.295,1.269,True,True
flash,64k,16387,512,26,0.156,1,12.71,10.89,12.39,1.167,1.138,True,True
flash,64k,16387,512,28,0.41,1,18.21,11.42,12.49,1.595,1.094,True,True
flash,64k,16387,512,30,0.256,1,12.32,10.36,9.77,1.19,0.943,True,True
flash,64k,16387,512,32,0.148,1,11.29,10.41,13.17,1.084,1.265,True,True
flash,64k,16387,512,34,0.145,1,11.46,10.51,11.33,1.091,1.079,True,True
flash,64k,16387,512,36,0.779,1,11.28,9.78,11.54,1.153,1.18,True,True
flash,64k,16387,512,38,0.336,1,13.69,10.06,9.35,1.361,0.93,True,True
flash,64k,16387,512,40,0.406,1,15.18,10.75,11.19,1.413,1.041,True,True
flash,64k,16387,512,42,0.779,1,15.79,9.97,11.35,1.583,1.137,True,True
flash,128k,32771,512,2,0.604,1,14.79,12.59,14.06,1.175,1.117,True,True
flash,128k,32771,512,4,0.805,1,14.03,12.15,13.04,1.154,1.073,True,True
flash,128k,32771,512,6,0.637,1,20.54,12.63,14.08,1.626,1.115,True,True
flash,128k,32771,512,8,0.742,1,14.97,12.22,14.1,1.225,1.154,True,True
flash,128k,32771,512,10,0.523,1,14.96,13.24,14.34,1.13,1.083,True,True
flash,128k,32771,512,12,0.49,1,16.1,12.77,13.94,1.261,1.092,True,True
flash,128k,32771,512,14,0.578,1,17.25,12.49,14.1,1.381,1.128,True,True
flash,128k,32771,512,16,0.564,1,17.24,12.97,14.44,1.33,1.113,True,True
flash,128k,32771,512,18,0.637,1,15.34,12.61,14.0,1.216,1.11,True,True
flash,128k,32771,512,20,0.785,1,18.33,12.35,15.54,1.484,1.258,True,True
flash,128k,32771,512,22,0.701,1,16.82,12.39,14.23,1.358,1.149,True,True
flash,128k,32771,512,24,0.609,1,15.77,13.01,15.66,1.212,1.204,True,True
flash,128k,32771,512,26,0.744,1,13.89,12.16,14.17,1.142,1.165,True,True
flash,128k,32771,512,28,0.855,1,14.21,14.45,13.43,0.983,0.929,True,True
flash,128k,32771,512,30,0.777,1,15.8,12.24,14.29,1.292,1.168,True,True
flash,128k,32771,512,32,0.475,1,20.44,13.67,14.44,1.495,1.057,True,True
flash,128k,32771,512,34,0.688,1,16.77,12.68,14.31,1.323,1.129,True,True
flash,128k,32771,512,36,0.898,1,15.69,13.84,12.87,1.134,0.93,True,True
flash,128k,32771,512,38,0.727,1,20.03,12.61,15.62,1.588,1.238,True,True
flash,128k,32771,512,40,0.832,1,14.44,12.48,13.28,1.157,1.064,True,True
flash,128k,32771,512,42,0.863,1,14.8,12.2,13.06,1.213,1.071,True,True
flash,256k,65538,512,2,0.303,4,15.14,12.92,13.33,1.172,1.032,True,True
flash,256k,65538,512,4,0.184,4,17.06,14.35,14.37,1.189,1.001,True,True
flash,256k,65538,512,6,0.303,4,15.72,12.77,13.39,1.231,1.048,True,True
flash,256k,65538,512,8,0.158,4,15.1,13.97,14.18,1.081,1.015,True,True
flash,256k,65538,512,10,0.193,4,17.08,13.61,14.0,1.255,1.029,True,True
flash,256k,65538,512,12,0.156,4,16.86,14.88,14.98,1.134,1.007,True,True
flash,256k,65538,512,14,0.182,4,19.12,13.64,14.0,1.402,1.026,True,True
flash,256k,65538,512,16,0.266,4,16.65,13.11,13.76,1.27,1.049,True,True
flash,256k,65538,512,18,0.312,4,19.04,12.72,13.28,1.496,1.044,True,True
flash,256k,65538,512,20,0.6,4,17.76,13.34,13.88,1.332,1.041,True,True
flash,256k,65538,512,22,0.279,4,17.14,12.93,13.67,1.325,1.057,True,True
flash,256k,65538,512,24,0.111,4,52.3,15.21,14.8,3.438,0.973,True,True
flash,256k,65538,512,26,0.486,4,23.52,14.94,14.56,1.574,0.974,True,True
flash,256k,65538,512,28,0.484,4,27.06,15.98,15.48,1.694,0.969,True,True
flash,256k,65538,512,30,0.471,4,20.21,14.31,14.3,1.413,1.0,True,True
flash,256k,65538,512,32,0.402,4,21.62,16.69,15.56,1.295,0.932,True,True
flash,256k,65538,512,34,0.631,4,25.9,13.45,13.85,1.926,1.03,True,True
flash,256k,65538,512,36,0.762,4,18.25,13.25,13.74,1.377,1.037,True,True
flash,256k,65538,512,38,0.453,4,20.76,14.72,14.49,1.411,0.985,True,True
flash,256k,65538,512,40,0.25,4,13.78,13.26,14.01,1.039,1.057,True,True
flash,256k,65538,512,42,0.617,4,19.8,13.25,13.62,1.494,1.028,True,True
flash,512k,131075,512,2,0.604,8,18.57,14.69,14.77,1.264,1.005,True,True
flash,512k,131075,512,4,0.805,8,18.32,14.75,14.63,1.242,0.992,True,True
flash,512k,131075,512,6,0.748,8,17.47,14.57,14.48,1.199,0.994,True,True
flash,512k,131075,512,8,0.738,8,17.4,14.68,14.77,1.185,1.006,True,True
flash,512k,131075,512,10,0.455,8,16.75,17.71,16.76,0.946,0.946,True,True
flash,512k,131075,512,12,0.715,8,17.61,14.98,14.63,1.176,0.976,True,True
flash,512k,131075,512,14,0.479,8,19.03,15.48,15.17,1.229,0.98,True,True
flash,512k,131075,512,16,0.318,8,15.51,14.83,14.56,1.046,0.982,True,True
flash,512k,131075,512,18,0.148,8,53.81,17.07,16.4,3.152,0.961,True,True
flash,512k,131075,512,20,0.332,8,15.79,14.93,14.88,1.058,0.997,True,True
flash,512k,131075,512,22,0.057,8,44.03,20.97,22.88,2.099,1.091,True,False
flash,512k,131075,512,24,0.023,8,43.63,21.17,23.56,2.061,1.113,True,False
flash,512k,131075,512,26,0.301,8,16.55,14.53,14.6,1.139,1.005,True,True
flash,512k,131075,512,28,0.525,8,30.28,17.75,16.81,1.706,0.947,True,True
flash,512k,131075,512,30,0.119,8,52.22,16.99,16.07,3.074,0.946,True,True
flash,512k,131075,512,32,0.197,8,26.39,15.56,15.05,1.695,0.967,True,True
flash,512k,131075,512,34,0.283,8,17.4,14.9,14.72,1.168,0.988,True,True
flash,512k,131075,512,36,0.584,8,21.61,15.36,15.09,1.407,0.982,True,True
flash,512k,131075,512,38,0.215,8,20.13,16.2,15.56,1.242,0.96,True,True
flash,512k,131075,512,40,0.432,8,20.13,16.67,17.19,1.208,1.031,True,True
flash,512k,131075,512,42,0.611,8,21.28,15.15,14.88,1.405,0.982,True,True
flash,1024k,262127,512,2,0.514,8,30.8,19.35,20.13,1.592,1.04,True,True
flash,1024k,262127,512,4,0.703,8,22.24,18.38,18.83,1.21,1.024,True,True
flash,1024k,262127,512,6,0.684,8,22.92,18.6,19.28,1.232,1.036,True,True
flash,1024k,262127,512,8,0.627,8,23.48,19.15,19.57,1.226,1.022,True,True
flash,1024k,262127,512,10,0.385,8,21.21,21.2,20.9,1.0,0.986,True,True
flash,1024k,262127,512,12,0.285,8,20.55,18.94,19.65,1.085,1.037,True,True
flash,1024k,262127,512,14,0.357,8,19.31,21.38,22.4,0.903,1.048,True,True
flash,1024k,262127,512,16,0.262,8,18.88,18.62,19.13,1.014,1.027,True,True
flash,1024k,262127,512,18,0.312,8,20.23,18.48,19.22,1.095,1.04,True,True
flash,1024k,262127,512,20,0.566,8,25.23,20.21,20.55,1.248,1.016,True,True
flash,1024k,262127,512,22,0.422,8,20.71,21.04,20.94,0.984,0.995,True,True
flash,1024k,262127,512,24,0.488,8,27.71,20.27,20.45,1.367,1.009,True,True
flash,1024k,262127,512,26,0.578,8,25.94,19.25,19.65,1.348,1.021,True,True
flash,1024k,262127,512,28,0.66,8,22.21,18.65,19.4,1.191,1.04,True,True
flash,1024k,262127,512,30,0.514,8,30.0,19.3,19.78,1.555,1.025,True,True
flash,1024k,262127,512,32,0.424,8,27.37,22.58,21.47,1.212,0.951,True,True
flash,1024k,262127,512,34,0.379,8,24.49,19.65,20.14,1.246,1.025,True,True
flash,1024k,262127,512,36,0.838,8,22.92,18.32,18.79,1.251,1.026,True,True
flash,1024k,262127,512,38,0.619,8,22.49,19.15,19.88,1.175,1.038,True,True
flash,1024k,262127,512,40,0.381,8,22.7,21.53,22.35,1.054,1.038,True,True
flash,1024k,262127,512,42,0.758,8,27.57,18.66,19.45,1.478,1.042,True,True
pro,4k,1027,1024,2,1.0,1,14.59,6.0,9.73,2.432,1.622,True,True
pro,4k,1027,1024,4,0.998,1,18.64,9.12,8.89,2.045,0.975,True,True
pro,4k,1027,1024,6,0.998,1,18.55,9.13,4.95,2.032,0.543,True,True
pro,4k,1027,1024,8,0.999,1,18.85,9.56,5.88,1.972,0.614,True,True
pro,4k,1027,1024,10,0.998,1,18.56,9.13,8.83,2.032,0.967,True,True
pro,4k,1027,1024,12,0.997,1,18.87,8.93,8.2,2.112,0.918,True,True
pro,4k,1027,1024,14,0.997,1,18.58,9.13,8.12,2.035,0.89,True,True
pro,4k,1027,1024,16,1.0,1,14.62,5.92,9.77,2.472,1.651,True,True
pro,4k,1027,1024,18,0.997,1,13.57,9.38,8.29,1.447,0.884,True,True
pro,4k,1027,1024,20,0.997,1,18.58,9.16,8.83,2.028,0.964,True,True
pro,4k,1027,1024,22,0.998,1,18.69,9.18,5.07,2.037,0.553,True,True
pro,4k,1027,1024,24,0.997,1,18.59,9.12,8.13,2.038,0.891,True,True
pro,4k,1027,1024,26,0.997,1,18.61,9.18,8.1,2.028,0.883,True,True
pro,4k,1027,1024,28,0.999,1,18.49,9.03,8.78,2.047,0.972,True,True
pro,4k,1027,1024,30,0.998,1,18.73,9.31,8.29,2.011,0.891,True,True
pro,4k,1027,1024,32,0.998,1,10.66,9.02,8.08,1.181,0.895,True,True
pro,4k,1027,1024,34,0.997,1,18.45,9.07,8.01,2.034,0.883,True,True
pro,4k,1027,1024,36,0.997,1,18.5,9.0,8.11,2.055,0.901,True,True
pro,4k,1027,1024,38,0.997,1,13.96,9.16,8.09,1.525,0.883,True,True
pro,4k,1027,1024,40,0.999,1,18.72,9.28,5.84,2.017,0.629,True,True
pro,4k,1027,1024,42,0.998,1,19.04,9.16,8.26,2.08,0.902,True,True
pro,4k,1027,1024,44,0.997,1,18.59,9.22,4.99,2.016,0.541,True,True
pro,4k,1027,1024,46,0.998,1,18.57,9.09,8.14,2.042,0.895,True,True
pro,4k,1027,1024,48,0.998,1,12.73,9.37,8.33,1.358,0.889,True,True
pro,4k,1027,1024,50,0.999,1,19.14,9.42,8.68,2.032,0.921,True,True
pro,4k,1027,1024,52,0.998,1,18.61,9.12,8.84,2.041,0.969,True,True
pro,4k,1027,1024,54,0.998,1,18.83,9.3,5.18,2.024,0.557,True,True
pro,4k,1027,1024,56,0.999,1,18.57,9.14,5.68,2.032,0.622,True,True
pro,4k,1027,1024,58,0.998,1,18.57,9.15,8.81,2.029,0.963,True,True
pro,4k,1027,1024,60,0.998,1,18.66,9.17,8.85,2.035,0.965,True,True
pro,8k,2051,1024,2,0.906,1,9.54,10.42,9.12,0.916,0.876,True,True
pro,8k,2051,1024,4,0.918,1,10.2,10.0,8.96,1.02,0.895,True,True
pro,8k,2051,1024,6,0.926,1,11.79,9.87,8.8,1.194,0.891,True,True
pro,8k,2051,1024,8,0.936,1,5.99,9.74,8.82,0.615,0.905,True,True
pro,8k,2051,1024,10,0.901,1,10.8,10.23,9.08,1.056,0.887,True,True
pro,8k,2051,1024,12,0.847,1,11.36,8.82,9.38,1.288,1.064,True,True
pro,8k,2051,1024,14,0.83,1,13.49,8.54,9.0,1.579,1.054,True,True
pro,8k,2051,1024,16,0.759,1,9.56,8.41,8.79,1.137,1.045,True,True
pro,8k,2051,1024,18,0.78,1,13.58,8.77,9.1,1.548,1.037,True,True
pro,8k,2051,1024,20,0.863,1,10.82,10.24,9.34,1.057,0.912,True,True
pro,8k,2051,1024,22,0.672,1,10.31,8.73,9.03,1.18,1.034,True,True
pro,8k,2051,1024,24,0.656,1,13.6,8.79,9.2,1.548,1.047,True,True
pro,8k,2051,1024,26,0.617,1,10.29,9.04,9.23,1.138,1.021,True,True
pro,8k,2051,1024,28,0.667,1,14.7,9.05,9.22,1.624,1.019,True,True
pro,8k,2051,1024,30,0.461,1,8.92,9.16,8.01,0.974,0.874,True,True
pro,8k,2051,1024,32,0.521,1,12.0,9.05,9.92,1.326,1.096,True,True
pro,8k,2051,1024,34,0.608,1,14.72,9.03,9.4,1.63,1.041,True,True
pro,8k,2051,1024,36,0.488,1,12.61,9.08,9.09,1.389,1.001,True,True
pro,8k,2051,1024,38,0.829,1,10.71,8.66,9.04,1.237,1.044,True,True
pro,8k,2051,1024,40,0.719,1,10.21,8.67,9.2,1.177,1.061,True,True
pro,8k,2051,1024,42,0.601,1,10.43,9.13,9.38,1.142,1.028,True,True
pro,8k,2051,1024,44,0.797,1,9.97,8.92,9.38,1.117,1.052,True,True
pro,8k,2051,1024,46,0.611,1,10.66,8.92,9.19,1.195,1.031,True,True
pro,8k,2051,1024,48,0.617,1,12.98,8.84,9.06,1.468,1.024,True,True
pro,8k,2051,1024,50,0.704,1,10.8,8.8,9.19,1.226,1.044,True,True
pro,8k,2051,1024,52,0.739,1,14.12,8.78,9.25,1.607,1.053,True,True
pro,8k,2051,1024,54,0.747,1,12.48,8.79,9.07,1.419,1.032,True,True
pro,8k,2051,1024,56,0.833,1,14.54,8.55,9.08,1.701,1.062,True,True
pro,8k,2051,1024,58,0.875,1,9.74,10.41,9.24,0.936,0.888,True,True
pro,8k,2051,1024,60,0.952,1,6.64,9.88,8.79,0.672,0.889,True,True
pro,16k,4099,1024,2,0.801,1,11.59,9.91,10.82,1.17,1.092,True,True
pro,16k,4099,1024,4,0.755,1,20.15,9.71,10.95,2.074,1.128,True,True
pro,16k,4099,1024,6,0.84,1,15.86,9.8,11.01,1.618,1.123,True,True
pro,16k,4099,1024,8,0.874,1,15.21,11.46,10.43,1.326,0.91,True,True
pro,16k,4099,1024,10,0.867,1,10.45,11.32,10.73,0.923,0.947,True,True
pro,16k,4099,1024,12,0.71,1,13.66,9.47,11.01,1.444,1.163,True,True
pro,16k,4099,1024,14,0.773,1,12.3,9.94,11.19,1.238,1.126,True,True
pro,16k,4099,1024,16,0.84,1,12.27,9.36,10.61,1.311,1.134,True,True
pro,16k,4099,1024,18,0.812,1,12.94,9.52,10.92,1.359,1.147,True,True
pro,16k,4099,1024,20,0.815,1,15.44,9.34,10.28,1.652,1.1,True,True
pro,16k,4099,1024,22,0.702,1,10.75,9.78,10.88,1.099,1.113,True,True
pro,16k,4099,1024,24,0.815,1,15.65,9.7,10.66,1.613,1.099,True,True
pro,16k,4099,1024,26,0.8,1,16.88,9.52,10.96,1.773,1.151,True,True
pro,16k,4099,1024,28,0.791,1,10.77,9.52,10.73,1.132,1.127,True,True
pro,16k,4099,1024,30,0.739,1,15.22,9.76,10.85,1.558,1.111,True,True
pro,16k,4099,1024,32,0.767,1,14.51,9.48,10.68,1.531,1.127,True,True
pro,16k,4099,1024,34,0.828,1,12.25,9.63,10.52,1.272,1.093,True,True
pro,16k,4099,1024,36,0.792,1,13.46,9.47,10.63,1.422,1.122,True,True
pro,16k,4099,1024,38,0.935,1,11.74,11.04,9.97,1.064,0.903,True,True
pro,16k,4099,1024,40,0.905,1,12.73,11.15,10.09,1.141,0.905,True,True
pro,16k,4099,1024,42,0.875,1,14.95,11.21,10.05,1.333,0.897,True,True
pro,16k,4099,1024,44,0.941,1,14.64,11.25,10.03,1.301,0.891,True,True
pro,16k,4099,1024,46,0.829,1,15.35,9.54,11.07,1.609,1.16,True,True
pro,16k,4099,1024,48,0.745,1,12.89,9.46,10.73,1.362,1.134,True,True
pro,16k,4099,1024,50,0.917,1,14.18,11.08,9.99,1.28,0.902,True,True
pro,16k,4099,1024,52,0.864,1,14.76,11.47,10.99,1.287,0.958,True,True
pro,16k,4099,1024,54,0.881,1,14.24,11.54,10.77,1.235,0.934,True,True
pro,16k,4099,1024,56,0.884,1,16.23,11.62,10.83,1.396,0.931,True,True
pro,16k,4099,1024,58,0.883,1,10.7,10.88,9.82,0.984,0.902,True,True
pro,16k,4099,1024,60,0.915,1,14.77,11.71,10.03,1.261,0.856,True,True
pro,32k,8195,1024,2,0.942,1,16.07,10.81,9.81,1.487,0.907,True,True
pro,32k,8195,1024,4,0.917,1,14.86,10.64,9.48,1.397,0.892,True,True
pro,32k,8195,1024,6,0.909,1,11.56,10.93,9.79,1.057,0.895,True,True
pro,32k,8195,1024,8,0.939,1,14.26,10.91,9.98,1.306,0.915,True,True
pro,32k,8195,1024,10,0.912,1,14.47,11.52,10.23,1.256,0.888,True,True
pro,32k,8195,1024,12,0.859,1,11.01,9.19,10.6,1.199,1.154,True,True
pro,32k,8195,1024,14,0.874,1,12.39,11.02,10.09,1.125,0.916,True,True
pro,32k,8195,1024,16,0.763,1,10.83,9.67,10.79,1.12,1.116,True,True
pro,32k,8195,1024,18,0.681,1,19.86,9.86,10.85,2.014,1.1,True,True
pro,32k,8195,1024,20,0.835,1,14.92,9.43,10.8,1.583,1.146,True,True
pro,32k,8195,1024,22,0.562,1,18.87,10.17,10.65,1.855,1.047,True,True
pro,32k,8195,1024,24,0.755,1,14.45,9.41,10.46,1.536,1.112,True,True
pro,32k,8195,1024,26,0.559,1,17.76,10.56,10.67,1.681,1.01,True,True
pro,32k,8195,1024,28,0.821,1,13.48,9.67,10.64,1.394,1.101,True,True
pro,32k,8195,1024,30,0.53,1,17.95,10.59,10.75,1.695,1.015,True,True
pro,32k,8195,1024,32,0.483,1,12.1,10.7,10.84,1.131,1.013,True,True
pro,32k,8195,1024,34,0.704,1,11.26,9.58,10.73,1.175,1.12,True,True
pro,32k,8195,1024,36,0.49,1,15.75,10.44,10.91,1.509,1.045,True,True
pro,32k,8195,1024,38,0.637,1,13.83,9.97,10.84,1.387,1.087,True,True
pro,32k,8195,1024,40,0.498,1,17.56,10.74,11.48,1.635,1.069,True,True
pro,32k,8195,1024,42,0.527,1,11.5,10.14,10.8,1.135,1.065,True,True
pro,32k,8195,1024,44,0.822,1,13.3,9.48,10.62,1.403,1.12,True,True
pro,32k,8195,1024,46,0.752,1,16.39,9.62,10.88,1.703,1.131,True,True
pro,32k,8195,1024,48,0.56,1,14.63,10.12,11.61,1.446,1.147,True,True
pro,32k,8195,1024,50,0.831,1,12.36,9.63,10.87,1.284,1.129,True,True
pro,32k,8195,1024,52,0.72,1,16.34,9.73,10.84,1.679,1.115,True,True
pro,32k,8195,1024,54,0.845,1,13.98,9.28,10.41,1.507,1.122,True,True
pro,32k,8195,1024,56,0.79,1,12.05,9.63,10.43,1.252,1.083,True,True
pro,32k,8195,1024,58,0.82,1,12.33,9.41,10.75,1.31,1.143,True,True
pro,32k,8195,1024,60,0.903,1,17.04,11.18,9.97,1.524,0.892,True,True
pro,64k,16387,1024,2,0.787,1,17.32,10.36,11.84,1.671,1.143,True,True
pro,64k,16387,1024,4,0.796,1,15.02,10.68,12.1,1.407,1.134,True,True
pro,64k,16387,1024,6,0.84,1,16.11,10.32,11.83,1.562,1.147,True,True
pro,64k,16387,1024,8,0.86,1,20.6,10.64,12.08,1.935,1.135,True,True
pro,64k,16387,1024,10,0.737,1,14.9,10.6,11.95,1.405,1.127,True,True
pro,64k,16387,1024,12,0.655,1,22.65,11.32,12.34,2.001,1.091,True,True
pro,64k,16387,1024,14,0.606,1,16.53,11.22,12.06,1.474,1.075,True,True
pro,64k,16387,1024,16,0.544,1,15.31,11.47,12.1,1.335,1.055,True,True
pro,64k,16387,1024,18,0.506,1,24.04,12.05,12.04,1.996,0.999,True,True
pro,64k,16387,1024,20,0.632,1,20.92,11.23,12.43,1.863,1.107,True,True
pro,64k,16387,1024,22,0.515,1,15.25,11.91,12.23,1.28,1.026,False,True
pro,64k,16387,1024,24,0.647,1,20.56,10.7,11.88,1.921,1.11,True,True
pro,64k,16387,1024,26,0.521,1,23.43,12.0,12.24,1.953,1.02,True,True
pro,64k,16387,1024,28,0.642,1,17.29,10.93,12.11,1.582,1.108,True,True
pro,64k,16387,1024,30,0.312,1,11.73,10.42,10.13,1.126,0.972,True,True
pro,64k,16387,1024,32,0.416,1,13.6,12.47,9.35,1.09,0.749,True,True
pro,64k,16387,1024,34,0.626,1,22.63,10.9,11.98,2.076,1.099,True,True
pro,64k,16387,1024,36,0.487,1,14.84,12.25,12.23,1.212,0.998,True,True
pro,64k,16387,1024,38,0.269,1,15.72,10.87,11.95,1.446,1.099,True,True
pro,64k,16387,1024,40,0.294,1,16.11,10.47,10.68,1.539,1.021,True,True
pro,64k,16387,1024,42,0.441,1,16.88,12.35,12.32,1.366,0.997,True,True
pro,64k,16387,1024,44,0.144,1,24.14,12.4,10.6,1.947,0.855,True,True
pro,64k,16387,1024,46,0.519,1,17.21,11.94,12.13,1.442,1.017,True,True
pro,64k,16387,1024,48,0.271,1,18.51,10.98,11.95,1.686,1.089,True,True
pro,64k,16387,1024,50,0.441,1,13.09,11.66,9.18,1.123,0.787,True,True
pro,64k,16387,1024,52,0.374,1,13.77,11.79,9.62,1.168,0.817,True,True
pro,64k,16387,1024,54,0.635,1,17.44,11.43,12.2,1.526,1.067,True,True
pro,64k,16387,1024,56,0.602,1,24.83,11.56,12.34,2.147,1.067,True,True
pro,64k,16387,1024,58,0.655,1,21.91,11.12,12.28,1.971,1.104,True,True
pro,64k,16387,1024,60,0.86,1,12.11,10.57,11.87,1.145,1.123,True,True
pro,128k,32771,1024,2,0.939,1,16.84,14.49,14.47,1.162,0.999,True,True
pro,128k,32771,1024,4,0.863,1,17.7,13.11,14.09,1.351,1.075,True,True
pro,128k,32771,1024,6,0.87,1,17.19,15.67,13.79,1.097,0.88,False,True
pro,128k,32771,1024,8,0.928,1,19.84,15.23,13.5,1.303,0.887,True,True
pro,128k,32771,1024,10,0.899,1,14.5,15.94,13.84,0.91,0.868,True,True
pro,128k,32771,1024,12,0.849,1,20.85,13.11,14.47,1.591,1.104,True,True
pro,128k,32771,1024,14,0.812,1,26.16,12.72,13.59,2.057,1.068,True,True
pro,128k,32771,1024,16,0.665,1,19.86,13.48,14.64,1.473,1.085,True,True
pro,128k,32771,1024,18,0.688,1,15.97,13.53,14.67,1.18,1.084,True,True
pro,128k,32771,1024,20,0.782,1,16.65,12.85,14.27,1.296,1.11,True,True
pro,128k,32771,1024,22,0.433,1,22.43,14.38,15.59,1.56,1.084,True,True
pro,128k,32771,1024,24,0.683,1,15.58,13.57,14.98,1.148,1.104,True,True
pro,128k,32771,1024,26,0.454,1,19.56,14.56,15.4,1.343,1.058,True,True
pro,128k,32771,1024,28,0.728,1,19.22,13.29,13.93,1.447,1.049,True,True
pro,128k,32771,1024,30,0.326,1,17.01,13.09,12.36,1.3,0.944,True,True
pro,128k,32771,1024,32,0.43,1,21.17,14.46,14.49,1.464,1.002,True,True
pro,128k,32771,1024,34,0.612,1,21.76,13.77,21.29,1.58,1.546,True,True
pro,128k,32771,1024,36,0.346,1,15.51,12.87,12.09,1.205,0.939,True,True
pro,128k,32771,1024,38,0.627,1,25.9,14.57,22.62,1.778,1.553,True,True
pro,128k,32771,1024,40,0.415,1,16.22,14.4,11.83,1.126,0.822,True,True
pro,128k,32771,1024,42,0.506,1,22.43,15.31,21.59,1.464,1.41,True,True
pro,128k,32771,1024,44,0.395,1,12.43,14.41,12.08,0.862,0.838,True,True
pro,128k,32771,1024,46,0.609,1,29.5,14.26,24.03,2.068,1.685,True,True
pro,128k,32771,1024,48,0.346,1,15.92,13.08,12.28,1.218,0.939,True,True
pro,128k,32771,1024,50,0.589,1,22.32,13.79,15.52,1.619,1.126,True,True
pro,128k,32771,1024,52,0.544,1,26.85,14.52,19.94,1.849,1.373,True,True
pro,128k,32771,1024,54,0.683,1,23.86,13.42,15.49,1.777,1.154,True,True
pro,128k,32771,1024,56,0.527,1,16.57,14.63,16.03,1.133,1.095,True,True
pro,128k,32771,1024,58,0.685,1,23.69,13.46,15.35,1.759,1.14,True,True
pro,128k,32771,1024,60,0.872,1,28.07,12.93,13.63,2.17,1.054,True,True
pro,256k,65539,1024,2,0.923,4,19.84,16.23,15.61,1.222,0.962,True,True
pro,256k,65539,1024,4,0.877,4,22.2,17.38,16.64,1.277,0.958,True,True
pro,256k,65539,1024,6,0.908,4,17.15,16.1,15.54,1.065,0.965,True,True
pro,256k,65539,1024,8,0.927,4,18.93,17.02,16.49,1.113,0.969,True,True
pro,256k,65539,1024,10,0.883,4,25.36,18.28,19.26,1.387,1.053,True,True
pro,256k,65539,1024,12,0.826,4,22.28,13.77,13.67,1.618,0.993,True,True
pro,256k,65539,1024,14,0.799,4,23.93,14.2,14.37,1.685,1.012,True,True
pro,256k,65539,1024,16,0.629,4,21.28,14.54,13.94,1.464,0.958,True,True
pro,256k,65539,1024,18,0.608,4,24.84,14.73,14.34,1.687,0.973,True,True
pro,256k,65539,1024,20,0.74,4,29.3,13.91,13.89,2.106,0.999,True,True
pro,256k,65539,1024,22,0.355,4,15.81,15.29,15.65,1.034,1.024,True,True
pro,256k,65539,1024,24,0.606,4,24.23,15.15,14.56,1.599,0.961,True,True
pro,256k,65539,1024,26,0.463,4,26.67,15.84,15.62,1.684,0.986,True,True
pro,256k,65539,1024,28,0.641,4,34.8,14.44,14.35,2.41,0.994,True,True
pro,256k,65539,1024,30,0.358,4,16.85,13.71,13.82,1.229,1.008,True,True
pro,256k,65539,1024,32,0.489,4,13.41,15.57,16.11,0.862,1.035,True,True
pro,256k,65539,1024,34,0.551,4,28.69,15.94,14.79,1.8,0.928,True,True
pro,256k,65539,1024,36,0.417,4,16.25,15.76,15.79,1.031,1.002,True,True
pro,256k,65539,1024,38,0.266,4,17.5,14.59,14.13,1.2,0.969,True,True
pro,256k,65539,1024,40,0.549,4,24.13,15.99,14.96,1.51,0.936,True,True
pro,256k,65539,1024,42,0.751,4,23.1,13.82,14.17,1.671,1.025,True,True
pro,256k,65539,1024,44,0.465,4,32.69,15.96,16.18,2.048,1.014,True,True
pro,256k,65539,1024,46,0.709,4,24.59,13.91,13.96,1.768,1.004,True,True
pro,256k,65539,1024,48,0.466,4,23.78,17.2,15.54,1.383,0.904,True,True
pro,256k,65539,1024,50,0.456,4,25.69,15.81,15.92,1.625,1.007,True,True
pro,256k,65539,1024,52,0.517,4,38.82,16.1,15.01,2.411,0.932,True,True
pro,256k,65539,1024,54,0.702,4,28.79,14.04,14.11,2.05,1.005,True,True
pro,256k,65539,1024,56,0.568,4,35.96,14.98,14.09,2.401,0.941,True,True
pro,256k,65539,1024,58,0.737,4,19.35,14.2,14.12,1.363,0.995,True,True
pro,256k,65539,1024,60,0.858,4,30.99,13.55,13.78,2.287,1.017,True,True
pro,512k,131075,1024,2,0.939,8,20.46,18.76,16.9,1.091,0.901,True,True
pro,512k,131075,1024,4,0.873,8,30.48,21.35,18.57,1.427,0.869,True,True
pro,512k,131075,1024,6,0.921,8,18.71,18.51,16.94,1.011,0.915,True,True
pro,512k,131075,1024,8,0.896,8,22.1,19.16,17.03,1.154,0.889,True,True
pro,512k,131075,1024,10,0.866,8,24.07,20.64,21.06,1.166,1.02,True,True
pro,512k,131075,1024,12,0.86,8,26.55,21.01,21.29,1.264,1.014,True,True
pro,512k,131075,1024,14,0.78,8,23.1,15.11,14.86,1.529,0.983,True,True
pro,512k,131075,1024,16,0.586,8,29.3,17.07,16.12,1.717,0.944,True,True
pro,512k,131075,1024,18,0.632,8,25.56,15.62,15.34,1.636,0.982,True,True
pro,512k,131075,1024,20,0.745,8,24.2,15.12,14.98,1.601,0.991,True,True
pro,512k,131075,1024,22,0.411,8,18.04,17.46,17.4,1.034,0.997,True,True
pro,512k,131075,1024,24,0.601,8,30.49,16.2,15.36,1.882,0.948,True,True
pro,512k,131075,1024,26,0.436,8,22.31,17.43,17.12,1.28,0.982,True,True
pro,512k,131075,1024,28,0.612,8,33.61,16.53,15.51,2.033,0.938,True,True
pro,512k,131075,1024,30,0.23,8,21.32,16.06,15.39,1.327,0.958,True,True
pro,512k,131075,1024,32,0.373,8,15.1,16.91,16.73,0.893,0.989,True,True
pro,512k,131075,1024,34,0.629,8,24.17,16.04,15.52,1.507,0.968,True,True
pro,512k,131075,1024,36,0.314,8,22.12,15.37,15.12,1.439,0.983,True,True
pro,512k,131075,1024,38,0.6,8,31.62,16.56,15.92,1.909,0.961,True,True
pro,512k,131075,1024,40,0.414,8,14.82,17.45,17.21,0.849,0.986,True,True
pro,512k,131075,1024,42,0.624,8,38.78,16.45,15.6,2.358,0.949,True,True
pro,512k,131075,1024,44,0.393,8,19.97,17.12,17.45,1.167,1.02,True,True
pro,512k,131075,1024,46,0.664,8,19.34,15.65,14.94,1.236,0.954,True,True
pro,512k,131075,1024,48,0.297,8,15.68,15.47,15.13,1.014,0.978,False,True
pro,512k,131075,1024,50,0.628,8,25.1,15.7,15.47,1.599,0.985,True,True
pro,512k,131075,1024,52,0.591,8,35.16,15.72,15.28,2.236,0.972,True,True
pro,512k,131075,1024,54,0.668,8,34.69,15.47,15.21,2.242,0.983,True,True
pro,512k,131075,1024,56,0.734,8,28.48,15.23,14.94,1.871,0.981,True,True
pro,512k,131075,1024,58,0.762,8,21.59,14.96,14.78,1.443,0.988,True,True
pro,512k,131075,1024,60,0.859,8,17.2,19.35,17.52,0.889,0.906,False,True
pro,1024k,262127,1024,2,0.93,8,27.96,24.7,22.41,1.132,0.907,True,True
pro,1024k,262127,1024,4,0.886,8,27.33,24.82,22.1,1.101,0.89,True,True
pro,1024k,262127,1024,6,0.922,8,23.32,24.85,22.38,0.939,0.901,True,True
pro,1024k,262127,1024,8,0.871,8,27.94,25.83,22.94,1.082,0.888,True,True
pro,1024k,262127,1024,10,0.887,8,27.38,27.12,28.18,1.01,1.039,True,True
pro,1024k,262127,1024,12,0.856,8,26.24,19.51,19.85,1.345,1.018,True,True
pro,1024k,262127,1024,14,0.71,8,38.49,19.5,19.71,1.974,1.011,True,True
pro,1024k,262127,1024,16,0.619,8,36.32,20.81,20.29,1.745,0.975,True,True
pro,1024k,262127,1024,18,0.749,8,26.47,19.62,19.55,1.349,0.996,True,True
pro,1024k,262127,1024,20,0.76,8,27.32,19.21,19.56,1.422,1.018,True,True
pro,1024k,262127,1024,22,0.575,8,38.51,20.78,20.53,1.853,0.988,True,True
pro,1024k,262127,1024,24,0.664,8,28.84,19.8,19.98,1.457,1.009,True,True
pro,1024k,262127,1024,26,0.535,8,36.46,22.57,22.52,1.616,0.998,True,True
pro,1024k,262127,1024,28,0.611,8,39.54,20.16,20.13,1.961,0.998,True,True
pro,1024k,262127,1024,30,0.267,8,25.21,19.83,19.85,1.271,1.001,True,True
pro,1024k,262127,1024,32,0.394,8,20.18,22.35,22.77,0.903,1.019,True,True
pro,1024k,262127,1024,34,0.673,8,24.83,19.85,20.16,1.25,1.015,True,True
pro,1024k,262127,1024,36,0.196,8,61.3,20.81,20.75,2.946,0.997,True,True
pro,1024k,262127,1024,38,0.425,8,22.87,22.53,22.55,1.015,1.001,True,True
pro,1024k,262127,1024,40,0.122,8,59.96,29.08,31.62,2.062,1.087,True,False
pro,1024k,262127,1024,42,0.479,8,32.69,22.49,22.5,1.453,1.0,True,True
pro,1024k,262127,1024,44,0.176,8,34.69,28.2,30.66,1.23,1.087,True,True
pro,1024k,262127,1024,46,0.64,8,46.01,20.8,20.55,2.212,0.988,True,True
pro,1024k,262127,1024,48,0.244,8,70.21,21.43,21.48,3.277,1.002,True,True
pro,1024k,262127,1024,50,0.351,8,24.0,19.26,19.37,1.246,1.006,True,True
pro,1024k,262127,1024,52,0.292,8,25.05,20.32,20.35,1.233,1.002,True,True
pro,1024k,262127,1024,54,0.671,8,53.48,20.27,20.25,2.639,0.999,True,True
pro,1024k,262127,1024,56,0.624,8,46.16,20.15,20.35,2.291,1.01,True,True
pro,1024k,262127,1024,58,0.679,8,33.04,19.76,19.74,1.672,0.999,True,True
pro,1024k,262127,1024,60,0.876,8,25.4,26.13,23.26,0.972,0.89,True,True
v32,4k,4111,2048,3,0.897,1,20.42,11.16,12.17,1.829,1.09,True,True
v32,4k,4111,2048,4,0.806,1,17.84,11.31,12.37,1.578,1.094,True,True
v32,4k,4111,2048,5,0.902,1,19.12,10.96,11.71,1.744,1.068,True,True
v32,4k,4111,2048,6,0.884,1,13.25,10.9,12.25,1.216,1.124,True,True
v32,4k,4111,2048,7,0.864,1,12.88,10.95,11.79,1.176,1.077,True,True
v32,4k,4111,2048,8,0.876,1,20.26,10.93,12.13,1.853,1.109,True,True
v32,4k,4111,2048,9,0.872,1,18.15,11.11,11.62,1.633,1.045,True,True
v32,4k,4111,2048,10,0.792,1,14.05,11.6,12.16,1.211,1.049,True,True
v32,4k,4111,2048,11,0.853,1,13.67,10.85,11.79,1.259,1.087,True,True
v32,4k,4111,2048,12,0.833,1,17.99,11.01,12.19,1.633,1.107,True,True
v32,4k,4111,2048,13,0.846,1,18.42,10.96,11.92,1.682,1.088,True,True
v32,4k,4111,2048,14,0.81,1,16.84,11.1,11.86,1.517,1.069,True,True
v32,4k,4111,2048,15,0.827,1,15.28,11.04,11.97,1.385,1.085,True,True
v32,4k,4111,2048,16,0.796,1,17.49,11.0,11.85,1.591,1.078,True,True
v32,4k,4111,2048,17,0.674,1,19.55,11.53,12.17,1.696,1.056,True,True
v32,4k,4111,2048,18,0.815,1,17.42,11.42,12.5,1.525,1.095,True,True
v32,4k,4111,2048,19,0.802,1,21.25,11.28,12.15,1.884,1.077,True,True
v32,4k,4111,2048,20,0.658,1,15.01,11.67,12.36,1.286,1.059,True,True
v32,4k,4111,2048,21,0.716,1,23.79,11.0,11.88,2.164,1.08,True,True
v32,4k,4111,2048,22,0.799,1,13.19,11.14,12.18,1.184,1.093,True,True
v32,4k,4111,2048,23,0.664,1,18.29,11.25,12.04,1.627,1.071,True,True
v32,4k,4111,2048,24,0.702,1,16.89,11.11,11.99,1.52,1.079,True,True
v32,4k,4111,2048,25,0.69,1,18.94,11.2,11.72,1.691,1.046,True,True
v32,4k,4111,2048,26,0.522,1,15.15,11.85,9.43,1.279,0.796,True,True
v32,4k,4111,2048,27,0.547,1,17.61,11.66,12.05,1.509,1.033,True,True
v32,4k,4111,2048,28,0.674,1,23.5,11.39,12.25,2.062,1.075,True,True
v32,4k,4111,2048,29,0.568,1,19.59,11.5,12.33,1.705,1.073,True,True
v32,4k,4111,2048,30,0.679,1,19.6,11.35,12.28,1.727,1.082,True,True
v32,4k,4111,2048,31,0.64,1,15.31,11.38,12.29,1.346,1.08,True,True
v32,4k,4111,2048,32,0.688,1,19.67,11.5,12.21,1.71,1.062,True,True
v32,4k,4111,2048,33,0.514,1,14.06,11.67,12.31,1.205,1.054,True,True
v32,4k,4111,2048,34,0.729,1,15.13,11.23,12.22,1.347,1.088,True,True
v32,4k,4111,2048,35,0.705,1,17.47,11.19,12.05,1.562,1.077,True,True
v32,4k,4111,2048,36,0.788,1,14.1,11.04,12.28,1.277,1.113,True,True
v32,4k,4111,2048,37,0.734,1,13.52,10.99,12.02,1.23,1.094,True,True
v32,4k,4111,2048,38,0.717,1,13.35,11.34,12.37,1.177,1.091,True,True
v32,4k,4111,2048,39,0.767,1,14.53,11.09,12.19,1.311,1.099,True,True
v32,4k,4111,2048,40,0.796,1,16.08,10.68,11.91,1.506,1.115,True,True
v32,4k,4111,2048,41,0.762,1,17.67,11.34,12.27,1.559,1.082,True,True
v32,4k,4111,2048,42,0.833,1,13.13,10.77,12.16,1.219,1.129,True,True
v32,4k,4111,2048,43,0.743,1,19.49,11.02,12.25,1.769,1.111,True,True
v32,4k,4111,2048,44,0.866,1,14.66,10.72,12.03,1.368,1.122,True,True
v32,4k,4111,2048,45,0.805,1,19.14,11.06,11.8,1.73,1.066,True,True
v32,4k,4111,2048,46,0.776,1,22.83,11.06,11.81,2.065,1.068,True,True
v32,4k,4111,2048,47,0.793,1,20.72,11.57,12.15,1.791,1.05,True,True
v32,4k,4111,2048,48,0.869,1,14.73,10.95,12.03,1.345,1.099,True,True
v32,4k,4111,2048,49,0.784,1,19.58,10.97,12.38,1.785,1.129,True,True
v32,4k,4111,2048,50,0.808,1,16.18,10.95,11.89,1.477,1.086,True,True
v32,4k,4111,2048,51,0.82,1,18.07,10.94,12.07,1.653,1.103,True,True
v32,4k,4111,2048,52,0.825,1,19.0,11.13,12.17,1.708,1.094,True,True
v32,4k,4111,2048,53,0.869,1,13.09,10.74,11.96,1.219,1.113,True,True
v32,4k,4111,2048,54,0.719,1,15.58,11.22,12.17,1.389,1.085,True,True
v32,4k,4111,2048,55,0.788,1,16.16,11.0,12.02,1.469,1.093,True,True
v32,4k,4111,2048,56,0.831,1,15.25,10.82,11.95,1.409,1.104,True,True
v32,4k,4111,2048,57,0.77,1,15.9,11.47,12.22,1.386,1.065,True,True
v32,4k,4111,2048,58,0.881,1,24.01,11.22,12.25,2.141,1.092,True,True
v32,4k,4111,2048,59,0.751,1,18.66,11.15,12.11,1.673,1.085,True,True
v32,4k,4111,2048,60,0.775,1,20.17,11.13,12.12,1.812,1.089,True,True
v32,8k,8207,2048,3,0.9,1,15.12,12.75,12.16,1.186,0.954,True,True
v32,8k,8207,2048,4,0.7,1,14.57,12.49,11.97,1.167,0.958,True,True
v32,8k,8207,2048,5,0.914,1,16.52,12.93,12.5,1.278,0.967,True,True
v32,8k,8207,2048,6,0.887,1,15.0,11.96,12.17,1.254,1.017,True,True
v32,8k,8207,2048,7,0.864,1,16.14,11.91,12.16,1.356,1.021,True,True
v32,8k,8207,2048,8,0.865,1,13.49,11.75,12.42,1.148,1.057,False,True
v32,8k,8207,2048,9,0.85,1,17.11,12.66,12.2,1.351,0.963,True,True
v32,8k,8207,2048,10,0.89,1,17.38,12.44,11.89,1.397,0.956,True,True
v32,8k,8207,2048,11,0.775,1,17.54,12.74,11.94,1.377,0.938,True,True
v32,8k,8207,2048,12,0.908,1,16.22,11.86,12.36,1.368,1.042,True,True
v32,8k,8207,2048,13,0.891,1,14.46,11.99,12.23,1.206,1.021,True,True
v32,8k,8207,2048,14,0.923,1,13.56,12.11,12.17,1.12,1.005,True,True
v32,8k,8207,2048,15,0.891,1,16.63,12.64,12.4,1.315,0.981,True,True
v32,8k,8207,2048,16,0.903,1,16.77,11.95,12.17,1.403,1.018,True,True
v32,8k,8207,2048,17,0.778,1,21.6,13.21,12.19,1.636,0.923,True,True
v32,8k,8207,2048,18,0.858,1,14.95,12.16,12.07,1.229,0.993,True,True
v32,8k,8207,2048,19,0.833,1,21.54,12.52,12.25,1.721,0.979,True,True
v32,8k,8207,2048,20,0.731,1,16.02,13.02,12.25,1.231,0.941,True,True
v32,8k,8207,2048,21,0.801,1,14.42,12.51,11.99,1.153,0.959,True,True
v32,8k,8207,2048,22,0.891,1,15.26,12.48,12.13,1.223,0.972,True,True
v32,8k,8207,2048,23,0.831,1,14.13,12.86,12.33,1.098,0.958,True,True
v32,8k,8207,2048,24,0.797,1,20.97,12.83,11.83,1.635,0.923,True,True
v32,8k,8207,2048,25,0.856,1,17.85,12.37,11.95,1.443,0.966,True,True
v32,8k,8207,2048,26,0.821,1,14.64,12.86,11.83,1.139,0.92,True,True
v32,8k,8207,2048,27,0.833,1,13.66,12.95,12.14,1.054,0.938,True,True
v32,8k,8207,2048,28,0.87,1,17.68,12.91,11.4,1.37,0.884,True,True
v32,8k,8207,2048,29,0.837,1,13.47,12.02,11.98,1.12,0.997,True,True
v32,8k,8207,2048,30,0.841,1,16.48,12.61,12.3,1.307,0.975,True,True
v32,8k,8207,2048,31,0.833,1,17.01,13.03,12.27,1.305,0.942,True,True
v32,8k,8207,2048,32,0.851,1,16.17,12.83,12.29,1.26,0.958,True,True
v32,8k,8207,2048,33,0.807,1,14.39,12.38,12.19,1.162,0.985,True,True
v32,8k,8207,2048,34,0.842,1,14.55,12.98,11.71,1.121,0.903,True,True
v32,8k,8207,2048,35,0.835,1,15.44,13.17,12.23,1.172,0.928,True,True
v32,8k,8207,2048,36,0.865,1,18.12,12.14,12.35,1.492,1.017,True,True
v32,8k,8207,2048,37,0.882,1,14.59,12.38,12.18,1.178,0.983,True,True
v32,8k,8207,2048,38,0.887,1,20.54,12.2,12.49,1.683,1.024,True,True
v32,8k,8207,2048,39,0.77,1,15.15,12.33,11.97,1.228,0.971,False,True
v32,8k,8207,2048,40,0.86,1,15.7,12.11,12.03,1.297,0.994,True,True
v32,8k,8207,2048,41,0.854,1,14.2,12.37,12.13,1.148,0.981,True,True
v32,8k,8207,2048,42,0.892,1,16.38,11.9,12.36,1.377,1.039,True,True
v32,8k,8207,2048,43,0.815,1,15.05,12.29,11.93,1.225,0.971,True,True
v32,8k,8207,2048,44,0.93,1,15.29,11.35,11.99,1.348,1.057,True,True
v32,8k,8207,2048,45,0.855,1,14.34,11.97,12.0,1.198,1.002,True,True
v32,8k,8207,2048,46,0.836,1,17.86,12.6,12.46,1.417,0.989,True,True
v32,8k,8207,2048,47,0.894,1,17.83,12.8,12.42,1.392,0.97,True,True
v32,8k,8207,2048,48,0.866,1,16.74,12.83,12.26,1.304,0.956,True,True
v32,8k,8207,2048,49,0.819,1,14.7,12.33,12.27,1.192,0.995,True,True
v32,8k,8207,2048,50,0.849,1,14.46,13.12,12.25,1.103,0.934,True,True
v32,8k,8207,2048,51,0.861,1,13.83,12.49,12.23,1.107,0.979,True,True
v32,8k,8207,2048,52,0.86,1,18.03,11.73,12.47,1.537,1.063,True,True
v32,8k,8207,2048,53,0.883,1,16.89,11.7,12.33,1.443,1.054,True,True
v32,8k,8207,2048,54,0.908,1,16.6,12.41,12.45,1.338,1.004,True,True
v32,8k,8207,2048,55,0.864,1,14.74,12.15,12.34,1.213,1.016,True,True
v32,8k,8207,2048,56,0.908,1,15.09,11.85,12.31,1.273,1.039,True,True
v32,8k,8207,2048,57,0.898,1,15.52,12.68,12.58,1.224,0.992,True,True
v32,8k,8207,2048,58,0.912,1,21.28,11.82,12.2,1.8,1.032,True,True
v32,8k,8207,2048,59,0.839,1,13.56,11.99,12.64,1.131,1.054,True,True
v32,8k,8207,2048,60,0.83,1,16.19,11.8,12.07,1.371,1.023,True,True
v32,16k,16399,2048,3,0.856,1,20.18,14.4,14.27,1.401,0.99,True,True
v32,16k,16399,2048,4,0.788,1,17.99,14.43,15.29,1.246,1.06,True,True
v32,16k,16399,2048,5,0.873,1,15.16,15.52,14.31,0.977,0.922,True,True
v32,16k,16399,2048,6,0.88,1,16.15,14.64,14.23,1.103,0.972,True,True
v32,16k,16399,2048,7,0.825,1,16.14,15.19,14.53,1.063,0.957,True,True
v32,16k,16399,2048,8,0.846,1,19.77,13.8,14.47,1.433,1.049,True,True
v32,16k,16399,2048,9,0.825,1,14.07,14.72,12.38,0.956,0.841,True,True
v32,16k,16399,2048,10,0.867,1,21.55,14.8,14.12,1.456,0.954,True,True
v32,16k,16399,2048,11,0.831,1,18.9,15.7,14.19,1.204,0.904,True,True
v32,16k,16399,2048,12,0.858,1,22.22,13.64,14.05,1.629,1.03,True,True
v32,16k,16399,2048,13,0.89,1,20.28,13.99,14.21,1.449,1.016,True,True
v32,16k,16399,2048,14,0.902,1,17.05,14.36,14.38,1.188,1.002,True,True
v32,16k,16399,2048,15,0.885,1,18.49,14.77,14.34,1.252,0.971,True,True
v32,16k,16399,2048,16,0.856,1,15.14,15.12,14.4,1.002,0.952,True,True
v32,16k,16399,2048,17,0.747,1,15.62,14.71,14.49,1.062,0.985,True,True
v32,16k,16399,2048,18,0.908,1,18.05,14.35,14.42,1.258,1.005,True,True
v32,16k,16399,2048,19,0.864,1,20.8,14.72,14.08,1.413,0.956,True,True
v32,16k,16399,2048,20,0.738,1,16.49,14.63,12.19,1.127,0.834,True,True
v32,16k,16399,2048,21,0.743,1,18.28,15.11,14.23,1.21,0.942,True,True
v32,16k,16399,2048,22,0.791,1,16.08,14.8,14.3,1.087,0.966,True,True
v32,16k,16399,2048,23,0.779,1,14.17,14.91,12.43,0.95,0.833,True,True
v32,16k,16399,2048,24,0.75,1,17.38,14.52,12.16,1.197,0.837,True,True
v32,16k,16399,2048,25,0.661,1,18.05,14.51,12.44,1.244,0.857,True,True
v32,16k,16399,2048,26,0.537,1,14.83,13.5,12.91,1.099,0.957,True,True
v32,16k,16399,2048,27,0.606,1,21.61,13.77,12.98,1.57,0.943,True,True
v32,16k,16399,2048,28,0.459,1,16.92,13.78,12.69,1.228,0.921,True,True
v32,16k,16399,2048,29,0.529,1,20.08,14.52,12.7,1.383,0.875,True,True
v32,16k,16399,2048,30,0.496,1,14.18,12.87,13.0,1.102,1.01,True,True
v32,16k,16399,2048,31,0.481,1,15.04,13.58,13.07,1.108,0.963,True,True
v32,16k,16399,2048,32,0.513,1,21.22,13.73,13.0,1.545,0.946,True,True
v32,16k,16399,2048,33,0.258,1,16.77,13.84,14.17,1.212,1.023,True,True
v32,16k,16399,2048,34,0.533,1,27.77,13.56,14.26,2.047,1.052,True,True
v32,16k,16399,2048,35,0.438,1,15.68,13.71,14.57,1.144,1.063,True,True
v32,16k,16399,2048,36,0.672,1,16.16,14.24,13.77,1.134,0.967,True,True
v32,16k,16399,2048,37,0.646,1,15.42,14.6,13.94,1.056,0.955,True,True
v32,16k,16399,2048,38,0.686,1,16.85,14.74,14.09,1.143,0.956,False,True
v32,16k,16399,2048,39,0.713,1,18.83,14.03,14.15,1.342,1.008,True,True
v32,16k,16399,2048,40,0.712,1,17.26,14.86,15.08,1.162,1.015,True,True
v32,16k,16399,2048,41,0.811,1,19.35,13.69,14.15,1.414,1.034,True,True
v32,16k,16399,2048,42,0.742,1,19.24,14.4,13.77,1.336,0.956,True,True
v32,16k,16399,2048,43,0.631,1,23.26,14.71,14.07,1.581,0.957,True,True
v32,16k,16399,2048,44,0.723,1,16.94,13.93,13.96,1.216,1.002,True,True
v32,16k,16399,2048,45,0.715,1,16.37,13.73,14.15,1.192,1.031,True,True
v32,16k,16399,2048,46,0.505,1,22.08,14.53,12.46,1.52,0.857,True,True
v32,16k,16399,2048,47,0.621,1,14.81,13.27,12.61,1.116,0.95,True,True
v32,16k,16399,2048,48,0.621,1,16.0,14.56,12.06,1.099,0.828,True,True
v32,16k,16399,2048,49,0.669,1,20.15,15.72,14.01,1.282,0.891,True,True
v32,16k,16399,2048,50,0.598,1,16.02,13.63,14.41,1.176,1.058,True,True
v32,16k,16399,2048,51,0.559,1,18.47,14.51,14.29,1.273,0.985,True,True
v32,16k,16399,2048,52,0.784,1,18.09,13.63,14.26,1.327,1.046,True,True
v32,16k,16399,2048,53,0.729,1,15.3,14.64,14.06,1.045,0.96,True,True
v32,16k,16399,2048,54,0.676,1,17.28,14.65,12.0,1.179,0.819,True,True
v32,16k,16399,2048,55,0.684,1,26.42,15.25,14.26,1.732,0.935,True,True
v32,16k,16399,2048,56,0.709,1,21.05,14.56,14.33,1.446,0.985,True,True
v32,16k,16399,2048,57,0.825,1,14.89,14.99,14.16,0.993,0.945,True,True
v32,16k,16399,2048,58,0.857,1,20.9,14.24,14.38,1.468,1.01,True,True
v32,16k,16399,2048,59,0.772,1,20.85,14.42,14.01,1.446,0.971,True,True
v32,16k,16399,2048,60,0.857,1,20.46,13.75,14.08,1.489,1.025,True,True
v32,32k,32783,2048,3,0.839,1,19.15,17.82,14.34,1.075,0.805,True,True
v32,32k,32783,2048,4,0.693,1,21.53,17.41,14.0,1.236,0.804,True,True
v32,32k,32783,2048,5,0.767,1,22.19,17.32,14.01,1.281,0.809,True,True
v32,32k,32783,2048,6,0.833,1,19.2,16.98,17.2,1.131,1.013,True,True
v32,32k,32783,2048,7,0.733,1,19.94,17.27,13.86,1.154,0.802,True,True
v32,32k,32783,2048,8,0.738,1,19.2,15.99,17.52,1.201,1.096,True,True
v32,32k,32783,2048,9,0.804,1,21.61,17.45,17.65,1.238,1.012,True,True
v32,32k,32783,2048,10,0.771,1,16.15,17.46,14.24,0.925,0.815,True,True
v32,32k,32783,2048,11,0.72,1,17.68,17.07,17.44,1.036,1.022,True,True
v32,32k,32783,2048,12,0.758,1,18.59,16.29,17.24,1.141,1.058,True,True
v32,32k,32783,2048,13,0.731,1,18.78,17.27,17.7,1.087,1.025,True,True
v32,32k,32783,2048,14,0.758,1,22.91,16.65,17.25,1.376,1.036,True,True
v32,32k,32783,2048,15,0.758,1,19.8,17.55,17.8,1.128,1.014,True,True
v32,32k,32783,2048,16,0.713,1,21.46,17.06,17.34,1.258,1.016,True,True
v32,32k,32783,2048,17,0.458,1,23.82,15.46,17.54,1.541,1.135,True,True
v32,32k,32783,2048,18,0.739,1,19.41,16.86,17.84,1.151,1.058,True,True
v32,32k,32783,2048,19,0.736,1,25.75,17.05,17.62,1.51,1.033,True,True
v32,32k,32783,2048,20,0.398,1,24.26,15.62,17.45,1.553,1.117,True,True
v32,32k,32783,2048,21,0.521,1,19.06,15.51,14.63,1.229,0.943,True,True
v32,32k,32783,2048,22,0.762,1,23.28,17.61,17.58,1.322,0.998,True,True
v32,32k,32783,2048,23,0.481,1,18.02,15.77,17.51,1.143,1.11,True,True
v32,32k,32783,2048,24,0.543,1,27.05,16.57,17.92,1.632,1.081,True,True
v32,32k,32783,2048,25,0.62,1,23.37,17.32,14.79,1.35,0.854,True,True
v32,32k,32783,2048,26,0.527,1,29.34,16.41,17.78,1.788,1.083,True,True
v32,32k,32783,2048,27,0.479,1,23.84,16.43,17.59,1.451,1.071,True,True
v32,32k,32783,2048,28,0.546,1,22.43,15.82,17.83,1.418,1.127,True,True
v32,32k,32783,2048,29,0.375,1,19.41,16.11,17.87,1.205,1.109,True,True
v32,32k,32783,2048,30,0.508,1,18.47,15.15,14.64,1.219,0.966,True,True
v32,32k,32783,2048,31,0.424,1,21.77,16.41,17.89,1.326,1.09,True,True
v32,32k,32783,2048,32,0.396,1,23.77,16.69,17.99,1.425,1.078,True,True
v32,32k,32783,2048,33,0.238,1,26.14,17.22,17.57,1.518,1.021,True,True
v32,32k,32783,2048,34,0.429,1,20.31,16.56,17.58,1.226,1.062,True,True
v32,32k,32783,2048,35,0.499,1,18.33,15.03,18.79,1.219,1.25,True,True
v32,32k,32783,2048,36,0.602,1,22.25,17.43,17.22,1.277,0.988,True,True
v32,32k,32783,2048,37,0.542,1,19.72,17.55,14.3,1.124,0.815,True,True
v32,32k,32783,2048,38,0.527,1,17.64,17.73,14.15,0.995,0.798,True,True
v32,32k,32783,2048,39,0.406,1,23.27,16.88,14.34,1.379,0.85,True,True
v32,32k,32783,2048,40,0.545,1,23.11,17.21,13.76,1.343,0.8,True,True
v32,32k,32783,2048,41,0.462,1,21.64,17.34,13.86,1.248,0.799,True,True
v32,32k,32783,2048,42,0.516,1,18.23,17.87,14.25,1.02,0.797,True,True
v32,32k,32783,2048,43,0.304,1,24.53,15.72,17.78,1.561,1.131,True,True
v32,32k,32783,2048,44,0.593,1,20.85,17.12,17.09,1.218,0.998,True,True
v32,32k,32783,2048,45,0.365,1,15.94,15.26,17.61,1.044,1.154,True,True
v32,32k,32783,2048,46,0.191,1,23.1,17.59,17.48,1.313,0.993,True,True
v32,32k,32783,2048,47,0.437,1,22.32,16.83,18.27,1.326,1.086,True,True
v32,32k,32783,2048,48,0.479,1,15.52,15.52,15.14,1.0,0.975,True,True
v32,32k,32783,2048,49,0.495,1,19.41,17.84,14.72,1.088,0.825,True,True
v32,32k,32783,2048,50,0.379,1,18.88,15.83,17.55,1.193,1.109,True,True
v32,32k,32783,2048,51,0.537,1,17.55,17.43,14.59,1.007,0.837,True,True
v32,32k,32783,2048,52,0.634,1,17.93,17.51,17.71,1.024,1.011,True,True
v32,32k,32783,2048,53,0.733,1,20.95,17.69,17.66,1.185,0.999,True,True
v32,32k,32783,2048,54,0.512,1,20.15,17.31,13.79,1.164,0.797,True,True
v32,32k,32783,2048,55,0.468,1,18.68,17.12,13.85,1.091,0.809,True,True
v32,32k,32783,2048,56,0.653,1,19.63,17.91,14.04,1.096,0.784,True,True
v32,32k,32783,2048,57,0.65,1,23.08,16.97,13.84,1.36,0.816,True,True
v32,32k,32783,2048,58,0.811,1,25.24,16.51,17.5,1.529,1.06,True,True
v32,32k,32783,2048,59,0.738,1,22.86,17.64,17.85,1.296,1.012,True,True
v32,32k,32783,2048,60,0.819,1,26.84,16.41,17.8,1.635,1.085,True,True
v32,64k,65551,2048,3,0.826,4,19.77,18.95,18.48,1.043,0.975,True,True
v32,64k,65551,2048,4,0.729,4,20.9,19.01,18.52,1.099,0.974,True,True
v32,64k,65551,2048,5,0.887,4,21.66,19.19,18.46,1.129,0.962,True,True
v32,64k,65551,2048,6,0.875,4,26.34,18.79,16.99,1.402,0.904,True,True
v32,64k,65551,2048,7,0.875,4,25.04,19.88,17.31,1.259,0.871,True,True
v32,64k,65551,2048,8,0.867,4,24.04,16.99,16.1,1.415,0.948,True,True
v32,64k,65551,2048,9,0.745,4,18.34,18.75,18.25,0.978,0.973,True,True
v32,64k,65551,2048,10,0.802,4,20.02,19.06,18.43,1.05,0.967,True,True
v32,64k,65551,2048,11,0.777,4,23.96,18.58,18.11,1.289,0.975,True,True
v32,64k,65551,2048,12,0.9,4,24.86,17.22,16.41,1.444,0.953,True,True
v32,64k,65551,2048,13,0.878,4,21.12,18.48,17.22,1.143,0.932,True,True
v32,64k,65551,2048,14,0.854,4,28.04,18.98,17.15,1.477,0.903,True,True
v32,64k,65551,2048,15,0.829,4,27.06,19.08,18.26,1.418,0.957,True,True
v32,64k,65551,2048,16,0.867,4,27.15,19.1,17.32,1.421,0.906,False,True
v32,64k,65551,2048,17,0.514,4,27.24,17.0,15.83,1.602,0.931,True,True
v32,64k,65551,2048,18,0.886,4,26.72,17.07,16.2,1.566,0.949,True,True
v32,64k,65551,2048,19,0.733,4,24.1,19.24,17.23,1.253,0.896,True,True
v32,64k,65551,2048,20,0.485,4,17.95,17.47,16.27,1.028,0.932,True,True
v32,64k,65551,2048,21,0.478,4,27.31,18.92,17.32,1.443,0.915,True,True
v32,64k,65551,2048,22,0.694,4,18.73,19.17,18.39,0.977,0.959,True,True
v32,64k,65551,2048,23,0.542,4,26.53,19.08,17.24,1.391,0.904,True,True
v32,64k,65551,2048,24,0.501,4,32.78,23.76,23.47,1.38,0.987,True,True
v32,64k,65551,2048,25,0.513,4,29.13,21.11,21.73,1.38,1.029,True,True
v32,64k,65551,2048,26,0.358,4,39.77,23.94,24.05,1.661,1.004,True,True
v32,64k,65551,2048,27,0.428,4,32.9,23.8,23.74,1.383,0.997,True,True
v32,64k,65551,2048,28,0.41,4,38.35,24.06,23.92,1.594,0.994,True,True
v32,64k,65551,2048,29,0.357,4,37.78,23.53,23.83,1.606,1.013,True,True
v32,64k,65551,2048,30,0.479,4,30.89,17.45,15.94,1.77,0.914,True,True
v32,64k,65551,2048,31,0.184,4,37.74,22.0,21.93,1.716,0.997,True,True
v32,64k,65551,2048,32,0.261,4,32.92,21.01,21.73,1.567,1.035,True,True
v32,64k,65551,2048,33,0.157,4,35.77,21.51,21.97,1.663,1.021,True,True
v32,64k,65551,2048,34,0.406,4,31.1,19.82,17.75,1.569,0.896,True,True
v32,64k,65551,2048,35,0.448,4,31.81,18.59,16.75,1.711,0.901,True,True
v32,64k,65551,2048,36,0.556,4,18.98,19.31,18.58,0.983,0.963,True,True
v32,64k,65551,2048,37,0.5,4,28.31,17.03,15.64,1.663,0.919,True,True
v32,64k,65551,2048,38,0.511,4,33.21,17.28,15.87,1.922,0.918,True,True
v32,64k,65551,2048,39,0.447,4,34.19,16.74,15.96,2.043,0.953,True,True
v32,64k,65551,2048,40,0.513,4,28.23,18.91,18.58,1.493,0.983,True,True
v32,64k,65551,2048,41,0.595,4,22.01,16.23,15.23,1.357,0.939,True,True
v32,64k,65551,2048,42,0.586,4,20.22,19.48,18.81,1.038,0.965,True,True
v32,64k,65551,2048,43,0.396,4,33.66,17.45,16.26,1.929,0.932,True,True
v32,64k,65551,2048,44,0.792,4,20.68,17.82,16.6,1.161,0.932,True,True
v32,64k,65551,2048,45,0.579,4,17.1,18.9,18.8,0.904,0.995,True,True
v32,64k,65551,2048,46,0.399,4,29.34,17.94,16.4,1.635,0.914,True,True
v32,64k,65551,2048,47,0.496,4,32.52,23.9,23.66,1.361,0.99,True,True
v32,64k,65551,2048,48,0.609,4,17.02,19.14,18.45,0.889,0.964,True,True
v32,64k,65551,2048,49,0.608,4,22.83,19.28,18.44,1.184,0.956,True,True
v32,64k,65551,2048,50,0.444,4,32.29,19.41,17.58,1.664,0.906,True,True
v32,64k,65551,2048,51,0.674,4,23.43,19.16,18.53,1.223,0.967,True,True
v32,64k,65551,2048,52,0.784,4,21.75,19.61,17.52,1.109,0.893,True,True
v32,64k,65551,2048,53,0.726,4,16.64,19.69,19.06,0.845,0.968,True,True
v32,64k,65551,2048,54,0.745,4,23.49,18.91,18.37,1.242,0.971,True,True
v32,64k,65551,2048,55,0.771,4,25.28,19.06,18.54,1.326,0.972,True,True
v32,64k,65551,2048,56,0.81,4,23.53,18.96,17.2,1.241,0.907,True,True
v32,64k,65551,2048,57,0.755,4,16.22,18.47,18.1,0.878,0.98,True,True
v32,64k,65551,2048,58,0.865,4,28.63,17.34,16.3,1.651,0.94,True,True
v32,64k,65551,2048,59,0.869,4,27.22,18.18,16.79,1.498,0.924,True,True
v32,64k,65551,2048,60,0.875,4,27.52,17.26,16.63,1.595,0.964,True,True
v32,128k,131087,2048,3,0.904,8,26.76,20.83,19.87,1.284,0.954,True,True
v32,128k,131087,2048,4,0.924,8,18.37,20.91,19.58,0.879,0.937,True,True
v32,128k,131087,2048,5,0.925,8,26.14,20.53,20.04,1.274,0.976,True,True
v32,128k,131087,2048,6,0.855,8,31.26,20.25,18.54,1.544,0.915,True,True
v32,128k,131087,2048,7,0.849,8,18.24,20.54,19.9,0.888,0.969,True,True
v32,128k,131087,2048,8,0.873,8,24.42,17.56,17.11,1.391,0.975,True,True
v32,128k,131087,2048,9,0.933,8,30.49,20.41,20.32,1.494,0.995,True,True
v32,128k,131087,2048,10,0.872,8,21.92,20.02,19.71,1.095,0.984,True,True
v32,128k,131087,2048,11,0.853,8,25.46,20.08,18.58,1.268,0.925,True,True
v32,128k,131087,2048,12,0.874,8,26.17,18.08,17.64,1.447,0.976,True,True
v32,128k,131087,2048,13,0.881,8,30.06,18.81,17.69,1.598,0.941,True,True
v32,128k,131087,2048,14,0.904,8,22.68,20.62,18.6,1.1,0.902,True,True
v32,128k,131087,2048,15,0.917,8,26.22,20.88,20.07,1.256,0.962,True,True
v32,128k,131087,2048,16,0.915,8,28.28,20.24,18.39,1.398,0.909,True,True
v32,128k,131087,2048,17,0.801,8,31.41,20.23,17.94,1.553,0.887,True,True
v32,128k,131087,2048,18,0.887,8,38.06,18.36,17.91,2.073,0.976,True,True
v32,128k,131087,2048,19,0.901,8,30.06,20.47,19.24,1.469,0.94,True,True
v32,128k,131087,2048,20,0.849,8,29.37,20.31,18.35,1.446,0.903,True,True
v32,128k,131087,2048,21,0.786,8,31.56,20.84,19.65,1.515,0.943,True,True
v32,128k,131087,2048,22,0.826,8,29.05,20.25,18.18,1.435,0.898,True,True
v32,128k,131087,2048,23,0.61,8,21.67,21.03,19.93,1.031,0.948,True,True
v32,128k,131087,2048,24,0.343,8,32.08,19.26,17.85,1.666,0.927,True,True
v32,128k,131087,2048,25,0.607,8,21.39,21.06,20.0,1.015,0.95,False,True
v32,128k,131087,2048,26,0.492,8,23.39,21.48,20.22,1.089,0.941,True,True
v32,128k,131087,2048,27,0.507,8,26.17,20.97,20.43,1.248,0.974,True,True
v32,128k,131087,2048,28,0.539,8,21.44,20.96,20.55,1.023,0.98,True,True
v32,128k,131087,2048,29,0.48,8,25.81,21.32,20.32,1.211,0.953,True,True
v32,128k,131087,2048,30,0.492,8,20.09,21.08,20.33,0.953,0.964,True,True
v32,128k,131087,2048,31,0.498,8,27.16,17.91,17.01,1.516,0.95,True,True
v32,128k,131087,2048,32,0.5,8,27.45,18.12,17.12,1.515,0.945,True,True
v32,128k,131087,2048,33,0.573,8,18.98,21.28,19.98,0.892,0.939,True,True
v32,128k,131087,2048,34,0.62,8,21.53,17.83,16.64,1.208,0.933,True,True
v32,128k,131087,2048,35,0.673,8,23.06,20.8,20.14,1.109,0.968,True,True
v32,128k,131087,2048,36,0.787,8,25.95,19.97,17.81,1.299,0.892,True,True
v32,128k,131087,2048,37,0.796,8,24.92,21.01,19.86,1.186,0.945,True,True
v32,128k,131087,2048,38,0.801,8,20.6,21.02,19.87,0.98,0.945,True,True
v32,128k,131087,2048,39,0.78,8,19.18,20.85,20.01,0.92,0.96,True,True
v32,128k,131087,2048,40,0.809,8,20.45,20.81,19.68,0.983,0.946,True,True
v32,128k,131087,2048,41,0.828,8,20.12,20.95,19.82,0.96,0.946,True,True
v32,128k,131087,2048,42,0.855,8,27.83,19.61,18.28,1.419,0.932,True,True
v32,128k,131087,2048,43,0.863,8,19.58,20.92,20.14,0.936,0.963,True,True
v32,128k,131087,2048,44,0.886,8,25.21,18.88,17.34,1.335,0.919,True,True
v32,128k,131087,2048,45,0.801,8,23.7,20.2,18.27,1.173,0.904,True,True
v32,128k,131087,2048,46,0.858,8,17.57,21.11,19.55,0.833,0.926,True,True
v32,128k,131087,2048,47,0.932,8,22.12,20.72,19.81,1.067,0.956,True,True
v32,128k,131087,2048,48,0.857,8,20.16,20.65,19.67,0.976,0.952,True,True
v32,128k,131087,2048,49,0.874,8,26.48,19.78,17.78,1.339,0.899,True,True
v32,128k,131087,2048,50,0.867,8,27.65,20.87,19.36,1.325,0.927,True,True
v32,128k,131087,2048,51,0.911,8,22.99,20.55,19.48,1.119,0.948,True,True
v32,128k,131087,2048,52,0.876,8,29.08,19.87,18.14,1.464,0.913,True,True
v32,128k,131087,2048,53,0.886,8,31.38,18.67,17.68,1.681,0.947,True,True
v32,128k,131087,2048,54,0.93,8,22.18,19.7,17.83,1.126,0.905,True,True
v32,128k,131087,2048,55,0.928,8,23.82,20.15,18.25,1.182,0.905,True,True
v32,128k,131087,2048,56,0.91,8,23.56,20.46,18.45,1.152,0.902,True,True
v32,128k,131087,2048,57,0.92,8,22.62,20.94,19.72,1.08,0.942,True,True
v32,128k,131087,2048,58,0.884,8,28.13,19.17,17.75,1.467,0.925,True,True
v32,128k,131087,2048,59,0.899,8,24.42,19.45,17.83,1.255,0.917,True,True
v32,128k,131087,2048,60,0.907,8,29.42,18.57,17.13,1.584,0.922,True,True
v32,256k,163775,2048,3,0.845,8,21.01,22.55,21.2,0.932,0.94,True,True
v32,256k,163775,2048,4,0.899,8,20.88,22.36,20.9,0.934,0.935,True,True
v32,256k,163775,2048,5,0.92,8,27.71,22.35,21.06,1.24,0.942,True,True
v32,256k,163775,2048,6,0.762,8,27.91,22.5,20.92,1.24,0.93,True,True
v32,256k,163775,2048,7,0.801,8,33.39,21.9,21.02,1.524,0.96,True,True
v32,256k,163775,2048,8,0.836,8,30.48,20.16,18.57,1.512,0.921,True,True
v32,256k,163775,2048,9,0.935,8,26.57,22.05,21.43,1.205,0.972,True,True
v32,256k,163775,2048,10,0.845,8,22.73,21.78,20.48,1.043,0.94,True,True
v32,256k,163775,2048,11,0.85,8,29.32,21.52,19.82,1.363,0.921,True,True
v32,256k,163775,2048,12,0.73,8,26.33,20.57,18.78,1.28,0.913,True,True
v32,256k,163775,2048,13,0.852,8,27.89,22.16,20.92,1.258,0.944,True,True
v32,256k,163775,2048,14,0.913,8,24.8,22.15,21.24,1.12,0.959,True,True
v32,256k,163775,2048,15,0.89,8,24.16,22.54,21.71,1.072,0.963,True,True
v32,256k,163775,2048,16,0.779,8,27.22,21.64,19.43,1.258,0.898,True,True
v32,256k,163775,2048,17,0.763,8,40.9,20.55,18.84,1.99,0.917,True,True
v32,256k,163775,2048,18,0.919,8,31.55,19.71,19.02,1.601,0.965,True,True
v32,256k,163775,2048,19,0.887,8,31.45,22.03,21.0,1.428,0.953,True,True
v32,256k,163775,2048,20,0.831,8,24.08,22.35,20.99,1.078,0.939,True,True
v32,256k,163775,2048,21,0.841,8,33.19,22.87,21.6,1.451,0.945,True,True
v32,256k,163775,2048,22,0.894,8,28.83,20.1,18.8,1.434,0.935,True,True
v32,256k,163775,2048,23,0.83,8,19.85,21.81,20.6,0.91,0.945,True,True
v32,256k,163775,2048,24,0.752,8,25.64,22.45,21.2,1.142,0.944,True,True
v32,256k,163775,2048,25,0.879,8,28.57,22.5,19.71,1.27,0.876,True,True
v32,256k,163775,2048,26,0.78,8,25.85,22.8,20.43,1.134,0.896,True,True
v32,256k,163775,2048,27,0.821,8,24.72,20.23,18.52,1.222,0.916,True,True
v32,256k,163775,2048,28,0.867,8,19.08,21.79,19.35,0.876,0.888,True,True
v32,256k,163775,2048,29,0.792,8,19.75,22.6,20.95,0.874,0.927,True,True
v32,256k,163775,2048,30,0.865,8,19.73,22.92,21.15,0.861,0.923,True,True
v32,256k,163775,2048,31,0.851,8,19.57,22.36,20.6,0.875,0.921,True,True
v32,256k,163775,2048,32,0.841,8,24.4,22.09,20.58,1.105,0.932,True,True
v32,256k,163775,2048,33,0.806,8,24.43,22.27,19.48,1.097,0.875,True,True
v32,256k,163775,2048,34,0.865,8,28.64,22.12,19.4,1.295,0.877,True,True
v32,256k,163775,2048,35,0.829,8,20.17,22.57,20.86,0.894,0.924,True,True
v32,256k,163775,2048,36,0.875,8,31.61,21.89,19.71,1.444,0.9,True,True
v32,256k,163775,2048,37,0.872,8,20.91,22.43,20.74,0.932,0.925,True,True
v32,256k,163775,2048,38,0.917,8,28.48,22.81,21.11,1.248,0.926,True,True
v32,256k,163775,2048,39,0.891,8,25.58,22.14,19.58,1.155,0.885,True,True
v32,256k,163775,2048,40,0.815,8,31.75,21.72,19.58,1.462,0.901,True,True
v32,256k,163775,2048,41,0.854,8,26.07,21.45,19.14,1.216,0.892,True,True
v32,256k,163775,2048,42,0.87,8,26.66,21.13,18.87,1.261,0.893,True,True
v32,256k,163775,2048,43,0.889,8,27.71,22.15,20.71,1.251,0.935,True,True
v32,256k,163775,2048,44,0.827,8,26.83,20.55,18.7,1.305,0.91,True,True
v32,256k,163775,2048,45,0.816,8,28.99,22.05,19.45,1.315,0.882,True,True
v32,256k,163775,2048,46,0.886,8,29.74,21.38,19.02,1.391,0.889,True,True
v32,256k,163775,2048,47,0.917,8,25.3,22.34,20.64,1.133,0.924,True,True
v32,256k,163775,2048,48,0.762,8,28.82,20.82,18.95,1.384,0.91,True,True
v32,256k,163775,2048,49,0.874,8,24.81,21.09,19.13,1.177,0.907,True,True
v32,256k,163775,2048,50,0.857,8,26.61,22.26,20.91,1.195,0.939,True,True
v32,256k,163775,2048,51,0.895,8,29.75,21.41,19.14,1.39,0.894,True,True
v32,256k,163775,2048,52,0.845,8,31.94,21.33,19.07,1.497,0.894,True,True
v32,256k,163775,2048,53,0.821,8,26.39,21.36,19.25,1.236,0.901,True,True
v32,256k,163775,2048,54,0.865,8,33.62,20.53,18.83,1.637,0.917,True,True
v32,256k,163775,2048,55,0.909,8,27.57,21.21,18.96,1.3,0.894,True,True
v32,256k,163775,2048,56,0.874,8,29.85,21.27,19.18,1.404,0.902,True,True
v32,256k,163775,2048,57,0.863,8,30.55,22.71,20.92,1.345,0.921,True,True
v32,256k,163775,2048,58,0.807,8,30.99,19.58,17.78,1.582,0.908,True,True
v32,256k,163775,2048,59,0.848,8,31.92,21.36,19.08,1.494,0.893,True,True
v32,256k,163775,2048,60,0.77,8,28.3,19.95,18.37,1.419,0.921,True,True
