model,isl,N,K,L,hit,op,us,us_span,exact
flash,4k,1027,512,10,0.846,op26_r0auto,9.0815,9.0815,
flash,4k,1027,512,10,0.846,radix_cutedsl,5.9104,5.9104,True
flash,4k,1027,512,10,0.846,sglang_v2,4.7104,4.7104,True
flash,4k,1027,512,10,0.846,flashinfer_topk,6.6416,6.6416,True
flash,4k,1027,512,22,0.639,op26_r0auto,8.3407,8.3407,
flash,4k,1027,512,22,0.639,radix_cutedsl,5.9551,5.9551,True
flash,4k,1027,512,22,0.639,sglang_v2,4.7311,4.7311,True
flash,4k,1027,512,22,0.639,flashinfer_topk,6.5168,6.5168,True
flash,4k,1027,512,34,0.695,op26_r0auto,8.0687,8.0687,
flash,4k,1027,512,34,0.695,radix_cutedsl,5.9582,5.9582,True
flash,4k,1027,512,34,0.695,sglang_v2,4.8431,4.8431,True
flash,4k,1027,512,34,0.695,flashinfer_topk,6.64,6.64,True
flash,8k,2051,512,10,0.672,op26_r0auto,9.5055,9.5055,
flash,8k,2051,512,10,0.672,radix_cutedsl,6.088,6.088,True
flash,8k,2051,512,10,0.672,sglang_v2,4.9119,4.9119,True
flash,8k,2051,512,10,0.672,flashinfer_topk,7.2751,7.2751,True
flash,8k,2051,512,22,0.334,op26_r0auto,8.0799,8.0799,
flash,8k,2051,512,22,0.334,radix_cutedsl,6.072,6.072,True
flash,8k,2051,512,22,0.334,sglang_v2,4.8063,4.8063,True
flash,8k,2051,512,22,0.334,flashinfer_topk,7.3376,7.3376,True
flash,8k,2051,512,34,0.611,op26_r0auto,9.5101,9.5101,
flash,8k,2051,512,34,0.611,radix_cutedsl,6.0686,6.0686,True
flash,8k,2051,512,34,0.611,sglang_v2,4.7184,4.7184,True
flash,8k,2051,512,34,0.611,flashinfer_topk,6.9008,6.9008,True
flash,16k,4099,512,10,0.648,op26_r0auto,10.6989,10.6989,
flash,16k,4099,512,10,0.648,radix_cutedsl,7.3967,7.3967,True
flash,16k,4099,512,10,0.648,sglang_v2,5.5438,5.5438,True
flash,16k,4099,512,10,0.648,flashinfer_topk,7.8991,7.8991,True
flash,16k,4099,512,22,0.344,op26_r0auto,8.1151,8.1151,
flash,16k,4099,512,22,0.344,radix_cutedsl,7.4607,7.4607,True
flash,16k,4099,512,22,0.344,sglang_v2,5.5727,5.5727,True
flash,16k,4099,512,22,0.344,flashinfer_topk,7.6655,7.6655,True
flash,16k,4099,512,34,0.348,op26_r0auto,8.5934,8.5934,
flash,16k,4099,512,34,0.348,radix_cutedsl,7.2944,7.2944,True
flash,16k,4099,512,34,0.348,sglang_v2,5.5071,5.5071,True
flash,16k,4099,512,34,0.348,flashinfer_topk,7.7744,7.7744,True
flash,32k,8195,512,10,0.723,op26_r0auto,10.4527,10.4527,
flash,32k,8195,512,10,0.723,radix_cutedsl,9.4896,9.4896,True
flash,32k,8195,512,10,0.723,sglang_v2,6.3328,6.3328,True
flash,32k,8195,512,10,0.723,flashinfer_topk,11.7502,11.7502,True
flash,32k,8195,512,22,0.686,op26_r0auto,10.5423,10.5423,
flash,32k,8195,512,22,0.686,radix_cutedsl,9.304,9.304,True
flash,32k,8195,512,22,0.686,sglang_v2,6.2271,6.2271,True
flash,32k,8195,512,22,0.686,flashinfer_topk,11.779,11.779,True
flash,32k,8195,512,34,0.67,op26_r0auto,10.608,10.608,
flash,32k,8195,512,34,0.67,radix_cutedsl,9.3231,9.3231,True
flash,32k,8195,512,34,0.67,sglang_v2,6.3232,6.3232,True
flash,32k,8195,512,34,0.67,flashinfer_topk,11.8959,11.8959,True
flash,64k,16387,512,10,0.582,op26_r0auto,11.6751,11.6751,
flash,64k,16387,512,10,0.582,radix_cutedsl,20.059,20.059,True
flash,64k,16387,512,10,0.582,sglang_v2,8.5487,8.5487,True
flash,64k,16387,512,10,0.582,flashinfer_topk,12.0767,12.0767,True
flash,64k,16387,512,22,0.076,op26_r0auto,12.608,12.608,
flash,64k,16387,512,22,0.076,radix_cutedsl,20.1709,20.1709,True
flash,64k,16387,512,22,0.076,sglang_v2,8.7311,8.7311,True
flash,64k,16387,512,22,0.076,flashinfer_topk,12.075,12.075,True
flash,64k,16387,512,34,0.145,op26_r0auto,11.6734,11.6734,
flash,64k,16387,512,34,0.145,radix_cutedsl,20.083,20.083,True
flash,64k,16387,512,34,0.145,sglang_v2,8.5792,8.5792,True
flash,64k,16387,512,34,0.145,flashinfer_topk,12.2958,12.2958,True
flash,128k,32771,512,10,0.523,op26_r0auto,14.139,14.139,
flash,128k,32771,512,10,0.523,radix_cutedsl,20.0511,20.0511,True
flash,128k,32771,512,10,0.523,sglang_v2,9.4495,9.4495,True
flash,128k,32771,512,10,0.523,flashinfer_topk,11.9519,11.9519,True
flash,128k,32771,512,22,0.701,op26_r0auto,14.0783,14.0783,
flash,128k,32771,512,22,0.701,radix_cutedsl,19.9454,19.9454,True
flash,128k,32771,512,22,0.701,sglang_v2,8.4527,8.4527,True
flash,128k,32771,512,22,0.701,flashinfer_topk,12.1615,12.1615,True
flash,128k,32771,512,34,0.688,op26_r0auto,14.1198,14.1198,
flash,128k,32771,512,34,0.688,radix_cutedsl,19.6573,19.6573,True
flash,128k,32771,512,34,0.688,sglang_v2,8.7279,8.7279,True
flash,128k,32771,512,34,0.688,flashinfer_topk,12.0655,12.0655,True
flash,256k,65538,512,10,0.193,op26_r0auto,14.2079,14.2079,
flash,256k,65538,512,10,0.193,radix_cutedsl,19.8157,19.8157,True
flash,256k,65538,512,10,0.193,sglang_v2,10.0895,10.0895,True
flash,256k,65538,512,10,0.193,flashinfer_topk,13.379,13.379,True
flash,256k,65538,512,22,0.279,op26_r0auto,13.8239,13.8239,
flash,256k,65538,512,22,0.279,radix_cutedsl,19.755,19.755,True
flash,256k,65538,512,22,0.279,sglang_v2,9.5998,9.5998,True
flash,256k,65538,512,22,0.279,flashinfer_topk,13.1166,13.1166,True
flash,256k,65538,512,34,0.631,op26_r0auto,14.2222,14.2222,
flash,256k,65538,512,34,0.631,radix_cutedsl,20.1038,20.1038,True
flash,256k,65538,512,34,0.631,sglang_v2,9.3631,9.3631,True
flash,256k,65538,512,34,0.631,flashinfer_topk,12.7903,12.7903,True
flash,512k,131075,512,10,0.455,op26_r0auto,16.9486,16.9486,
flash,512k,131075,512,10,0.455,radix_cutedsl,20.1869,20.1869,True
flash,512k,131075,512,10,0.455,sglang_v2,13.115,13.115,True
flash,512k,131075,512,10,0.455,flashinfer_topk,16.467,16.467,True
flash,512k,131075,512,22,0.057,op26_r0auto,23.1902,23.1902,
flash,512k,131075,512,22,0.057,radix_cutedsl,20.1501,20.1501,True
flash,512k,131075,512,22,0.057,sglang_v2,13.4703,13.4703,True
flash,512k,131075,512,22,0.057,flashinfer_topk,18.4367,18.4367,True
flash,512k,131075,512,34,0.283,op26_r0auto,14.9839,14.9839,
flash,512k,131075,512,34,0.283,radix_cutedsl,20.139,20.139,True
flash,512k,131075,512,34,0.283,sglang_v2,11.1919,11.1919,True
flash,512k,131075,512,34,0.283,flashinfer_topk,15.147,15.147,True
flash,1024k,262127,512,10,0.385,op26_r0auto,20.9453,20.9453,
flash,1024k,262127,512,10,0.385,radix_cutedsl,20.7662,20.7662,True
flash,1024k,262127,512,10,0.385,sglang_v2,17.331,17.331,True
flash,1024k,262127,512,10,0.385,flashinfer_topk,23.6352,23.6352,True
flash,1024k,262127,512,22,0.422,op26_r0auto,20.9102,20.9102,
flash,1024k,262127,512,22,0.422,radix_cutedsl,19.9757,19.9757,True
flash,1024k,262127,512,22,0.422,sglang_v2,16.5358,16.5358,True
flash,1024k,262127,512,22,0.422,flashinfer_topk,17.9518,17.9518,True
flash,1024k,262127,512,34,0.379,op26_r0auto,19.9822,19.9822,
flash,1024k,262127,512,34,0.379,radix_cutedsl,20.8397,20.8397,True
flash,1024k,262127,512,34,0.379,sglang_v2,16.179,16.179,True
flash,1024k,262127,512,34,0.379,flashinfer_topk,19.483,19.483,True
pro,4k,1027,1024,14,0.997,op26_r0auto,8.3791,8.3791,
pro,4k,1027,1024,14,0.997,radix_cutedsl,5.4862,5.4862,True
pro,4k,1027,1024,14,0.997,sglang_v2,4.4847,4.4847,True
pro,4k,1027,1024,14,0.997,flashinfer_topk,6.3568,6.3568,True
pro,4k,1027,1024,30,0.998,op26_r0auto,8.235,8.235,
pro,4k,1027,1024,30,0.998,radix_cutedsl,5.6688,5.6688,True
pro,4k,1027,1024,30,0.998,sglang_v2,4.7247,4.7247,True
pro,4k,1027,1024,30,0.998,flashinfer_topk,6.3248,6.3248,True
pro,4k,1027,1024,46,0.998,op26_r0auto,8.0335,8.0335,
pro,4k,1027,1024,46,0.998,radix_cutedsl,5.7023,5.7023,True
pro,4k,1027,1024,46,0.998,sglang_v2,4.7008,4.7008,True
pro,4k,1027,1024,46,0.998,flashinfer_topk,6.3631,6.3631,True
pro,8k,2051,1024,14,0.83,op26_r0auto,9.0335,9.0335,
pro,8k,2051,1024,14,0.83,radix_cutedsl,5.8687,5.8687,True
pro,8k,2051,1024,14,0.83,sglang_v2,4.6735,4.6735,True
pro,8k,2051,1024,14,0.83,flashinfer_topk,7.0974,7.0974,True
pro,8k,2051,1024,30,0.461,op26_r0auto,7.6734,7.6734,
pro,8k,2051,1024,30,0.461,radix_cutedsl,5.6591,5.6591,True
pro,8k,2051,1024,30,0.461,sglang_v2,4.5616,4.5616,True
pro,8k,2051,1024,30,0.461,flashinfer_topk,6.8575,6.8575,True
pro,8k,2051,1024,46,0.611,op26_r0auto,8.8686,8.8686,
pro,8k,2051,1024,46,0.611,radix_cutedsl,5.7216,5.7216,True
pro,8k,2051,1024,46,0.611,sglang_v2,4.6479,4.6479,True
pro,8k,2051,1024,46,0.611,flashinfer_topk,7.0173,7.0173,True
pro,16k,4099,1024,14,0.773,op26_r0auto,10.3695,10.3695,
pro,16k,4099,1024,14,0.773,radix_cutedsl,7.0175,7.0175,True
pro,16k,4099,1024,14,0.773,sglang_v2,5.3759,5.3759,True
pro,16k,4099,1024,14,0.773,flashinfer_topk,8.184,8.184,True
pro,16k,4099,1024,30,0.739,op26_r0auto,10.323,10.323,
pro,16k,4099,1024,30,0.739,radix_cutedsl,7.0416,7.0416,True
pro,16k,4099,1024,30,0.739,sglang_v2,5.3791,5.3791,True
pro,16k,4099,1024,30,0.739,flashinfer_topk,8.0208,8.0208,True
pro,16k,4099,1024,46,0.829,op26_r0auto,10.6302,10.6302,
pro,16k,4099,1024,46,0.829,radix_cutedsl,7.0239,7.0239,True
pro,16k,4099,1024,46,0.829,sglang_v2,5.3471,5.3471,True
pro,16k,4099,1024,46,0.829,flashinfer_topk,7.8255,7.8255,True
pro,32k,8195,1024,14,0.874,op26_r0auto,10.1231,10.1231,
pro,32k,8195,1024,14,0.874,radix_cutedsl,8.8384,8.8384,True
pro,32k,8195,1024,14,0.874,sglang_v2,5.9872,5.9872,True
pro,32k,8195,1024,14,0.874,flashinfer_topk,11.6142,11.6142,True
pro,32k,8195,1024,30,0.53,op26_r0auto,10.8958,10.8958,
pro,32k,8195,1024,30,0.53,radix_cutedsl,9.0768,9.0768,True
pro,32k,8195,1024,30,0.53,sglang_v2,5.9663,5.9663,True
pro,32k,8195,1024,30,0.53,flashinfer_topk,11.883,11.883,True
pro,32k,8195,1024,46,0.752,op26_r0auto,10.6383,10.6383,
pro,32k,8195,1024,46,0.752,radix_cutedsl,9.168,9.168,True
pro,32k,8195,1024,46,0.752,sglang_v2,6.4303,6.4303,True
pro,32k,8195,1024,46,0.752,flashinfer_topk,12.0654,12.0654,True
pro,64k,16387,1024,14,0.606,op26_r0auto,12.2159,12.2159,
pro,64k,16387,1024,14,0.606,radix_cutedsl,19.6125,19.6125,True
pro,64k,16387,1024,14,0.606,sglang_v2,8.504,8.504,True
pro,64k,16387,1024,14,0.606,flashinfer_topk,11.9262,11.9262,True
pro,64k,16387,1024,30,0.312,op26_r0auto,10.0542,10.0542,
pro,64k,16387,1024,30,0.312,radix_cutedsl,19.59,19.59,True
pro,64k,16387,1024,30,0.312,sglang_v2,8.568,8.568,True
pro,64k,16387,1024,30,0.312,flashinfer_topk,12.0766,12.0766,True
pro,64k,16387,1024,46,0.519,op26_r0auto,12.0093,12.0093,
pro,64k,16387,1024,46,0.519,radix_cutedsl,19.7038,19.7038,True
pro,64k,16387,1024,46,0.519,sglang_v2,8.6575,8.6575,True
pro,64k,16387,1024,46,0.519,flashinfer_topk,11.8895,11.8895,True
pro,128k,32771,1024,14,0.812,op26_r0auto,13.1774,13.1774,
pro,128k,32771,1024,14,0.812,radix_cutedsl,19.8526,19.8526,True
pro,128k,32771,1024,14,0.812,sglang_v2,8.8319,8.8319,True
pro,128k,32771,1024,14,0.812,flashinfer_topk,11.7743,11.7743,True
pro,128k,32771,1024,30,0.326,op26_r0auto,11.7326,11.7326,
pro,128k,32771,1024,30,0.326,radix_cutedsl,19.7645,19.7645,True
pro,128k,32771,1024,30,0.326,sglang_v2,8.4527,8.4527,True
pro,128k,32771,1024,30,0.326,flashinfer_topk,11.9805,11.9805,True
pro,128k,32771,1024,46,0.609,op26_r0auto,23.158,23.158,
pro,128k,32771,1024,46,0.609,radix_cutedsl,20.0957,20.0957,True
pro,128k,32771,1024,46,0.609,sglang_v2,10.7391,10.7391,True
pro,128k,32771,1024,46,0.609,flashinfer_topk,12.4637,12.4637,True
pro,256k,65539,1024,14,0.799,op26_r0auto,14.1423,14.1423,
pro,256k,65539,1024,14,0.799,radix_cutedsl,19.7198,19.7198,True
pro,256k,65539,1024,14,0.799,sglang_v2,9.7567,9.7567,True
pro,256k,65539,1024,14,0.799,flashinfer_topk,12.811,12.811,True
pro,256k,65539,1024,30,0.358,op26_r0auto,13.8672,13.8672,
pro,256k,65539,1024,30,0.358,radix_cutedsl,19.6253,19.6253,True
pro,256k,65539,1024,30,0.358,sglang_v2,9.952,9.952,True
pro,256k,65539,1024,30,0.358,flashinfer_topk,13.4558,13.4558,True
pro,256k,65539,1024,46,0.709,op26_r0auto,13.8586,13.8586,
pro,256k,65539,1024,46,0.709,radix_cutedsl,19.6606,19.6606,True
pro,256k,65539,1024,46,0.709,sglang_v2,11.5182,11.5182,True
pro,256k,65539,1024,46,0.709,flashinfer_topk,13.8733,13.8733,True
pro,512k,131075,1024,14,0.78,op26_r0auto,15.0783,15.0783,
pro,512k,131075,1024,14,0.78,radix_cutedsl,19.8557,19.8557,True
pro,512k,131075,1024,14,0.78,sglang_v2,11.8319,11.8319,True
pro,512k,131075,1024,14,0.78,flashinfer_topk,15.435,15.435,True
pro,512k,131075,1024,30,0.23,op26_r0auto,15.4125,15.4125,
pro,512k,131075,1024,30,0.23,radix_cutedsl,19.7822,19.7822,True
pro,512k,131075,1024,30,0.23,sglang_v2,11.3567,11.3567,True
pro,512k,131075,1024,30,0.23,flashinfer_topk,14.6989,14.6989,True
pro,512k,131075,1024,46,0.664,op26_r0auto,14.8848,14.8848,
pro,512k,131075,1024,46,0.664,radix_cutedsl,19.9965,19.9965,True
pro,512k,131075,1024,46,0.664,sglang_v2,12.0703,12.0703,True
pro,512k,131075,1024,46,0.664,flashinfer_topk,15.4207,15.4207,True
pro,1024k,262127,1024,14,0.71,op26_r0auto,19.3645,19.3645,
pro,1024k,262127,1024,14,0.71,radix_cutedsl,19.7757,19.7757,True
pro,1024k,262127,1024,14,0.71,sglang_v2,16.8735,16.8735,True
pro,1024k,262127,1024,14,0.71,flashinfer_topk,18.6077,18.6077,True
pro,1024k,262127,1024,30,0.267,op26_r0auto,19.3919,19.3919,
pro,1024k,262127,1024,30,0.267,radix_cutedsl,19.9342,19.9342,True
pro,1024k,262127,1024,30,0.267,sglang_v2,15.8861,15.8861,True
pro,1024k,262127,1024,30,0.267,flashinfer_topk,17.5646,17.5646,True
pro,1024k,262127,1024,46,0.64,op26_r0auto,20.1502,20.1502,
pro,1024k,262127,1024,46,0.64,radix_cutedsl,19.3662,19.3662,True
pro,1024k,262127,1024,46,0.64,sglang_v2,15.0413,15.0413,True
pro,1024k,262127,1024,46,0.64,flashinfer_topk,17.427,17.427,True
v32,4k,4111,2048,14,0.81,op26_r0auto,11.8095,11.8095,
v32,4k,4111,2048,14,0.81,radix_cutedsl,6.7215,6.7215,True
v32,4k,4111,2048,14,0.81,sglang_v2,7.4815,7.4815,True
v32,4k,4111,2048,14,0.81,flashinfer_topk,8.5231,8.5231,True
v32,4k,4111,2048,34,0.729,op26_r0auto,12.0015,12.0015,
v32,4k,4111,2048,34,0.729,radix_cutedsl,6.6526,6.6526,True
v32,4k,4111,2048,34,0.729,sglang_v2,6.4959,6.4959,True
v32,4k,4111,2048,34,0.729,flashinfer_topk,8.7135,8.7135,True
v32,4k,4111,2048,54,0.719,op26_r0auto,11.8477,11.8477,
v32,4k,4111,2048,54,0.719,radix_cutedsl,6.7326,6.7326,True
v32,4k,4111,2048,54,0.719,sglang_v2,7.1967,7.1967,True
v32,4k,4111,2048,54,0.719,flashinfer_topk,8.5807,8.5807,True
v32,8k,8207,2048,14,0.923,op26_r0auto,11.7742,11.7742,
v32,8k,8207,2048,14,0.923,radix_cutedsl,9.3727,9.3727,True
v32,8k,8207,2048,14,0.923,sglang_v2,6.92,6.92,True
v32,8k,8207,2048,14,0.923,flashinfer_topk,12.5678,12.5678,True
v32,8k,8207,2048,34,0.842,op26_r0auto,11.7663,11.7663,
v32,8k,8207,2048,34,0.842,radix_cutedsl,9.8206,9.8206,True
v32,8k,8207,2048,34,0.842,sglang_v2,7.8175,7.8175,True
v32,8k,8207,2048,34,0.842,flashinfer_topk,12.5566,12.5566,True
v32,8k,8207,2048,54,0.908,op26_r0auto,12.2175,12.2175,
v32,8k,8207,2048,54,0.908,radix_cutedsl,9.6783,9.6783,True
v32,8k,8207,2048,54,0.908,sglang_v2,8.6159,8.6159,True
v32,8k,8207,2048,54,0.908,flashinfer_topk,12.5439,12.5439,True
v32,16k,16399,2048,14,0.902,op26_r0auto,13.8479,13.8479,
v32,16k,16399,2048,14,0.902,radix_cutedsl,19.1838,19.1838,True
v32,16k,16399,2048,14,0.902,sglang_v2,11.7903,11.7903,True
v32,16k,16399,2048,14,0.902,flashinfer_topk,12.8719,12.8719,True
v32,16k,16399,2048,34,0.533,op26_r0auto,13.8446,13.8446,
v32,16k,16399,2048,34,0.533,radix_cutedsl,18.7791,18.7791,True
v32,16k,16399,2048,34,0.533,sglang_v2,10.8751,10.8751,True
v32,16k,16399,2048,34,0.533,flashinfer_topk,12.8799,12.8799,True
v32,16k,16399,2048,54,0.676,op26_r0auto,11.2815,11.2815,
v32,16k,16399,2048,54,0.676,radix_cutedsl,18.9582,18.9582,True
v32,16k,16399,2048,54,0.676,sglang_v2,11.392,11.392,True
v32,16k,16399,2048,54,0.676,flashinfer_topk,12.8334,12.8334,True
v32,32k,32783,2048,14,0.758,op26_r0auto,16.9965,16.9965,
v32,32k,32783,2048,14,0.758,radix_cutedsl,18.843,18.843,True
v32,32k,32783,2048,14,0.758,sglang_v2,10.875,10.875,True
v32,32k,32783,2048,14,0.758,flashinfer_topk,13.0895,13.0895,True
v32,32k,32783,2048,34,0.429,op26_r0auto,16.7583,16.7583,
v32,32k,32783,2048,34,0.429,radix_cutedsl,19.2174,19.2174,True
v32,32k,32783,2048,34,0.429,sglang_v2,10.9135,10.9135,True
v32,32k,32783,2048,34,0.429,flashinfer_topk,12.8526,12.8526,True
v32,32k,32783,2048,54,0.512,op26_r0auto,12.9999,12.9999,
v32,32k,32783,2048,54,0.512,radix_cutedsl,19.0622,19.0622,True
v32,32k,32783,2048,54,0.512,sglang_v2,10.7887,10.7887,True
v32,32k,32783,2048,54,0.512,flashinfer_topk,12.9935,12.9935,True
v32,64k,65551,2048,14,0.854,op26_r0auto,17.2238,17.2238,
v32,64k,65551,2048,14,0.854,radix_cutedsl,19.2062,19.2062,True
v32,64k,65551,2048,14,0.854,sglang_v2,10.2975,10.2975,True
v32,64k,65551,2048,14,0.854,flashinfer_topk,14.3758,14.3758,True
v32,64k,65551,2048,34,0.406,op26_r0auto,18.0254,18.0254,
v32,64k,65551,2048,34,0.406,radix_cutedsl,19.2926,19.2926,True
v32,64k,65551,2048,34,0.406,sglang_v2,12.163,12.163,True
v32,64k,65551,2048,34,0.406,flashinfer_topk,14.5678,14.5678,True
v32,64k,65551,2048,54,0.745,op26_r0auto,18.403,18.403,
v32,64k,65551,2048,54,0.745,radix_cutedsl,19.0446,19.0446,True
v32,64k,65551,2048,54,0.745,sglang_v2,12.0558,12.0558,True
v32,64k,65551,2048,54,0.745,flashinfer_topk,13.7278,13.7278,True
v32,128k,131087,2048,14,0.904,op26_r0auto,18.6445,18.6445,
v32,128k,131087,2048,14,0.904,radix_cutedsl,19.3998,19.3998,True
v32,128k,131087,2048,14,0.904,sglang_v2,15.0189,15.0189,True
v32,128k,131087,2048,14,0.904,flashinfer_topk,18.7693,18.7693,True
v32,128k,131087,2048,34,0.62,op26_r0auto,16.995,16.995,
v32,128k,131087,2048,34,0.62,radix_cutedsl,19.4958,19.4958,True
v32,128k,131087,2048,34,0.62,sglang_v2,14.8143,14.8143,True
v32,128k,131087,2048,34,0.62,flashinfer_topk,19.5662,19.5662,True
v32,128k,131087,2048,54,0.93,op26_r0auto,17.8526,17.8526,
v32,128k,131087,2048,54,0.93,radix_cutedsl,19.2335,19.2335,True
v32,128k,131087,2048,54,0.93,sglang_v2,15.1677,15.1677,True
v32,128k,131087,2048,54,0.93,flashinfer_topk,15.7598,15.7598,True
v32,256k,163775,2048,14,0.913,op26_r0auto,20.9422,20.9422,
v32,256k,163775,2048,14,0.913,radix_cutedsl,20.1166,20.1166,True
v32,256k,163775,2048,14,0.913,sglang_v2,15.9229,15.9229,True
v32,256k,163775,2048,14,0.913,flashinfer_topk,21.5501,21.5501,True
v32,256k,163775,2048,34,0.865,op26_r0auto,18.9822,18.9822,
v32,256k,163775,2048,34,0.865,radix_cutedsl,19.7517,19.7517,True
v32,256k,163775,2048,34,0.865,sglang_v2,14.4735,14.4735,True
v32,256k,163775,2048,34,0.865,flashinfer_topk,16.8301,16.8301,True
v32,256k,163775,2048,54,0.865,op26_r0auto,18.171,18.171,
v32,256k,163775,2048,54,0.865,radix_cutedsl,19.8894,19.8894,True
v32,256k,163775,2048,54,0.865,sglang_v2,14.7677,14.7677,True
v32,256k,163775,2048,54,0.865,flashinfer_topk,17.7357,17.7357,True
