uuid,model,cs,N,K,band,base_us
flash_1024k_L02,flash,8,262127,512,32k-1M,19.674
flash_1024k_L04,flash,8,262127,512,32k-1M,18.622
flash_1024k_L06,flash,8,262127,512,32k-1M,18.648
flash_1024k_L08,flash,8,262127,512,32k-1M,19.098
flash_1024k_L10,flash,8,262127,512,32k-1M,18.547
flash_1024k_L12,flash,8,262127,512,32k-1M,18.981
flash_1024k_L14,flash,8,262127,512,32k-1M,18.832
flash_1024k_L16,flash,8,262127,512,32k-1M,19.45
flash_1024k_L18,flash,8,262127,512,32k-1M,18.65
flash_1024k_L20,flash,8,262127,512,32k-1M,20.021
flash_1024k_L22,flash,8,262127,512,32k-1M,18.474
flash_1024k_L24,flash,8,262127,512,32k-1M,20.256
flash_1024k_L26,flash,8,262127,512,32k-1M,19.232
flash_1024k_L28,flash,8,262127,512,32k-1M,18.89
flash_1024k_L30,flash,8,262127,512,32k-1M,19.222
flash_1024k_L32,flash,8,262127,512,32k-1M,22.243
flash_1024k_L34,flash,8,262127,512,32k-1M,19.649
flash_1024k_L36,flash,8,262127,512,32k-1M,18.459
flash_1024k_L38,flash,8,262127,512,32k-1M,19.107
flash_1024k_L40,flash,8,262127,512,32k-1M,18.546
flash_1024k_L42,flash,8,262127,512,32k-1M,18.608
flash_128k_L02,flash,1,32771,512,32k-1M,13.222
flash_128k_L04,flash,1,32771,512,32k-1M,12.384
flash_128k_L06,flash,1,32771,512,32k-1M,12.95
flash_128k_L08,flash,1,32771,512,32k-1M,12.528
flash_128k_L10,flash,1,32771,512,32k-1M,13.437
flash_128k_L12,flash,1,32771,512,32k-1M,13.09
flash_128k_L14,flash,1,32771,512,32k-1M,12.957
flash_128k_L16,flash,1,32771,512,32k-1M,13.112
flash_128k_L18,flash,1,32771,512,32k-1M,12.928
flash_128k_L20,flash,1,32771,512,32k-1M,12.502
flash_128k_L22,flash,1,32771,512,32k-1M,12.667
flash_128k_L24,flash,1,32771,512,32k-1M,13.182
flash_128k_L26,flash,1,32771,512,32k-1M,12.435
flash_128k_L28,flash,1,32771,512,32k-1M,14.482
flash_128k_L30,flash,1,32771,512,32k-1M,12.467
flash_128k_L32,flash,1,32771,512,32k-1M,13.771
flash_128k_L34,flash,1,32771,512,32k-1M,12.53
flash_128k_L36,flash,1,32771,512,32k-1M,14.094
flash_128k_L38,flash,1,32771,512,32k-1M,12.691
flash_128k_L40,flash,1,32771,512,32k-1M,12.771
flash_128k_L42,flash,1,32771,512,32k-1M,17.629
flash_16k_L02,flash,1,4099,512,4k-32k,8.786
flash_16k_L04,flash,1,4099,512,4k-32k,8.382
flash_16k_L06,flash,1,4099,512,4k-32k,8.722
flash_16k_L08,flash,1,4099,512,4k-32k,8.605
flash_16k_L10,flash,1,4099,512,4k-32k,8.587
flash_16k_L12,flash,1,4099,512,4k-32k,8.602
flash_16k_L14,flash,1,4099,512,4k-32k,8.774
flash_16k_L16,flash,1,4099,512,4k-32k,8.624
flash_16k_L18,flash,1,4099,512,4k-32k,9.422
flash_16k_L20,flash,1,4099,512,4k-32k,8.437
flash_16k_L22,flash,1,4099,512,4k-32k,8.389
flash_16k_L24,flash,1,4099,512,4k-32k,8.83
flash_16k_L26,flash,1,4099,512,4k-32k,8.61
flash_16k_L28,flash,1,4099,512,4k-32k,8.555
flash_16k_L30,flash,1,4099,512,4k-32k,8.877
flash_16k_L32,flash,1,4099,512,4k-32k,8.661
flash_16k_L34,flash,1,4099,512,4k-32k,8.536
flash_16k_L36,flash,1,4099,512,4k-32k,9.728
flash_16k_L38,flash,1,4099,512,4k-32k,8.786
flash_16k_L40,flash,1,4099,512,4k-32k,8.49
flash_16k_L42,flash,1,4099,512,4k-32k,8.317
flash_256k_L02,flash,4,65538,512,32k-1M,14.458
flash_256k_L04,flash,4,65538,512,32k-1M,15.626
flash_256k_L06,flash,4,65538,512,32k-1M,13.87
flash_256k_L08,flash,4,65538,512,32k-1M,15.61
flash_256k_L10,flash,4,65538,512,32k-1M,14.824
flash_256k_L12,flash,4,65538,512,32k-1M,17.184
flash_256k_L14,flash,4,65538,512,32k-1M,15.434
flash_256k_L16,flash,4,65538,512,32k-1M,14.259
flash_256k_L18,flash,4,65538,512,32k-1M,13.566
flash_256k_L20,flash,4,65538,512,32k-1M,13.981
flash_256k_L22,flash,4,65538,512,32k-1M,14.251
flash_256k_L24,flash,4,65538,512,32k-1M,19.776
flash_256k_L26,flash,4,65538,512,32k-1M,15.23
flash_256k_L28,flash,4,65538,512,32k-1M,16.28
flash_256k_L30,flash,4,65538,512,32k-1M,14.915
flash_256k_L32,flash,4,65538,512,32k-1M,17.373
flash_256k_L34,flash,4,65538,512,32k-1M,13.813
flash_256k_L36,flash,4,65538,512,32k-1M,13.534
flash_256k_L38,flash,4,65538,512,32k-1M,15.325
flash_256k_L40,flash,4,65538,512,32k-1M,14.194
flash_256k_L42,flash,4,65538,512,32k-1M,13.806
flash_32k_L02,flash,1,8195,512,32k-1M,9.701
flash_32k_L04,flash,1,8195,512,32k-1M,9.6
flash_32k_L06,flash,1,8195,512,32k-1M,11.032
flash_32k_L08,flash,1,8195,512,32k-1M,9.562
flash_32k_L10,flash,1,8195,512,32k-1M,9.624
flash_32k_L12,flash,1,8195,512,32k-1M,9.878
flash_32k_L14,flash,1,8195,512,32k-1M,9.648
flash_32k_L16,flash,1,8195,512,32k-1M,9.928
flash_32k_L18,flash,1,8195,512,32k-1M,9.582
flash_32k_L20,flash,1,8195,512,32k-1M,9.566
flash_32k_L22,flash,1,8195,512,32k-1M,9.741
flash_32k_L24,flash,1,8195,512,32k-1M,9.552
flash_32k_L26,flash,1,8195,512,32k-1M,9.658
flash_32k_L28,flash,1,8195,512,32k-1M,11.371
flash_32k_L30,flash,1,8195,512,32k-1M,9.458
flash_32k_L32,flash,1,8195,512,32k-1M,9.744
flash_32k_L34,flash,1,8195,512,32k-1M,9.642
flash_32k_L36,flash,1,8195,512,32k-1M,10.813
flash_32k_L38,flash,1,8195,512,32k-1M,9.594
flash_32k_L40,flash,1,8195,512,32k-1M,9.643
flash_32k_L42,flash,1,8195,512,32k-1M,11.104
flash_4k_L02,flash,1,1027,512,4k-32k,9.926
flash_4k_L04,flash,1,1027,512,4k-32k,9.293
flash_4k_L06,flash,1,1027,512,4k-32k,5.328
flash_4k_L08,flash,1,1027,512,4k-32k,8.304
flash_4k_L10,flash,1,1027,512,4k-32k,8.302
flash_4k_L12,flash,1,1027,512,4k-32k,8.413
flash_4k_L14,flash,1,1027,512,4k-32k,8.435
flash_4k_L16,flash,1,1027,512,4k-32k,8.472
flash_4k_L18,flash,1,1027,512,4k-32k,8.326
flash_4k_L20,flash,1,1027,512,4k-32k,8.403
flash_4k_L22,flash,1,1027,512,4k-32k,8.245
flash_4k_L24,flash,1,1027,512,4k-32k,8.371
flash_4k_L26,flash,1,1027,512,4k-32k,8.402
flash_4k_L28,flash,1,1027,512,4k-32k,8.328
flash_4k_L30,flash,1,1027,512,4k-32k,8.314
flash_4k_L32,flash,1,1027,512,4k-32k,8.283
flash_4k_L34,flash,1,1027,512,4k-32k,8.312
flash_4k_L36,flash,1,1027,512,4k-32k,9.626
flash_4k_L38,flash,1,1027,512,4k-32k,8.349
flash_4k_L40,flash,1,1027,512,4k-32k,8.222
flash_4k_L42,flash,1,1027,512,4k-32k,9.35
flash_512k_L02,flash,8,131075,512,32k-1M,15.014
flash_512k_L04,flash,8,131075,512,32k-1M,14.662
flash_512k_L06,flash,8,131075,512,32k-1M,14.608
flash_512k_L08,flash,8,131075,512,32k-1M,14.614
flash_512k_L10,flash,8,131075,512,32k-1M,14.544
flash_512k_L12,flash,8,131075,512,32k-1M,14.696
flash_512k_L14,flash,8,131075,512,32k-1M,15.478
flash_512k_L16,flash,8,131075,512,32k-1M,15.31
flash_512k_L18,flash,8,131075,512,32k-1M,21.08
flash_512k_L20,flash,8,131075,512,32k-1M,15.158
flash_512k_L22,flash,8,131075,512,32k-1M,20.834
flash_512k_L24,flash,8,131075,512,32k-1M,21.493
flash_512k_L26,flash,8,131075,512,32k-1M,15.162
flash_512k_L28,flash,8,131075,512,32k-1M,17.934
flash_512k_L30,flash,8,131075,512,32k-1M,20.987
flash_512k_L32,flash,8,131075,512,32k-1M,17.093
flash_512k_L34,flash,8,131075,512,32k-1M,15.154
flash_512k_L36,flash,8,131075,512,32k-1M,15.637
flash_512k_L38,flash,8,131075,512,32k-1M,17.709
flash_512k_L40,flash,8,131075,512,32k-1M,16.595
flash_512k_L42,flash,8,131075,512,32k-1M,14.994
flash_64k_L02,flash,1,16387,512,32k-1M,10.39
flash_64k_L04,flash,1,16387,512,32k-1M,9.922
flash_64k_L06,flash,1,16387,512,32k-1M,10.053
flash_64k_L08,flash,1,16387,512,32k-1M,10.137
flash_64k_L10,flash,1,16387,512,32k-1M,10.504
flash_64k_L12,flash,1,16387,512,32k-1M,10.29
flash_64k_L14,flash,1,16387,512,32k-1M,10.073
flash_64k_L16,flash,1,16387,512,32k-1M,10.394
flash_64k_L18,flash,1,16387,512,32k-1M,9.998
flash_64k_L20,flash,1,16387,512,32k-1M,10.8
flash_64k_L22,flash,1,16387,512,32k-1M,12.155
flash_64k_L24,flash,1,16387,512,32k-1M,12.979
flash_64k_L26,flash,1,16387,512,32k-1M,11.274
flash_64k_L28,flash,1,16387,512,32k-1M,11.213
flash_64k_L30,flash,1,16387,512,32k-1M,10.266
flash_64k_L32,flash,1,16387,512,32k-1M,11.258
flash_64k_L34,flash,1,16387,512,32k-1M,10.605
flash_64k_L36,flash,1,16387,512,32k-1M,9.821
flash_64k_L38,flash,1,16387,512,32k-1M,9.965
flash_64k_L40,flash,1,16387,512,32k-1M,10.885
flash_64k_L42,flash,1,16387,512,32k-1M,10.014
flash_8k_L02,flash,1,2051,512,4k-32k,8.885
flash_8k_L04,flash,1,2051,512,4k-32k,8.504
flash_8k_L06,flash,1,2051,512,4k-32k,8.653
flash_8k_L08,flash,1,2051,512,4k-32k,8.56
flash_8k_L10,flash,1,2051,512,4k-32k,8.502
flash_8k_L12,flash,1,2051,512,4k-32k,8.949
flash_8k_L14,flash,1,2051,512,4k-32k,8.558
flash_8k_L16,flash,1,2051,512,4k-32k,8.923
flash_8k_L18,flash,1,2051,512,4k-32k,8.907
flash_8k_L20,flash,1,2051,512,4k-32k,9.206
flash_8k_L22,flash,1,2051,512,4k-32k,8.638
flash_8k_L24,flash,1,2051,512,4k-32k,9.014
flash_8k_L26,flash,1,2051,512,4k-32k,8.563
flash_8k_L28,flash,1,2051,512,4k-32k,8.974
flash_8k_L30,flash,1,2051,512,4k-32k,8.91
flash_8k_L32,flash,1,2051,512,4k-32k,8.71
flash_8k_L34,flash,1,2051,512,4k-32k,8.61
flash_8k_L36,flash,1,2051,512,4k-32k,8.701
flash_8k_L38,flash,1,2051,512,4k-32k,8.848
flash_8k_L40,flash,1,2051,512,4k-32k,9.054
flash_8k_L42,flash,1,2051,512,4k-32k,8.666
pro_1024k_L02,pro,8,262127,1024,32k-1M,23.31
pro_1024k_L04,pro,8,262127,1024,32k-1M,24.571
pro_1024k_L06,pro,8,262127,1024,32k-1M,24.286
pro_1024k_L08,pro,8,262127,1024,32k-1M,25.389
pro_1024k_L10,pro,8,262127,1024,32k-1M,26.56
pro_1024k_L12,pro,8,262127,1024,32k-1M,19.544
pro_1024k_L14,pro,8,262127,1024,32k-1M,19.688
pro_1024k_L16,pro,8,262127,1024,32k-1M,21.254
pro_1024k_L18,pro,8,262127,1024,32k-1M,19.886
pro_1024k_L20,pro,8,262127,1024,32k-1M,19.824
pro_1024k_L22,pro,8,262127,1024,32k-1M,21.083
pro_1024k_L24,pro,8,262127,1024,32k-1M,20.152
pro_1024k_L26,pro,8,262127,1024,32k-1M,22.557
pro_1024k_L28,pro,8,262127,1024,32k-1M,20.346
pro_1024k_L30,pro,8,262127,1024,32k-1M,20.221
pro_1024k_L32,pro,8,262127,1024,32k-1M,19.731
pro_1024k_L34,pro,8,262127,1024,32k-1M,20.011
pro_1024k_L36,pro,8,262127,1024,32k-1M,28.154
pro_1024k_L38,pro,8,262127,1024,32k-1M,19.226
pro_1024k_L40,pro,8,262127,1024,32k-1M,29.221
pro_1024k_L42,pro,8,262127,1024,32k-1M,22.038
pro_1024k_L44,pro,8,262127,1024,32k-1M,22.341
pro_1024k_L46,pro,8,262127,1024,32k-1M,21.03
pro_1024k_L48,pro,8,262127,1024,32k-1M,28.15
pro_1024k_L50,pro,8,262127,1024,32k-1M,19.427
pro_1024k_L52,pro,8,262127,1024,32k-1M,20.634
pro_1024k_L54,pro,8,262127,1024,32k-1M,20.378
pro_1024k_L56,pro,8,262127,1024,32k-1M,20.498
pro_1024k_L58,pro,8,262127,1024,32k-1M,19.901
pro_1024k_L60,pro,8,262127,1024,32k-1M,25.872
pro_128k_L02,pro,1,32771,1024,32k-1M,15.19
pro_128k_L04,pro,1,32771,1024,32k-1M,13.614
pro_128k_L06,pro,1,32771,1024,32k-1M,16.803
pro_128k_L08,pro,1,32771,1024,32k-1M,15.669
pro_128k_L10,pro,1,32771,1024,32k-1M,16.315
pro_128k_L12,pro,1,32771,1024,32k-1M,13.416
pro_128k_L14,pro,1,32771,1024,32k-1M,13.224
pro_128k_L16,pro,1,32771,1024,32k-1M,13.861
pro_128k_L18,pro,1,32771,1024,32k-1M,13.69
pro_128k_L20,pro,1,32771,1024,32k-1M,13.459
pro_128k_L22,pro,1,32771,1024,32k-1M,14.594
pro_128k_L24,pro,1,32771,1024,32k-1M,13.846
pro_128k_L26,pro,1,32771,1024,32k-1M,14.674
pro_128k_L28,pro,1,32771,1024,32k-1M,13.632
pro_128k_L30,pro,1,32771,1024,32k-1M,13.59
pro_128k_L32,pro,1,32771,1024,32k-1M,15.042
pro_128k_L34,pro,1,32771,1024,32k-1M,14.168
pro_128k_L36,pro,1,32771,1024,32k-1M,13.506
pro_128k_L38,pro,1,32771,1024,32k-1M,14.654
pro_128k_L40,pro,1,32771,1024,32k-1M,13.224
pro_128k_L42,pro,1,32771,1024,32k-1M,15.637
pro_128k_L44,pro,1,32771,1024,32k-1M,13.549
pro_128k_L46,pro,1,32771,1024,32k-1M,14.408
pro_128k_L48,pro,1,32771,1024,32k-1M,13.613
pro_128k_L50,pro,1,32771,1024,32k-1M,14.098
pro_128k_L52,pro,1,32771,1024,32k-1M,14.961
pro_128k_L54,pro,1,32771,1024,32k-1M,13.531
pro_128k_L56,pro,1,32771,1024,32k-1M,15.173
pro_128k_L58,pro,1,32771,1024,32k-1M,13.792
pro_128k_L60,pro,1,32771,1024,32k-1M,13.422
pro_16k_L02,pro,1,4099,1024,4k-32k,10.179
pro_16k_L04,pro,1,4099,1024,4k-32k,9.928
pro_16k_L06,pro,1,4099,1024,4k-32k,9.71
pro_16k_L08,pro,1,4099,1024,4k-32k,12.499
pro_16k_L10,pro,1,4099,1024,4k-32k,12.389
pro_16k_L12,pro,1,4099,1024,4k-32k,9.699
pro_16k_L14,pro,1,4099,1024,4k-32k,9.797
pro_16k_L16,pro,1,4099,1024,4k-32k,9.539
pro_16k_L18,pro,1,4099,1024,4k-32k,9.55
pro_16k_L20,pro,1,4099,1024,4k-32k,9.565
pro_16k_L22,pro,1,4099,1024,4k-32k,9.894
pro_16k_L24,pro,1,4099,1024,4k-32k,9.822
pro_16k_L26,pro,1,4099,1024,4k-32k,9.584
pro_16k_L28,pro,1,4099,1024,4k-32k,9.606
pro_16k_L30,pro,1,4099,1024,4k-32k,9.878
pro_16k_L32,pro,1,4099,1024,4k-32k,9.779
pro_16k_L34,pro,1,4099,1024,4k-32k,9.563
pro_16k_L36,pro,1,4099,1024,4k-32k,9.773
pro_16k_L38,pro,1,4099,1024,4k-32k,11.928
pro_16k_L40,pro,1,4099,1024,4k-32k,12.43
pro_16k_L42,pro,1,4099,1024,4k-32k,12.157
pro_16k_L44,pro,1,4099,1024,4k-32k,12.456
pro_16k_L46,pro,1,4099,1024,4k-32k,9.698
pro_16k_L48,pro,1,4099,1024,4k-32k,9.693
pro_16k_L50,pro,1,4099,1024,4k-32k,12.141
pro_16k_L52,pro,1,4099,1024,4k-32k,12.693
pro_16k_L54,pro,1,4099,1024,4k-32k,12.419
pro_16k_L56,pro,1,4099,1024,4k-32k,12.733
pro_16k_L58,pro,1,4099,1024,4k-32k,11.963
pro_16k_L60,pro,1,4099,1024,4k-32k,12.757
pro_256k_L02,pro,4,65539,1024,32k-1M,17.112
pro_256k_L04,pro,4,65539,1024,32k-1M,18.426
pro_256k_L06,pro,4,65539,1024,32k-1M,17.018
pro_256k_L08,pro,4,65539,1024,32k-1M,17.984
pro_256k_L10,pro,4,65539,1024,32k-1M,19.03
pro_256k_L12,pro,4,65539,1024,32k-1M,14.528
pro_256k_L14,pro,4,65539,1024,32k-1M,14.611
pro_256k_L16,pro,4,65539,1024,32k-1M,15.48
pro_256k_L18,pro,4,65539,1024,32k-1M,15.195
pro_256k_L20,pro,4,65539,1024,32k-1M,14.677
pro_256k_L22,pro,4,65539,1024,32k-1M,14.152
pro_256k_L24,pro,4,65539,1024,32k-1M,15.874
pro_256k_L26,pro,4,65539,1024,32k-1M,16.554
pro_256k_L28,pro,4,65539,1024,32k-1M,15.411
pro_256k_L30,pro,4,65539,1024,32k-1M,15.134
pro_256k_L32,pro,4,65539,1024,32k-1M,16.384
pro_256k_L34,pro,4,65539,1024,32k-1M,16.867
pro_256k_L36,pro,4,65539,1024,32k-1M,14.339
pro_256k_L38,pro,4,65539,1024,32k-1M,16.267
pro_256k_L40,pro,4,65539,1024,32k-1M,17.032
pro_256k_L42,pro,4,65539,1024,32k-1M,14.181
pro_256k_L44,pro,4,65539,1024,32k-1M,16.57
pro_256k_L46,pro,4,65539,1024,32k-1M,14.752
pro_256k_L48,pro,4,65539,1024,32k-1M,17.977
pro_256k_L50,pro,4,65539,1024,32k-1M,16.448
pro_256k_L52,pro,4,65539,1024,32k-1M,17.053
pro_256k_L54,pro,4,65539,1024,32k-1M,14.6
pro_256k_L56,pro,4,65539,1024,32k-1M,16.131
pro_256k_L58,pro,4,65539,1024,32k-1M,14.613
pro_256k_L60,pro,4,65539,1024,32k-1M,14.314
pro_32k_L02,pro,1,8195,1024,32k-1M,11.27
pro_32k_L04,pro,1,8195,1024,32k-1M,12.456
pro_32k_L06,pro,1,8195,1024,32k-1M,12.254
pro_32k_L08,pro,1,8195,1024,32k-1M,12.162
pro_32k_L10,pro,1,8195,1024,32k-1M,12.67
pro_32k_L12,pro,1,8195,1024,32k-1M,9.862
pro_32k_L14,pro,1,8195,1024,32k-1M,12.333
pro_32k_L16,pro,1,8195,1024,32k-1M,10.213
pro_32k_L18,pro,1,8195,1024,32k-1M,10.254
pro_32k_L20,pro,1,8195,1024,32k-1M,9.709
pro_32k_L22,pro,1,8195,1024,32k-1M,10.629
pro_32k_L24,pro,1,8195,1024,32k-1M,9.955
pro_32k_L26,pro,1,8195,1024,32k-1M,11.117
pro_32k_L28,pro,1,8195,1024,32k-1M,10.083
pro_32k_L30,pro,1,8195,1024,32k-1M,11.069
pro_32k_L32,pro,1,8195,1024,32k-1M,11.352
pro_32k_L34,pro,1,8195,1024,32k-1M,9.715
pro_32k_L36,pro,1,8195,1024,32k-1M,10.877
pro_32k_L38,pro,1,8195,1024,32k-1M,10.298
pro_32k_L40,pro,1,8195,1024,32k-1M,11.211
pro_32k_L42,pro,1,8195,1024,32k-1M,10.648
pro_32k_L44,pro,1,8195,1024,32k-1M,10.066
pro_32k_L46,pro,1,8195,1024,32k-1M,9.805
pro_32k_L48,pro,1,8195,1024,32k-1M,10.688
pro_32k_L50,pro,1,8195,1024,32k-1M,9.853
pro_32k_L52,pro,1,8195,1024,32k-1M,10.114
pro_32k_L54,pro,1,8195,1024,32k-1M,9.634
pro_32k_L56,pro,1,8195,1024,32k-1M,10.07
pro_32k_L58,pro,1,8195,1024,32k-1M,9.677
pro_32k_L60,pro,1,8195,1024,32k-1M,12.744
pro_4k_L02,pro,1,1027,1024,4k-32k,6.275
pro_4k_L04,pro,1,1027,1024,4k-32k,10.853
pro_4k_L06,pro,1,1027,1024,4k-32k,10.758
pro_4k_L08,pro,1,1027,1024,4k-32k,11.203
pro_4k_L10,pro,1,1027,1024,4k-32k,10.725
pro_4k_L12,pro,1,1027,1024,4k-32k,10.915
pro_4k_L14,pro,1,1027,1024,4k-32k,10.67
pro_4k_L16,pro,1,1027,1024,4k-32k,6.467
pro_4k_L18,pro,1,1027,1024,4k-32k,10.682
pro_4k_L20,pro,1,1027,1024,4k-32k,10.926
pro_4k_L22,pro,1,1027,1024,4k-32k,10.666
pro_4k_L24,pro,1,1027,1024,4k-32k,10.899
pro_4k_L26,pro,1,1027,1024,4k-32k,10.72
pro_4k_L28,pro,1,1027,1024,4k-32k,10.947
pro_4k_L30,pro,1,1027,1024,4k-32k,10.723
pro_4k_L32,pro,1,1027,1024,4k-32k,10.856
pro_4k_L34,pro,1,1027,1024,4k-32k,10.706
pro_4k_L36,pro,1,1027,1024,4k-32k,10.866
pro_4k_L38,pro,1,1027,1024,4k-32k,10.638
pro_4k_L40,pro,1,1027,1024,4k-32k,10.96
pro_4k_L42,pro,1,1027,1024,4k-32k,10.739
pro_4k_L44,pro,1,1027,1024,4k-32k,11.022
pro_4k_L46,pro,1,1027,1024,4k-32k,10.667
pro_4k_L48,pro,1,1027,1024,4k-32k,11.093
pro_4k_L50,pro,1,1027,1024,4k-32k,10.826
pro_4k_L52,pro,1,1027,1024,4k-32k,10.922
pro_4k_L54,pro,1,1027,1024,4k-32k,10.646
pro_4k_L56,pro,1,1027,1024,4k-32k,10.893
pro_4k_L58,pro,1,1027,1024,4k-32k,10.725
pro_4k_L60,pro,1,1027,1024,4k-32k,10.88
pro_512k_L02,pro,8,131075,1024,32k-1M,18.835
pro_512k_L04,pro,8,131075,1024,32k-1M,22.005
pro_512k_L06,pro,8,131075,1024,32k-1M,19.285
pro_512k_L08,pro,8,131075,1024,32k-1M,20.011
pro_512k_L10,pro,8,131075,1024,32k-1M,21.171
pro_512k_L12,pro,8,131075,1024,32k-1M,21.683
pro_512k_L14,pro,8,131075,1024,32k-1M,15.699
pro_512k_L16,pro,8,131075,1024,32k-1M,17.773
pro_512k_L18,pro,8,131075,1024,32k-1M,16.194
pro_512k_L20,pro,8,131075,1024,32k-1M,15.918
pro_512k_L22,pro,8,131075,1024,32k-1M,15.77
pro_512k_L24,pro,8,131075,1024,32k-1M,17.037
pro_512k_L26,pro,8,131075,1024,32k-1M,17.646
pro_512k_L28,pro,8,131075,1024,32k-1M,17.144
pro_512k_L30,pro,8,131075,1024,32k-1M,17.59
pro_512k_L32,pro,8,131075,1024,32k-1M,15.798
pro_512k_L34,pro,8,131075,1024,32k-1M,16.611
pro_512k_L36,pro,8,131075,1024,32k-1M,16.493
pro_512k_L38,pro,8,131075,1024,32k-1M,17.24
pro_512k_L40,pro,8,131075,1024,32k-1M,15.83
pro_512k_L42,pro,8,131075,1024,32k-1M,17.006
pro_512k_L44,pro,8,131075,1024,32k-1M,17.733
pro_512k_L46,pro,8,131075,1024,32k-1M,16.173
pro_512k_L48,pro,8,131075,1024,32k-1M,17.08
pro_512k_L50,pro,8,131075,1024,32k-1M,16.021
pro_512k_L52,pro,8,131075,1024,32k-1M,16.314
pro_512k_L54,pro,8,131075,1024,32k-1M,16.202
pro_512k_L56,pro,8,131075,1024,32k-1M,15.957
pro_512k_L58,pro,8,131075,1024,32k-1M,15.501
pro_512k_L60,pro,8,131075,1024,32k-1M,21.216
pro_64k_L02,pro,1,16387,1024,32k-1M,11.547
pro_64k_L04,pro,1,16387,1024,32k-1M,11.04
pro_64k_L06,pro,1,16387,1024,32k-1M,11.088
pro_64k_L08,pro,1,16387,1024,32k-1M,10.917
pro_64k_L10,pro,1,16387,1024,32k-1M,11.387
pro_64k_L12,pro,1,16387,1024,32k-1M,11.794
pro_64k_L14,pro,1,16387,1024,32k-1M,12.184
pro_64k_L16,pro,1,16387,1024,32k-1M,12.109
pro_64k_L18,pro,1,16387,1024,32k-1M,12.955
pro_64k_L20,pro,1,16387,1024,32k-1M,11.675
pro_64k_L22,pro,1,16387,1024,32k-1M,13.542
pro_64k_L24,pro,1,16387,1024,32k-1M,11.235
pro_64k_L26,pro,1,16387,1024,32k-1M,13.835
pro_64k_L28,pro,1,16387,1024,32k-1M,11.474
pro_64k_L30,pro,1,16387,1024,32k-1M,11.784
pro_64k_L32,pro,1,16387,1024,32k-1M,10.915
pro_64k_L34,pro,1,16387,1024,32k-1M,11.811
pro_64k_L36,pro,1,16387,1024,32k-1M,12.741
pro_64k_L38,pro,1,16387,1024,32k-1M,12.104
pro_64k_L40,pro,1,16387,1024,32k-1M,11.45
pro_64k_L42,pro,1,16387,1024,32k-1M,13.173
pro_64k_L44,pro,1,16387,1024,32k-1M,13.182
pro_64k_L46,pro,1,16387,1024,32k-1M,12.851
pro_64k_L48,pro,1,16387,1024,32k-1M,11.8
pro_64k_L50,pro,1,16387,1024,32k-1M,11.045
pro_64k_L52,pro,1,16387,1024,32k-1M,11.07
pro_64k_L54,pro,1,16387,1024,32k-1M,12.19
pro_64k_L56,pro,1,16387,1024,32k-1M,12.082
pro_64k_L58,pro,1,16387,1024,32k-1M,11.859
pro_64k_L60,pro,1,16387,1024,32k-1M,11.218
pro_8k_L02,pro,1,2051,1024,4k-32k,9.973
pro_8k_L04,pro,1,2051,1024,4k-32k,10.083
pro_8k_L06,pro,1,2051,1024,4k-32k,9.846
pro_8k_L08,pro,1,2051,1024,4k-32k,9.946
pro_8k_L10,pro,1,2051,1024,4k-32k,10.029
pro_8k_L12,pro,1,2051,1024,4k-32k,8.2
pro_8k_L14,pro,1,2051,1024,4k-32k,7.922
pro_8k_L16,pro,1,2051,1024,4k-32k,8.141
pro_8k_L18,pro,1,2051,1024,4k-32k,8.147
pro_8k_L20,pro,1,2051,1024,4k-32k,10.326
pro_8k_L22,pro,1,2051,1024,4k-32k,8.16
pro_8k_L24,pro,1,2051,1024,4k-32k,8.256
pro_8k_L26,pro,1,2051,1024,4k-32k,8.416
pro_8k_L28,pro,1,2051,1024,4k-32k,8.627
pro_8k_L30,pro,1,2051,1024,4k-32k,8.342
pro_8k_L32,pro,1,2051,1024,4k-32k,9.379
pro_8k_L34,pro,1,2051,1024,4k-32k,8.406
pro_8k_L36,pro,1,2051,1024,4k-32k,8.536
pro_8k_L38,pro,1,2051,1024,4k-32k,8.048
pro_8k_L40,pro,1,2051,1024,4k-32k,8.141
pro_8k_L42,pro,1,2051,1024,4k-32k,8.381
pro_8k_L44,pro,1,2051,1024,4k-32k,8.542
pro_8k_L46,pro,1,2051,1024,4k-32k,8.582
pro_8k_L48,pro,1,2051,1024,4k-32k,8.451
pro_8k_L50,pro,1,2051,1024,4k-32k,8.107
pro_8k_L52,pro,1,2051,1024,4k-32k,8.282
pro_8k_L54,pro,1,2051,1024,4k-32k,8.186
pro_8k_L56,pro,1,2051,1024,4k-32k,8.123
pro_8k_L58,pro,1,2051,1024,4k-32k,10.269
pro_8k_L60,pro,1,2051,1024,4k-32k,9.896
v32_128k_L03,v32,8,131087,2048,32k-1M,19.115
v32_128k_L04,v32,8,131087,2048,32k-1M,18.414
v32_128k_L05,v32,8,131087,2048,32k-1M,18.617
v32_128k_L06,v32,8,131087,2048,32k-1M,18.621
v32_128k_L07,v32,8,131087,2048,32k-1M,17.728
v32_128k_L08,v32,8,131087,2048,32k-1M,25.086
v32_128k_L09,v32,8,131087,2048,32k-1M,18.454
v32_128k_L10,v32,8,131087,2048,32k-1M,18.393
v32_128k_L11,v32,8,131087,2048,32k-1M,17.734
v32_128k_L12,v32,8,131087,2048,32k-1M,24.67
v32_128k_L13,v32,8,131087,2048,32k-1M,25.781
v32_128k_L14,v32,8,131087,2048,32k-1M,18.31
v32_128k_L15,v32,8,131087,2048,32k-1M,18.838
v32_128k_L16,v32,8,131087,2048,32k-1M,17.95
v32_128k_L17,v32,8,131087,2048,32k-1M,20.493
v32_128k_L18,v32,8,131087,2048,32k-1M,24.634
v32_128k_L19,v32,8,131087,2048,32k-1M,18.037
v32_128k_L20,v32,8,131087,2048,32k-1M,18.229
v32_128k_L21,v32,8,131087,2048,32k-1M,18.818
v32_128k_L22,v32,8,131087,2048,32k-1M,24.741
v32_128k_L23,v32,8,131087,2048,32k-1M,18.798
v32_128k_L24,v32,8,131087,2048,32k-1M,19.637
v32_128k_L25,v32,8,131087,2048,32k-1M,19.48
v32_128k_L26,v32,8,131087,2048,32k-1M,21.237
v32_128k_L27,v32,8,131087,2048,32k-1M,20.542
v32_128k_L28,v32,8,131087,2048,32k-1M,20.893
v32_128k_L29,v32,8,131087,2048,32k-1M,20.706
v32_128k_L30,v32,8,131087,2048,32k-1M,20.555
v32_128k_L31,v32,8,131087,2048,32k-1M,17.976
v32_128k_L32,v32,8,131087,2048,32k-1M,18.475
v32_128k_L33,v32,8,131087,2048,32k-1M,19.304
v32_128k_L34,v32,8,131087,2048,32k-1M,18.378
v32_128k_L35,v32,8,131087,2048,32k-1M,19.931
v32_128k_L36,v32,8,131087,2048,32k-1M,25.475
v32_128k_L37,v32,8,131087,2048,32k-1M,18.104
v32_128k_L38,v32,8,131087,2048,32k-1M,18.224
v32_128k_L39,v32,8,131087,2048,32k-1M,18.406
v32_128k_L40,v32,8,131087,2048,32k-1M,18.088
v32_128k_L41,v32,8,131087,2048,32k-1M,19.214
v32_128k_L42,v32,8,131087,2048,32k-1M,18.309
v32_128k_L43,v32,8,131087,2048,32k-1M,18.773
v32_128k_L44,v32,8,131087,2048,32k-1M,26.024
v32_128k_L45,v32,8,131087,2048,32k-1M,24.699
v32_128k_L46,v32,8,131087,2048,32k-1M,18.549
v32_128k_L47,v32,8,131087,2048,32k-1M,18.926
v32_128k_L48,v32,8,131087,2048,32k-1M,18.414
v32_128k_L49,v32,8,131087,2048,32k-1M,25.115
v32_128k_L50,v32,8,131087,2048,32k-1M,19.402
v32_128k_L51,v32,8,131087,2048,32k-1M,18.04
v32_128k_L52,v32,8,131087,2048,32k-1M,24.792
v32_128k_L53,v32,8,131087,2048,32k-1M,24.914
v32_128k_L54,v32,8,131087,2048,32k-1M,25.888
v32_128k_L55,v32,8,131087,2048,32k-1M,24.718
v32_128k_L56,v32,8,131087,2048,32k-1M,18.507
v32_128k_L57,v32,8,131087,2048,32k-1M,18.877
v32_128k_L58,v32,8,131087,2048,32k-1M,25.064
v32_128k_L59,v32,8,131087,2048,32k-1M,25.248
v32_128k_L60,v32,8,131087,2048,32k-1M,25.419
v32_16k_L03,v32,1,16399,2048,4k-32k,13.291
v32_16k_L04,v32,1,16399,2048,4k-32k,13.066
v32_16k_L05,v32,1,16399,2048,4k-32k,12.683
v32_16k_L06,v32,1,16399,2048,4k-32k,12.134
v32_16k_L07,v32,1,16399,2048,4k-32k,12.718
v32_16k_L08,v32,1,16399,2048,4k-32k,15.874
v32_16k_L09,v32,1,16399,2048,4k-32k,12.797
v32_16k_L10,v32,1,16399,2048,4k-32k,13.139
v32_16k_L11,v32,1,16399,2048,4k-32k,13.022
v32_16k_L12,v32,1,16399,2048,4k-32k,15.106
v32_16k_L13,v32,1,16399,2048,4k-32k,15.334
v32_16k_L14,v32,1,16399,2048,4k-32k,12.659
v32_16k_L15,v32,1,16399,2048,4k-32k,12.509
v32_16k_L16,v32,1,16399,2048,4k-32k,12.653
v32_16k_L17,v32,1,16399,2048,4k-32k,13.2
v32_16k_L18,v32,1,16399,2048,4k-32k,15.099
v32_16k_L19,v32,1,16399,2048,4k-32k,12.573
v32_16k_L20,v32,1,16399,2048,4k-32k,12.71
v32_16k_L21,v32,1,16399,2048,4k-32k,14.11
v32_16k_L22,v32,1,16399,2048,4k-32k,12.608
v32_16k_L23,v32,1,16399,2048,4k-32k,12.606
v32_16k_L24,v32,1,16399,2048,4k-32k,12.338
v32_16k_L25,v32,1,16399,2048,4k-32k,13.336
v32_16k_L26,v32,1,16399,2048,4k-32k,12.47
v32_16k_L27,v32,1,16399,2048,4k-32k,12.963
v32_16k_L28,v32,1,16399,2048,4k-32k,12.81
v32_16k_L29,v32,1,16399,2048,4k-32k,13.429
v32_16k_L30,v32,1,16399,2048,4k-32k,12.086
v32_16k_L31,v32,1,16399,2048,4k-32k,13.088
v32_16k_L32,v32,1,16399,2048,4k-32k,12.906
v32_16k_L33,v32,1,16399,2048,4k-32k,13.387
v32_16k_L34,v32,1,16399,2048,4k-32k,13.229
v32_16k_L35,v32,1,16399,2048,4k-32k,13.594
v32_16k_L36,v32,1,16399,2048,4k-32k,12.605
v32_16k_L37,v32,1,16399,2048,4k-32k,12.509
v32_16k_L38,v32,1,16399,2048,4k-32k,13.514
v32_16k_L39,v32,1,16399,2048,4k-32k,12.603
v32_16k_L40,v32,1,16399,2048,4k-32k,12.514
v32_16k_L41,v32,1,16399,2048,4k-32k,15.315
v32_16k_L42,v32,1,16399,2048,4k-32k,15.256
v32_16k_L43,v32,1,16399,2048,4k-32k,13.0
v32_16k_L44,v32,1,16399,2048,4k-32k,15.198
v32_16k_L45,v32,1,16399,2048,4k-32k,15.379
v32_16k_L46,v32,1,16399,2048,4k-32k,14.094
v32_16k_L47,v32,1,16399,2048,4k-32k,12.771
v32_16k_L48,v32,1,16399,2048,4k-32k,12.581
v32_16k_L49,v32,1,16399,2048,4k-32k,13.178
v32_16k_L50,v32,1,16399,2048,4k-32k,13.088
v32_16k_L51,v32,1,16399,2048,4k-32k,13.339
v32_16k_L52,v32,1,16399,2048,4k-32k,16.472
v32_16k_L53,v32,1,16399,2048,4k-32k,12.691
v32_16k_L54,v32,1,16399,2048,4k-32k,13.274
v32_16k_L55,v32,1,16399,2048,4k-32k,12.632
v32_16k_L56,v32,1,16399,2048,4k-32k,12.825
v32_16k_L57,v32,1,16399,2048,4k-32k,13.688
v32_16k_L58,v32,1,16399,2048,4k-32k,15.456
v32_16k_L59,v32,1,16399,2048,4k-32k,12.936
v32_16k_L60,v32,1,16399,2048,4k-32k,15.408
v32_256k_L03,v32,8,163775,2048,32k-1M,19.954
v32_256k_L04,v32,8,163775,2048,32k-1M,19.733
v32_256k_L05,v32,8,163775,2048,32k-1M,20.026
v32_256k_L06,v32,8,163775,2048,32k-1M,19.002
v32_256k_L07,v32,8,163775,2048,32k-1M,19.678
v32_256k_L08,v32,8,163775,2048,32k-1M,29.902
v32_256k_L09,v32,8,163775,2048,32k-1M,19.763
v32_256k_L10,v32,8,163775,2048,32k-1M,18.613
v32_256k_L11,v32,8,163775,2048,32k-1M,18.56
v32_256k_L12,v32,8,163775,2048,32k-1M,17.794
v32_256k_L13,v32,8,163775,2048,32k-1M,19.654
v32_256k_L14,v32,8,163775,2048,32k-1M,19.259
v32_256k_L15,v32,8,163775,2048,32k-1M,19.438
v32_256k_L16,v32,8,163775,2048,32k-1M,18.422
v32_256k_L17,v32,8,163775,2048,32k-1M,22.17
v32_256k_L18,v32,8,163775,2048,32k-1M,26.355
v32_256k_L19,v32,8,163775,2048,32k-1M,19.374
v32_256k_L20,v32,8,163775,2048,32k-1M,19.136
v32_256k_L21,v32,8,163775,2048,32k-1M,20.158
v32_256k_L22,v32,8,163775,2048,32k-1M,25.043
v32_256k_L23,v32,8,163775,2048,32k-1M,18.673
v32_256k_L24,v32,8,163775,2048,32k-1M,20.776
v32_256k_L25,v32,8,163775,2048,32k-1M,26.766
v32_256k_L26,v32,8,163775,2048,32k-1M,19.648
v32_256k_L27,v32,8,163775,2048,32k-1M,25.6
v32_256k_L28,v32,8,163775,2048,32k-1M,19.021
v32_256k_L29,v32,8,163775,2048,32k-1M,19.035
v32_256k_L30,v32,8,163775,2048,32k-1M,19.71
v32_256k_L31,v32,8,163775,2048,32k-1M,19.118
v32_256k_L32,v32,8,163775,2048,32k-1M,19.725
v32_256k_L33,v32,8,163775,2048,32k-1M,19.259
v32_256k_L34,v32,8,163775,2048,32k-1M,18.922
v32_256k_L35,v32,8,163775,2048,32k-1M,19.877
v32_256k_L36,v32,8,163775,2048,32k-1M,27.661
v32_256k_L37,v32,8,163775,2048,32k-1M,20.014
v32_256k_L38,v32,8,163775,2048,32k-1M,19.046
v32_256k_L39,v32,8,163775,2048,32k-1M,19.459
v32_256k_L40,v32,8,163775,2048,32k-1M,18.874
v32_256k_L41,v32,8,163775,2048,32k-1M,19.133
v32_256k_L42,v32,8,163775,2048,32k-1M,29.416
v32_256k_L43,v32,8,163775,2048,32k-1M,19.638
v32_256k_L44,v32,8,163775,2048,32k-1M,27.926
v32_256k_L45,v32,8,163775,2048,32k-1M,19.294
v32_256k_L46,v32,8,163775,2048,32k-1M,18.733
v32_256k_L47,v32,8,163775,2048,32k-1M,19.741
v32_256k_L48,v32,8,163775,2048,32k-1M,27.357
v32_256k_L49,v32,8,163775,2048,32k-1M,27.381
v32_256k_L50,v32,8,163775,2048,32k-1M,19.15
v32_256k_L51,v32,8,163775,2048,32k-1M,19.501
v32_256k_L52,v32,8,163775,2048,32k-1M,26.593
v32_256k_L53,v32,8,163775,2048,32k-1M,26.905
v32_256k_L54,v32,8,163775,2048,32k-1M,27.88
v32_256k_L55,v32,8,163775,2048,32k-1M,27.2
v32_256k_L56,v32,8,163775,2048,32k-1M,27.581
v32_256k_L57,v32,8,163775,2048,32k-1M,19.253
v32_256k_L58,v32,8,163775,2048,32k-1M,26.717
v32_256k_L59,v32,8,163775,2048,32k-1M,27.624
v32_256k_L60,v32,8,163775,2048,32k-1M,27.605
v32_32k_L03,v32,1,32783,2048,32k-1M,16.181
v32_32k_L04,v32,1,32783,2048,32k-1M,16.333
v32_32k_L05,v32,1,32783,2048,32k-1M,15.382
v32_32k_L06,v32,1,32783,2048,32k-1M,15.141
v32_32k_L07,v32,1,32783,2048,32k-1M,15.174
v32_32k_L08,v32,1,32783,2048,32k-1M,19.541
v32_32k_L09,v32,1,32783,2048,32k-1M,15.842
v32_32k_L10,v32,1,32783,2048,32k-1M,15.579
v32_32k_L11,v32,1,32783,2048,32k-1M,15.667
v32_32k_L12,v32,1,32783,2048,32k-1M,15.467
v32_32k_L13,v32,1,32783,2048,32k-1M,15.102
v32_32k_L14,v32,1,32783,2048,32k-1M,15.576
v32_32k_L15,v32,1,32783,2048,32k-1M,15.722
v32_32k_L16,v32,1,32783,2048,32k-1M,15.597
v32_32k_L17,v32,1,32783,2048,32k-1M,15.864
v32_32k_L18,v32,1,32783,2048,32k-1M,15.233
v32_32k_L19,v32,1,32783,2048,32k-1M,15.269
v32_32k_L20,v32,1,32783,2048,32k-1M,16.118
v32_32k_L21,v32,1,32783,2048,32k-1M,15.493
v32_32k_L22,v32,1,32783,2048,32k-1M,15.349
v32_32k_L23,v32,1,32783,2048,32k-1M,15.739
v32_32k_L24,v32,1,32783,2048,32k-1M,15.918
v32_32k_L25,v32,1,32783,2048,32k-1M,16.074
v32_32k_L26,v32,1,32783,2048,32k-1M,16.625
v32_32k_L27,v32,1,32783,2048,32k-1M,16.957
v32_32k_L28,v32,1,32783,2048,32k-1M,16.005
v32_32k_L29,v32,1,32783,2048,32k-1M,16.029
v32_32k_L30,v32,1,32783,2048,32k-1M,15.232
v32_32k_L31,v32,1,32783,2048,32k-1M,16.136
v32_32k_L32,v32,1,32783,2048,32k-1M,16.704
v32_32k_L33,v32,1,32783,2048,32k-1M,18.417
v32_32k_L34,v32,1,32783,2048,32k-1M,16.696
v32_32k_L35,v32,1,32783,2048,32k-1M,15.238
v32_32k_L36,v32,1,32783,2048,32k-1M,15.832
v32_32k_L37,v32,1,32783,2048,32k-1M,15.142
v32_32k_L38,v32,1,32783,2048,32k-1M,15.547
v32_32k_L39,v32,1,32783,2048,32k-1M,15.806
v32_32k_L40,v32,1,32783,2048,32k-1M,15.235
v32_32k_L41,v32,1,32783,2048,32k-1M,16.176
v32_32k_L42,v32,1,32783,2048,32k-1M,15.326
v32_32k_L43,v32,1,32783,2048,32k-1M,16.789
v32_32k_L44,v32,1,32783,2048,32k-1M,15.406
v32_32k_L45,v32,1,32783,2048,32k-1M,15.39
v32_32k_L46,v32,1,32783,2048,32k-1M,17.753
v32_32k_L47,v32,1,32783,2048,32k-1M,16.517
v32_32k_L48,v32,1,32783,2048,32k-1M,15.301
v32_32k_L49,v32,1,32783,2048,32k-1M,15.704
v32_32k_L50,v32,1,32783,2048,32k-1M,16.139
v32_32k_L51,v32,1,32783,2048,32k-1M,15.758
v32_32k_L52,v32,1,32783,2048,32k-1M,16.094
v32_32k_L53,v32,1,32783,2048,32k-1M,15.301
v32_32k_L54,v32,1,32783,2048,32k-1M,16.102
v32_32k_L55,v32,1,32783,2048,32k-1M,15.242
v32_32k_L56,v32,1,32783,2048,32k-1M,15.13
v32_32k_L57,v32,1,32783,2048,32k-1M,15.33
v32_32k_L58,v32,1,32783,2048,32k-1M,18.542
v32_32k_L59,v32,1,32783,2048,32k-1M,15.624
v32_32k_L60,v32,1,32783,2048,32k-1M,19.346
v32_4k_L03,v32,1,4111,2048,4k-32k,13.038
v32_4k_L04,v32,1,4111,2048,4k-32k,13.267
v32_4k_L05,v32,1,4111,2048,4k-32k,12.485
v32_4k_L06,v32,1,4111,2048,4k-32k,12.845
v32_4k_L07,v32,1,4111,2048,4k-32k,12.57
v32_4k_L08,v32,1,4111,2048,4k-32k,13.261
v32_4k_L09,v32,1,4111,2048,4k-32k,9.872
v32_4k_L10,v32,1,4111,2048,4k-32k,13.211
v32_4k_L11,v32,1,4111,2048,4k-32k,12.486
v32_4k_L12,v32,1,4111,2048,4k-32k,12.618
v32_4k_L13,v32,1,4111,2048,4k-32k,13.192
v32_4k_L14,v32,1,4111,2048,4k-32k,13.07
v32_4k_L15,v32,1,4111,2048,4k-32k,13.517
v32_4k_L16,v32,1,4111,2048,4k-32k,12.779
v32_4k_L17,v32,1,4111,2048,4k-32k,9.918
v32_4k_L18,v32,1,4111,2048,4k-32k,13.147
v32_4k_L19,v32,1,4111,2048,4k-32k,12.597
v32_4k_L20,v32,1,4111,2048,4k-32k,10.87
v32_4k_L21,v32,1,4111,2048,4k-32k,12.81
v32_4k_L22,v32,1,4111,2048,4k-32k,12.715
v32_4k_L23,v32,1,4111,2048,4k-32k,9.702
v32_4k_L24,v32,1,4111,2048,4k-32k,10.128
v32_4k_L25,v32,1,4111,2048,4k-32k,13.44
v32_4k_L26,v32,1,4111,2048,4k-32k,10.229
v32_4k_L27,v32,1,4111,2048,4k-32k,10.286
v32_4k_L28,v32,1,4111,2048,4k-32k,10.28
v32_4k_L29,v32,1,4111,2048,4k-32k,10.018
v32_4k_L30,v32,1,4111,2048,4k-32k,10.363
v32_4k_L31,v32,1,4111,2048,4k-32k,9.918
v32_4k_L32,v32,1,4111,2048,4k-32k,11.142
v32_4k_L33,v32,1,4111,2048,4k-32k,9.923
v32_4k_L34,v32,1,4111,2048,4k-32k,10.235
v32_4k_L35,v32,1,4111,2048,4k-32k,9.861
v32_4k_L36,v32,1,4111,2048,4k-32k,12.754
v32_4k_L37,v32,1,4111,2048,4k-32k,10.666
v32_4k_L38,v32,1,4111,2048,4k-32k,12.89
v32_4k_L39,v32,1,4111,2048,4k-32k,12.862
v32_4k_L40,v32,1,4111,2048,4k-32k,12.787
v32_4k_L41,v32,1,4111,2048,4k-32k,12.779
v32_4k_L42,v32,1,4111,2048,4k-32k,12.722
v32_4k_L43,v32,1,4111,2048,4k-32k,13.136
v32_4k_L44,v32,1,4111,2048,4k-32k,12.602
v32_4k_L45,v32,1,4111,2048,4k-32k,12.554
v32_4k_L46,v32,1,4111,2048,4k-32k,13.158
v32_4k_L47,v32,1,4111,2048,4k-32k,9.688
v32_4k_L48,v32,1,4111,2048,4k-32k,12.933
v32_4k_L49,v32,1,4111,2048,4k-32k,12.418
v32_4k_L50,v32,1,4111,2048,4k-32k,12.738
v32_4k_L51,v32,1,4111,2048,4k-32k,12.762
v32_4k_L52,v32,1,4111,2048,4k-32k,12.915
v32_4k_L53,v32,1,4111,2048,4k-32k,12.776
v32_4k_L54,v32,1,4111,2048,4k-32k,13.15
v32_4k_L55,v32,1,4111,2048,4k-32k,12.136
v32_4k_L56,v32,1,4111,2048,4k-32k,12.573
v32_4k_L57,v32,1,4111,2048,4k-32k,12.528
v32_4k_L58,v32,1,4111,2048,4k-32k,12.87
v32_4k_L59,v32,1,4111,2048,4k-32k,12.757
v32_4k_L60,v32,1,4111,2048,4k-32k,12.832
v32_64k_L03,v32,4,65551,2048,32k-1M,17.078
v32_64k_L04,v32,4,65551,2048,32k-1M,18.011
v32_64k_L05,v32,4,65551,2048,32k-1M,18.114
v32_64k_L06,v32,4,65551,2048,32k-1M,16.776
v32_64k_L07,v32,4,65551,2048,32k-1M,16.675
v32_64k_L08,v32,4,65551,2048,32k-1M,23.435
v32_64k_L09,v32,4,65551,2048,32k-1M,16.624
v32_64k_L10,v32,4,65551,2048,32k-1M,17.16
v32_64k_L11,v32,4,65551,2048,32k-1M,16.774
v32_64k_L12,v32,4,65551,2048,32k-1M,24.088
v32_64k_L13,v32,4,65551,2048,32k-1M,16.79
v32_64k_L14,v32,4,65551,2048,32k-1M,16.992
v32_64k_L15,v32,4,65551,2048,32k-1M,17.374
v32_64k_L16,v32,4,65551,2048,32k-1M,18.413
v32_64k_L17,v32,4,65551,2048,32k-1M,18.312
v32_64k_L18,v32,4,65551,2048,32k-1M,22.891
v32_64k_L19,v32,4,65551,2048,32k-1M,17.027
v32_64k_L20,v32,4,65551,2048,32k-1M,17.963
v32_64k_L21,v32,4,65551,2048,32k-1M,20.547
v32_64k_L22,v32,4,65551,2048,32k-1M,17.75
v32_64k_L23,v32,4,65551,2048,32k-1M,19.179
v32_64k_L24,v32,4,65551,2048,32k-1M,24.142
v32_64k_L25,v32,4,65551,2048,32k-1M,21.03
v32_64k_L26,v32,4,65551,2048,32k-1M,24.52
v32_64k_L27,v32,4,65551,2048,32k-1M,23.878
v32_64k_L28,v32,4,65551,2048,32k-1M,24.592
v32_64k_L29,v32,4,65551,2048,32k-1M,23.806
v32_64k_L30,v32,4,65551,2048,32k-1M,17.73
v32_64k_L31,v32,4,65551,2048,32k-1M,22.046
v32_64k_L32,v32,4,65551,2048,32k-1M,21.822
v32_64k_L33,v32,4,65551,2048,32k-1M,22.035
v32_64k_L34,v32,4,65551,2048,32k-1M,20.803
v32_64k_L35,v32,4,65551,2048,32k-1M,19.029
v32_64k_L36,v32,4,65551,2048,32k-1M,20.525
v32_64k_L37,v32,4,65551,2048,32k-1M,17.515
v32_64k_L38,v32,4,65551,2048,32k-1M,17.877
v32_64k_L39,v32,4,65551,2048,32k-1M,17.651
v32_64k_L40,v32,4,65551,2048,32k-1M,19.917
v32_64k_L41,v32,4,65551,2048,32k-1M,16.72
v32_64k_L42,v32,4,65551,2048,32k-1M,17.81
v32_64k_L43,v32,4,65551,2048,32k-1M,17.928
v32_64k_L44,v32,4,65551,2048,32k-1M,23.56
v32_64k_L45,v32,4,65551,2048,32k-1M,17.781
v32_64k_L46,v32,4,65551,2048,32k-1M,18.469
v32_64k_L47,v32,4,65551,2048,32k-1M,24.194
v32_64k_L48,v32,4,65551,2048,32k-1M,18.118
v32_64k_L49,v32,4,65551,2048,32k-1M,17.73
v32_64k_L50,v32,4,65551,2048,32k-1M,19.944
v32_64k_L51,v32,4,65551,2048,32k-1M,17.859
v32_64k_L52,v32,4,65551,2048,32k-1M,16.795
v32_64k_L53,v32,4,65551,2048,32k-1M,17.512
v32_64k_L54,v32,4,65551,2048,32k-1M,17.152
v32_64k_L55,v32,4,65551,2048,32k-1M,16.752
v32_64k_L56,v32,4,65551,2048,32k-1M,22.746
v32_64k_L57,v32,4,65551,2048,32k-1M,16.811
v32_64k_L58,v32,4,65551,2048,32k-1M,25.36
v32_64k_L59,v32,4,65551,2048,32k-1M,22.683
v32_64k_L60,v32,4,65551,2048,32k-1M,23.59
v32_8k_L03,v32,1,8207,2048,4k-32k,11.925
v32_8k_L04,v32,1,8207,2048,4k-32k,11.51
v32_8k_L05,v32,1,8207,2048,4k-32k,11.571
v32_8k_L06,v32,1,8207,2048,4k-32k,13.822
v32_8k_L07,v32,1,8207,2048,4k-32k,14.882
v32_8k_L08,v32,1,8207,2048,4k-32k,15.49
v32_8k_L09,v32,1,8207,2048,4k-32k,11.277
v32_8k_L10,v32,1,8207,2048,4k-32k,11.429
v32_8k_L11,v32,1,8207,2048,4k-32k,11.562
v32_8k_L12,v32,1,8207,2048,4k-32k,14.462
v32_8k_L13,v32,1,8207,2048,4k-32k,14.026
v32_8k_L14,v32,1,8207,2048,4k-32k,14.147
v32_8k_L15,v32,1,8207,2048,4k-32k,11.566
v32_8k_L16,v32,1,8207,2048,4k-32k,14.446
v32_8k_L17,v32,1,8207,2048,4k-32k,11.678
v32_8k_L18,v32,1,8207,2048,4k-32k,14.15
v32_8k_L19,v32,1,8207,2048,4k-32k,11.467
v32_8k_L20,v32,1,8207,2048,4k-32k,11.926
v32_8k_L21,v32,1,8207,2048,4k-32k,11.52
v32_8k_L22,v32,1,8207,2048,4k-32k,14.237
v32_8k_L23,v32,1,8207,2048,4k-32k,12.366
v32_8k_L24,v32,1,8207,2048,4k-32k,11.818
v32_8k_L25,v32,1,8207,2048,4k-32k,11.344
v32_8k_L26,v32,1,8207,2048,4k-32k,11.525
v32_8k_L27,v32,1,8207,2048,4k-32k,11.286
v32_8k_L28,v32,1,8207,2048,4k-32k,12.166
v32_8k_L29,v32,1,8207,2048,4k-32k,11.19
v32_8k_L30,v32,1,8207,2048,4k-32k,11.586
v32_8k_L31,v32,1,8207,2048,4k-32k,11.298
v32_8k_L32,v32,1,8207,2048,4k-32k,11.331
v32_8k_L33,v32,1,8207,2048,4k-32k,15.104
v32_8k_L34,v32,1,8207,2048,4k-32k,12.029
v32_8k_L35,v32,1,8207,2048,4k-32k,11.808
v32_8k_L36,v32,1,8207,2048,4k-32k,14.186
v32_8k_L37,v32,1,8207,2048,4k-32k,11.442
v32_8k_L38,v32,1,8207,2048,4k-32k,14.635
v32_8k_L39,v32,1,8207,2048,4k-32k,12.182
v32_8k_L40,v32,1,8207,2048,4k-32k,14.131
v32_8k_L41,v32,1,8207,2048,4k-32k,12.442
v32_8k_L42,v32,1,8207,2048,4k-32k,14.395
v32_8k_L43,v32,1,8207,2048,4k-32k,11.624
v32_8k_L44,v32,1,8207,2048,4k-32k,14.259
v32_8k_L45,v32,1,8207,2048,4k-32k,13.864
v32_8k_L46,v32,1,8207,2048,4k-32k,14.213
v32_8k_L47,v32,1,8207,2048,4k-32k,11.403
v32_8k_L48,v32,1,8207,2048,4k-32k,11.598
v32_8k_L49,v32,1,8207,2048,4k-32k,13.821
v32_8k_L50,v32,1,8207,2048,4k-32k,11.752
v32_8k_L51,v32,1,8207,2048,4k-32k,14.584
v32_8k_L52,v32,1,8207,2048,4k-32k,14.355
v32_8k_L53,v32,1,8207,2048,4k-32k,13.941
v32_8k_L54,v32,1,8207,2048,4k-32k,14.203
v32_8k_L55,v32,1,8207,2048,4k-32k,14.213
v32_8k_L56,v32,1,8207,2048,4k-32k,14.398
v32_8k_L57,v32,1,8207,2048,4k-32k,14.37
v32_8k_L58,v32,1,8207,2048,4k-32k,15.496
v32_8k_L59,v32,1,8207,2048,4k-32k,14.43
v32_8k_L60,v32,1,8207,2048,4k-32k,14.07
