cell,BS,arm_us,pr_us,x_arm,x_v3,exact
flash_1024k_L10,2,29.039,21.1133,0.7271,2.0048,OK
flash_1024k_L10,4,30.335,21.658900000000003,0.714,1.9016,OK
flash_1024k_L10,8,32.271,23.148400000000002,0.7173,1.6653,OK
flash_1024k_L10,16,35.575,23.990099999999998,0.6744,1.0553,OK
flash_1024k_L10,32,38.623,27.13085,0.7024,1.063,OK
flash_1024k_L10,64,45.167,39.78515,0.8808,1.1784,OK
flash_1024k_L10,128,59.196,81.6164,1.3788,1.3063,OK
flash_1024k_L10,256,88.271,151.95795,1.7215,1.3018,OK
flash_1024k_L10,512,147.643,271.70509999999996,1.8403,1.2914,OK
flash_1024k_L10,1024,246.494,519.713,2.1084,1.2959,OK
flash_1024k_L22,2,28.43,20.81905,0.7323,1.8004,OK
flash_1024k_L22,4,29.264,21.433349999999997,0.7324,1.7498,OK
flash_1024k_L22,8,31.139,23.1869,0.7446,1.6818,OK
flash_1024k_L22,16,33.214,24.12295,0.7263,1.0595,OK
flash_1024k_L22,32,36.397,27.1644,0.7463,1.079,OK
flash_1024k_L22,64,42.521,39.0539,0.9185,1.1574,OK
flash_1024k_L22,128,56.693,80.88865,1.4268,1.298,OK
flash_1024k_L22,256,86.807,151.04935,1.7401,1.2953,OK
flash_1024k_L22,512,145.764,271.1442,1.8602,1.2878,OK
flash_1024k_L22,1024,243.965,517.36995,2.1207,1.2875,OK
flash_1024k_L34,2,26.466,19.4157,0.7336,1.8401,OK
flash_1024k_L34,4,27.673,20.09095,0.726,1.7547,OK
flash_1024k_L34,8,29.903,22.1757,0.7416,1.5964,OK
flash_1024k_L34,16,32.917,23.011,0.6991,1.016,OK
flash_1024k_L34,32,36.063,26.01725,0.7214,1.0291,OK
flash_1024k_L34,64,42.279,38.305099999999996,0.906,1.1283,OK
flash_1024k_L34,128,56.362,62.27285,1.1049,0.993,OK
flash_1024k_L34,256,86.441,108.2084,1.2518,0.9264,OK
flash_1024k_L34,512,142.341,198.40570000000002,1.3939,0.9411,OK
flash_1024k_L34,1024,236.578,374.5765,1.5833,0.9301,OK
flash_128k_L10,2,21.729,12.479899999999999,0.5743,1.4962,OK
flash_128k_L10,4,21.594,12.77915,0.5918,1.4783,OK
flash_128k_L10,8,23.255,12.736,0.5477,1.4388,OK
flash_128k_L10,16,22.892,13.23335,0.5781,1.2497,OK
flash_128k_L10,32,23.955,13.70825,0.5723,1.2263,OK
flash_128k_L10,64,25.908,14.2942,0.5517,1.1956,OK
flash_128k_L10,128,29.066,15.33735,0.5277,1.1352,OK
flash_128k_L10,256,33.939,20.934099999999997,0.6168,0.9655,OK
flash_128k_L10,512,58.012,38.92275,0.6709,1.0195,OK
flash_128k_L10,1024,93.774,67.77515,0.7227,1.0945,OK
flash_128k_L22,2,21.733,11.468549999999999,0.5277,1.4856,OK
flash_128k_L22,4,21.825,11.788549999999999,0.5401,1.4648,OK
flash_128k_L22,8,21.915,11.82855,0.5398,1.4305,OK
flash_128k_L22,16,22.5,12.331,0.5481,1.2383,OK
flash_128k_L22,32,23.637,12.731,0.5386,1.2156,OK
flash_128k_L22,64,24.596,13.3615,0.5432,1.1836,OK
flash_128k_L22,128,27.756,14.383799999999999,0.5182,1.1112,OK
flash_128k_L22,256,32.869,19.747,0.6008,0.9453,OK
flash_128k_L22,512,56.121,36.876349999999995,0.6571,1.009,OK
flash_128k_L22,1024,92.366,63.5673,0.6882,1.0793,OK
flash_128k_L34,2,21.336,11.815850000000001,0.5538,1.5248,OK
flash_128k_L34,4,21.178,11.9599,0.5647,1.5241,OK
flash_128k_L34,8,22.208,12.0271,0.5416,1.4947,OK
flash_128k_L34,16,23.511,12.483,0.5309,1.2304,OK
flash_128k_L34,32,23.175,12.7757,0.5513,1.2084,OK
flash_128k_L34,64,25.149,13.423950000000001,0.5338,1.1763,OK
flash_128k_L34,128,27.76,14.4527,0.5206,1.1113,OK
flash_128k_L34,256,32.569,19.69565,0.6047,0.9377,OK
flash_128k_L34,512,55.088,36.83945,0.6687,0.9971,OK
flash_128k_L34,1024,90.883,63.7624,0.7016,1.0746,OK
flash_16k_L10,2,15.117,8.92,0.5901,1.9616,OK
flash_16k_L10,4,15.042,8.820450000000001,0.5864,1.8965,OK
flash_16k_L10,8,15.191,9.02075,0.5938,1.9247,OK
flash_16k_L10,16,15.565,9.211,0.5918,1.8213,OK
flash_16k_L10,32,15.609,9.288,0.595,1.8159,OK
flash_16k_L10,64,15.881,9.54195,0.6008,1.8002,OK
flash_16k_L10,128,16.147,9.77735,0.6055,1.7615,OK
flash_16k_L10,256,19.815,11.379100000000001,0.5743,1.0861,OK
flash_16k_L10,512,34.947,20.5533,0.5881,1.0974,OK
flash_16k_L10,1024,54.69,36.89395,0.6746,1.0934,OK
flash_16k_L22,2,16.286,8.52635,0.5235,1.3441,OK
flash_16k_L22,4,16.192,8.705549999999999,0.5377,1.3671,OK
flash_16k_L22,8,16.322,8.67665,0.5316,1.3584,OK
flash_16k_L22,16,16.663,8.9086,0.5346,1.3897,OK
flash_16k_L22,32,16.816,9.02535,0.5367,1.3975,OK
flash_16k_L22,64,16.912,9.211049999999998,0.5447,1.3998,OK
flash_16k_L22,128,17.225,9.54235,0.554,1.3903,OK
flash_16k_L22,256,21.296,10.961549999999999,0.5147,0.9202,OK
flash_16k_L22,512,37.891,19.926099999999998,0.5259,0.9269,OK
flash_16k_L22,1024,59.4,35.79475,0.6026,0.9181,OK
flash_16k_L34,2,15.151,8.51665,0.5621,1.3724,OK
flash_16k_L34,4,15.351,8.61585,0.5613,1.3907,OK
flash_16k_L34,8,15.355,8.73745,0.569,1.4092,OK
flash_16k_L34,16,15.398,8.7711,0.5696,1.4104,OK
flash_16k_L34,32,15.542,9.02225,0.5805,1.4392,OK
flash_16k_L34,64,15.671,9.251,0.5903,1.4462,OK
flash_16k_L34,128,15.931,9.52465,0.5979,1.4452,OK
flash_16k_L34,256,20.034,10.9566,0.5469,0.922,OK
flash_16k_L34,512,35.385,19.78855,0.5592,0.9254,OK
flash_16k_L34,1024,55.611,35.564099999999996,0.6395,0.9149,OK
flash_256k_L10,2,23.373,14.06705,0.6019,1.3909,OK
flash_256k_L10,4,22.848,14.307,0.6262,1.3647,OK
flash_256k_L10,8,24.2,14.61895,0.6041,1.3495,OK
flash_256k_L10,16,25.125,14.9888,0.5966,1.1135,OK
flash_256k_L10,32,26.553,15.8542,0.5971,0.9483,OK
flash_256k_L10,64,28.949,18.2238,0.6295,0.9947,OK
flash_256k_L10,128,33.495,20.356450000000002,0.6077,0.9697,OK
flash_256k_L10,256,42.437,31.7261,0.7476,0.9393,OK
flash_256k_L10,512,77.084,60.22005,0.7812,0.9615,OK
flash_256k_L10,1024,125.281,100.51065,0.8023,0.9983,OK
flash_256k_L22,2,22.954,13.26705,0.578,1.1542,OK
flash_256k_L22,4,23.596,13.42855,0.5691,1.1617,OK
flash_256k_L22,8,24.129,13.74385,0.5696,1.1557,OK
flash_256k_L22,16,24.923,14.052700000000002,0.5638,1.042,OK
flash_256k_L22,32,25.802,14.9806,0.5806,0.9461,OK
flash_256k_L22,64,28.007,17.699,0.6319,1.0236,OK
flash_256k_L22,128,31.907,19.811,0.6209,0.881,OK
flash_256k_L22,256,41.441,31.057599999999997,0.7494,0.8414,OK
flash_256k_L22,512,75.292,58.86645,0.7818,0.8576,OK
flash_256k_L22,1024,122.616,98.39245,0.8024,0.8887,OK
flash_256k_L34,2,23.167,13.8094,0.5961,1.4586,OK
flash_256k_L34,4,23.527,13.9502,0.5929,1.4563,OK
flash_256k_L34,8,23.571,14.3919,0.6106,1.4556,OK
flash_256k_L34,16,24.668,14.6814,0.5952,1.1968,OK
flash_256k_L34,32,26.275,15.647950000000002,0.5955,1.0271,OK
flash_256k_L34,64,28.552,18.10705,0.6342,1.0945,OK
flash_256k_L34,128,33.034,20.236549999999998,0.6126,1.0133,OK
flash_256k_L34,256,41.288,31.5598,0.7644,0.9643,OK
flash_256k_L34,512,75.054,59.455349999999996,0.7922,0.9815,OK
flash_256k_L34,1024,122.161,99.66755,0.8159,1.0248,OK
flash_32k_L10,2,21.082,8.9424,0.4242,1.1381,OK
flash_32k_L10,4,21.46,8.763200000000001,0.4083,1.1049,OK
flash_32k_L10,8,21.718,9.13115,0.4204,1.1449,OK
flash_32k_L10,16,21.693,9.2608,0.4269,1.1613,OK
flash_32k_L10,32,22.298,9.366299999999999,0.42,1.1545,OK
flash_32k_L10,64,22.695,9.683200000000001,0.4267,1.165,OK
flash_32k_L10,128,24.638,10.235149999999999,0.4154,1.1653,OK
flash_32k_L10,256,27.875,12.3757,0.444,0.9084,OK
flash_32k_L10,512,45.722,22.095650000000003,0.4833,0.9223,OK
flash_32k_L10,1024,69.946,39.53385,0.5652,0.945,OK
flash_32k_L22,2,20.682,9.032,0.4367,1.2037,OK
flash_32k_L22,4,20.58,8.870149999999999,0.431,1.1782,OK
flash_32k_L22,8,21.798,9.17905,0.4211,1.2161,OK
flash_32k_L22,16,21.435,9.337549999999998,0.4356,1.2249,OK
flash_32k_L22,32,21.82,9.60625,0.4403,1.2395,OK
flash_32k_L22,64,22.203,9.7488,0.4391,1.2356,OK
flash_32k_L22,128,24.143,10.3264,0.4277,1.2232,OK
flash_32k_L22,256,27.289,12.5022,0.4581,1.0515,OK
flash_32k_L22,512,43.465,22.29255,0.5129,1.0938,OK
flash_32k_L22,1024,67.635,40.1356,0.5934,1.1321,OK
flash_32k_L34,2,20.631,9.23985,0.4479,1.3185,OK
flash_32k_L34,4,21.702,8.996649999999999,0.4146,1.2828,OK
flash_32k_L34,8,21.224,9.3087,0.4386,1.3195,OK
flash_32k_L34,16,21.54,9.2815,0.4309,1.2664,OK
flash_32k_L34,32,21.984,9.5695,0.4353,1.2596,OK
flash_32k_L34,64,22.275,9.68795,0.4349,1.2425,OK
flash_32k_L34,128,24.38,10.22065,0.4192,1.2333,OK
flash_32k_L34,256,27.45,12.40925,0.4521,1.1063,OK
flash_32k_L34,512,44.681,22.0861,0.4943,1.1519,OK
flash_32k_L34,1024,68.328,39.83175,0.5829,1.2056,OK
flash_4k_L10,2,9.108,7.69435,0.8448,1.7005,OK
flash_4k_L10,4,9.284,7.50535,0.8084,1.6655,OK
flash_4k_L10,8,9.372,7.5855500000000005,0.8094,1.6769,OK
flash_4k_L10,16,9.382,7.93915,0.8462,1.7563,OK
flash_4k_L10,32,9.451,8.0496,0.8517,1.7648,OK
flash_4k_L10,64,9.526,8.0448,0.8445,1.7345,OK
flash_4k_L10,128,9.684,8.327950000000001,0.8599,1.7596,OK
flash_4k_L10,256,11.079,9.343950000000001,0.8434,1.4391,OK
flash_4k_L10,512,19.264,17.1677,0.8912,1.5039,OK
flash_4k_L10,1024,29.76,31.7323,1.0663,1.5359,OK
flash_4k_L22,2,8.917,7.6223,0.8548,1.9071,OK
flash_4k_L22,4,8.949,7.44475,0.8319,1.8756,OK
flash_4k_L22,8,9.017,7.56155,0.8385,1.8748,OK
flash_4k_L22,16,9.191,7.95665,0.8657,1.8094,OK
flash_4k_L22,32,9.434,7.95185,0.8429,1.7801,OK
flash_4k_L22,64,9.424,8.04945,0.8541,1.7835,OK
flash_4k_L22,128,9.611,8.3632,0.8702,1.8059,OK
flash_4k_L22,256,11.177,9.33105,0.8348,1.5889,OK
flash_4k_L22,512,19.268,17.166150000000002,0.8909,1.6854,OK
flash_4k_L22,1024,29.762,31.5517,1.0601,1.7352,OK
flash_4k_L34,2,8.889,7.89595,0.8882,1.9405,OK
flash_4k_L34,4,8.941,7.75835,0.8678,1.89,OK
flash_4k_L34,8,9.082,7.7166999999999994,0.8497,1.8778,OK
flash_4k_L34,16,9.227,8.02395,0.8696,1.8265,OK
flash_4k_L34,32,9.39,8.1824,0.8714,1.8107,OK
flash_4k_L34,64,9.528,8.14705,0.855,1.7702,OK
flash_4k_L34,128,9.702,8.3455,0.8602,1.7739,OK
flash_4k_L34,256,11.238,9.43515,0.8396,1.4537,OK
flash_4k_L34,512,19.385,17.2845,0.8917,1.5133,OK
flash_4k_L34,1024,29.989,31.91755,1.0643,1.5402,OK
flash_512k_L10,2,25.101,17.79495,0.7089,1.8626,OK
flash_512k_L10,4,25.713,18.29895,0.7116,1.8351,OK
flash_512k_L10,8,26.715,19.623849999999997,0.7346,1.5881,OK
flash_512k_L10,16,28.545,20.145349999999997,0.7057,1.2913,OK
flash_512k_L10,32,30.455,21.19655,0.696,1.255,OK
flash_512k_L10,64,34.238,26.743650000000002,0.7811,1.2019,OK
flash_512k_L10,128,41.799,37.76275,0.9034,1.1565,OK
flash_512k_L10,256,58.418,83.08535,1.4223,1.3226,OK
flash_512k_L10,512,102.775,149.5068,1.4547,1.288,OK
flash_512k_L10,1024,164.002,272.31,1.6604,1.3526,OK
flash_512k_L22,2,24.908,20.9773,0.8422,2.113,OK
flash_512k_L22,4,25.13,21.382150000000003,0.8509,2.0564,OK
flash_512k_L22,8,26.823,24.10845,0.8988,2.0546,OK
flash_512k_L22,16,28.305,24.6365,0.8704,1.5043,OK
flash_512k_L22,32,29.69,25.9324,0.8734,1.4939,OK
flash_512k_L22,64,33.126,34.8605,1.0523,1.4193,OK
flash_512k_L22,128,40.327,46.07465,1.1425,1.3769,OK
flash_512k_L22,256,56.367,120.3377,2.1349,1.8729,OK
flash_512k_L22,512,99.199,219.29175,2.2106,1.8426,OK
flash_512k_L22,1024,158.573,406.25584999999995,2.562,1.9666,OK
flash_512k_L34,2,22.61,14.804649999999999,0.6548,1.3569,OK
flash_512k_L34,4,23.091,15.30545,0.6628,1.3511,OK
flash_512k_L34,8,24.704,16.68625,0.6754,1.475,OK
flash_512k_L34,16,26.72,17.2078,0.644,1.1081,OK
flash_512k_L34,32,29.008,18.31015,0.6312,1.0768,OK
flash_512k_L34,64,32.753,24.13415,0.7369,1.0087,OK
flash_512k_L34,128,40.106,32.4088,0.8081,0.9631,OK
flash_512k_L34,256,56.123,63.6361,1.1339,0.9875,OK
flash_512k_L34,512,97.196,113.4851,1.1676,0.9484,OK
flash_512k_L34,1024,155.821,202.4279,1.2991,0.9764,OK
flash_64k_L10,2,22.552,10.1631,0.4507,1.0694,OK
flash_64k_L10,4,22.294,10.4719,0.4697,1.102,OK
flash_64k_L10,8,22.158,10.4848,0.4732,1.0984,OK
flash_64k_L10,16,22.358,10.6784,0.4776,1.1093,OK
flash_64k_L10,32,22.492,10.908700000000001,0.485,1.105,OK
flash_64k_L10,64,24.58,11.33895,0.4613,1.093,OK
flash_64k_L10,128,26.98,12.25105,0.4541,1.0839,OK
flash_64k_L10,256,31.142,15.289299999999999,0.491,0.9921,OK
flash_64k_L10,512,51.946,27.5117,0.5296,1.0367,OK
flash_64k_L10,1024,79.524,49.22175,0.619,1.1116,OK
flash_64k_L22,2,21.029,11.4863,0.5462,1.279,OK
flash_64k_L22,4,22.514,11.83825,0.5258,1.3124,OK
flash_64k_L22,8,22.702,11.878200000000001,0.5232,1.3018,OK
flash_64k_L22,16,23.006,12.108649999999999,0.5263,1.2793,OK
flash_64k_L22,32,23.909,12.337399999999999,0.516,1.2668,OK
flash_64k_L22,64,24.727,12.76305,0.5162,1.2465,OK
flash_64k_L22,128,28.007,13.705549999999999,0.4894,1.2163,OK
flash_64k_L22,256,31.244,17.787,0.5693,1.0793,OK
flash_64k_L22,512,51.168,32.4672,0.6345,1.1362,OK
flash_64k_L22,1024,80.801,57.79285,0.7152,1.1949,OK
flash_64k_L34,2,20.134,10.33595,0.5134,1.1957,OK
flash_64k_L34,4,21.775,10.6318,0.4883,1.2155,OK
flash_64k_L34,8,21.909,10.673549999999999,0.4872,1.2137,OK
flash_64k_L34,16,22.2,10.65595,0.48,1.1695,OK
flash_64k_L34,32,23.173,10.959850000000001,0.473,1.1613,OK
flash_64k_L34,64,24.422,11.348600000000001,0.4647,1.1435,OK
flash_64k_L34,128,26.479,12.2462,0.4625,1.1178,OK
flash_64k_L34,256,30.681,15.48615,0.5048,1.0289,OK
flash_64k_L34,512,50.39,27.79005,0.5515,1.0803,OK
flash_64k_L34,1024,78.453,49.8234,0.6351,1.1645,OK
flash_8k_L10,2,12.169,8.07675,0.6637,1.7621,OK
flash_8k_L10,4,12.16,7.8527,0.6458,1.7006,OK
flash_8k_L10,8,12.271,8.0591,0.6567,1.717,OK
flash_8k_L10,16,12.569,8.184,0.6511,1.6451,OK
flash_8k_L10,32,12.735,8.357700000000001,0.6563,1.6491,OK
flash_8k_L10,64,12.9,8.389850000000001,0.6504,1.6321,OK
flash_8k_L10,128,13.077,8.8464,0.6765,1.667,OK
flash_8k_L10,256,15.357,9.9229,0.6461,1.2155,OK
flash_8k_L10,512,26.871,18.19975,0.6773,1.2695,OK
flash_8k_L10,1024,41.451,32.665099999999995,0.788,1.2502,OK
flash_8k_L22,2,12.768,8.03345,0.6292,1.7896,OK
flash_8k_L22,4,12.785,7.90715,0.6185,1.7512,OK
flash_8k_L22,8,12.907,8.0111,0.6207,1.759,OK
flash_8k_L22,16,13.078,8.15185,0.6233,1.6749,OK
flash_8k_L22,32,13.244,8.2958,0.6264,1.67,OK
flash_8k_L22,64,13.357,8.4255,0.6308,1.6629,OK
flash_8k_L22,128,13.541,8.79825,0.6498,1.6716,OK
flash_8k_L22,256,16.112,9.8879,0.6137,1.2187,OK
flash_8k_L22,512,28.338,17.8959,0.6315,1.2485,OK
flash_8k_L22,1024,44.169,32.21405,0.7293,1.2355,OK
flash_8k_L34,2,12.162,8.3695,0.6881,1.7108,OK
flash_8k_L34,4,12.037,8.1982,0.6811,1.6643,OK
flash_8k_L34,8,12.095,8.3632,0.6914,1.6993,OK
flash_8k_L34,16,12.429,8.5007,0.6839,1.7331,OK
flash_8k_L34,32,12.558,8.5118,0.6778,1.7275,OK
flash_8k_L34,64,12.76,8.62065,0.6756,1.7046,OK
flash_8k_L34,128,12.87,9.0255,0.7013,1.7378,OK
flash_8k_L34,256,15.254,10.271799999999999,0.6734,1.3829,OK
flash_8k_L34,512,26.627,18.6494,0.7004,1.4418,OK
flash_8k_L34,1024,41.385,33.1742,0.8016,1.4276,OK
pro_1024k_L14,2,33.789,19.7516,0.5846,1.8257,OK
pro_1024k_L14,4,35.436,20.02855,0.5652,1.7687,OK
pro_1024k_L14,8,37.866,22.011,0.5813,1.4747,OK
pro_1024k_L14,16,40.935,23.0688,0.5635,0.9164,OK
pro_1024k_L14,32,43.112,26.2016,0.6078,1.0112,OK
pro_1024k_L14,64,50.464,38.04285,0.7539,1.0323,OK
pro_1024k_L14,128,64.712,62.78635,0.9702,1.0028,OK
pro_1024k_L14,256,95.839,110.46435000000001,1.1526,0.9382,OK
pro_1024k_L14,512,163.489,202.297,1.2374,0.9082,OK
pro_1024k_L14,1024,270.862,381.7207,1.4093,0.9412,OK
pro_1024k_L30,2,28.76,19.814,0.6889,1.6467,OK
pro_1024k_L30,4,30.003,20.145349999999997,0.6714,1.6082,OK
pro_1024k_L30,8,31.529,22.198,0.704,1.3756,OK
pro_1024k_L30,16,33.826,23.020400000000002,0.6806,0.8798,OK
pro_1024k_L30,32,38.189,26.44275,0.6924,0.985,OK
pro_1024k_L30,64,44.755,38.39785,0.858,1.0078,OK
pro_1024k_L30,128,57.925,62.68225,1.0821,1.001,OK
pro_1024k_L30,256,88.311,110.32639999999999,1.2493,0.939,OK
pro_1024k_L30,512,146.668,201.757,1.3756,0.909,OK
pro_1024k_L30,1024,244.955,380.0281,1.5514,0.9384,OK
pro_1024k_L46,2,29.471,20.71025,0.7027,1.9134,OK
pro_1024k_L46,4,31.105,21.131,0.6793,1.8403,OK
pro_1024k_L46,8,31.858,22.953400000000002,0.7205,1.5386,OK
pro_1024k_L46,16,34.637,23.7662,0.6861,0.9525,OK
pro_1024k_L46,32,38.123,27.11495,0.7113,1.0465,OK
pro_1024k_L46,64,44.51,38.847699999999996,0.8728,1.0479,OK
pro_1024k_L46,128,58.489,63.27,1.0817,0.7412,OK
pro_1024k_L46,256,90.14,111.54485000000001,1.2375,0.6823,OK
pro_1024k_L46,512,150.472,204.16639999999998,1.3568,0.6525,OK
pro_1024k_L46,1024,254.039,384.35225,1.513,0.672,OK
pro_128k_L14,2,23.929,12.69585,0.5306,1.4968,OK
pro_128k_L14,4,24.102,12.6607,0.5253,1.4829,OK
pro_128k_L14,8,24.008,12.9888,0.541,1.4841,OK
pro_128k_L14,16,25.45,12.97245,0.5097,1.102,OK
pro_128k_L14,32,26.632,13.3584,0.5016,1.0927,OK
pro_128k_L14,64,27.692,14.172799999999999,0.5118,1.0868,OK
pro_128k_L14,128,31.727,15.03325,0.4738,1.0216,OK
pro_128k_L14,256,37.026,20.2542,0.547,0.8552,OK
pro_128k_L14,512,64.325,38.153150000000004,0.5931,0.9326,OK
pro_128k_L14,1024,101.953,66.2345,0.6497,1.007,OK
pro_128k_L30,2,24.297,12.98205,0.5343,1.4266,OK
pro_128k_L30,4,24.151,12.84125,0.5317,1.3578,OK
pro_128k_L30,8,24.766,12.6589,0.5111,1.3174,OK
pro_128k_L30,16,26.156,13.0398,0.4985,1.1108,OK
pro_128k_L30,32,26.707,13.402899999999999,0.5019,1.0928,OK
pro_128k_L30,64,28.138,14.118049999999998,0.5017,1.0835,OK
pro_128k_L30,128,31.951,15.15985,0.4745,1.0376,OK
pro_128k_L30,256,37.879,20.974,0.5537,0.8875,OK
pro_128k_L30,512,65.057,39.23955,0.6032,0.962,OK
pro_128k_L30,1024,103.196,68.30455,0.6619,1.0393,OK
pro_128k_L46,2,23.599,14.2463,0.6037,1.6063,OK
pro_128k_L46,4,24.202,13.9871,0.5779,1.5599,OK
pro_128k_L46,8,24.417,13.7391,0.5627,1.4637,OK
pro_128k_L46,16,24.993,14.16625,0.5668,1.1247,OK
pro_128k_L46,32,26.183,14.51825,0.5545,1.1096,OK
pro_128k_L46,64,27.87,15.2127,0.5458,1.0964,OK
pro_128k_L46,128,31.785,16.08955,0.5062,1.0442,OK
pro_128k_L46,256,38.152,22.27665,0.5839,0.8778,OK
pro_128k_L46,512,66.138,41.846,0.6327,0.9364,OK
pro_128k_L46,1024,105.555,73.11460000000001,0.6927,1.0116,OK
pro_16k_L14,2,15.028,9.5183,0.6334,1.5645,OK
pro_16k_L14,4,15.133,9.4719,0.6259,1.5373,OK
pro_16k_L14,8,15.115,9.739049999999999,0.6443,1.5725,OK
pro_16k_L14,16,15.44,9.539,0.6178,1.458,OK
pro_16k_L14,32,15.594,9.671850000000001,0.6202,1.4652,OK
pro_16k_L14,64,15.851,9.8479,0.6213,1.4677,OK
pro_16k_L14,128,16.052,10.12945,0.631,1.4429,OK
pro_16k_L14,256,19.981,11.913450000000001,0.5962,0.9949,OK
pro_16k_L14,512,35.302,21.59655,0.6118,1.0005,OK
pro_16k_L14,1024,55.46,39.46515,0.7116,1.002,OK
pro_16k_L30,2,14.051,9.20305,0.655,1.6026,OK
pro_16k_L30,4,14.261,9.3567,0.6561,1.5589,OK
pro_16k_L30,8,14.259,9.196549999999998,0.645,1.5212,OK
pro_16k_L30,16,14.609,9.56465,0.6547,1.5052,OK
pro_16k_L30,32,14.7,9.7503,0.6633,1.5036,OK
pro_16k_L30,64,14.881,9.883149999999999,0.6641,1.4873,OK
pro_16k_L30,128,15.273,10.19195,0.6673,1.4743,OK
pro_16k_L30,256,19.145,11.9982,0.6267,0.9975,OK
pro_16k_L30,512,33.439,21.730900000000002,0.6499,1.0009,OK
pro_16k_L30,1024,52.529,39.783449999999995,0.7574,1.0076,OK
pro_16k_L46,2,15.38,8.9871,0.5844,1.2202,OK
pro_16k_L46,4,15.43,9.2095,0.5969,1.2422,OK
pro_16k_L46,8,15.461,8.9743,0.5805,1.208,OK
pro_16k_L46,16,15.565,9.377450000000001,0.6025,1.2661,OK
pro_16k_L46,32,15.687,9.5039,0.6058,1.2688,OK
pro_16k_L46,64,15.839,9.70075,0.6125,1.2744,OK
pro_16k_L46,128,16.073,10.007950000000001,0.6227,1.2697,OK
pro_16k_L46,256,19.9,11.73915,0.5899,0.9694,OK
pro_16k_L46,512,35.304,21.17105,0.5997,0.9695,OK
pro_16k_L46,1024,55.396,38.906949999999995,0.7023,0.9761,OK
pro_256k_L14,2,24.687,14.492700000000001,0.5871,1.4037,OK
pro_256k_L14,4,24.695,14.54385,0.5889,1.362,OK
pro_256k_L14,8,25.274,14.948649999999999,0.5915,1.3608,OK
pro_256k_L14,16,27.253,15.33105,0.5625,0.9881,OK
pro_256k_L14,32,28.515,16.18225,0.5675,1.1088,OK
pro_256k_L14,64,31.521,18.6158,0.5906,1.0366,OK
pro_256k_L14,128,35.8,20.86695,0.5829,0.9291,OK
pro_256k_L14,256,45.542,32.5373,0.7144,0.9025,OK
pro_256k_L14,512,81.452,61.887449999999994,0.7598,0.933,OK
pro_256k_L14,1024,131.878,103.7718,0.7869,0.9719,OK
pro_256k_L30,2,25.424,13.6591,0.5373,1.1871,OK
pro_256k_L30,4,25.804,14.21425,0.5509,1.2162,OK
pro_256k_L30,8,26.931,14.59825,0.5421,1.1996,OK
pro_256k_L30,16,27.608,14.823649999999999,0.5369,0.9518,OK
pro_256k_L30,32,29.267,15.844299999999999,0.5414,1.0553,OK
pro_256k_L30,64,32.103,18.5422,0.5776,1.0306,OK
pro_256k_L30,128,36.175,20.58205,0.569,0.9264,OK
pro_256k_L30,256,45.396,32.313,0.7118,0.8704,OK
pro_256k_L30,512,81.493,61.3527,0.7529,0.8924,OK
pro_256k_L30,1024,134.367,101.69765,0.7569,0.9164,OK
pro_256k_L46,2,26.192,14.08625,0.5378,1.3452,OK
pro_256k_L46,4,26.172,14.6031,0.558,1.383,OK
pro_256k_L46,8,26.895,15.01595,0.5583,1.3787,OK
pro_256k_L46,16,28.823,15.27015,0.5298,0.9977,OK
pro_256k_L46,32,29.602,16.2381,0.5485,1.1178,OK
pro_256k_L46,64,32.374,18.8831,0.5833,1.06,OK
pro_256k_L46,128,37.056,20.75025,0.56,0.9829,OK
pro_256k_L46,256,47.033,32.68775,0.695,0.9591,OK
pro_256k_L46,512,84.089,62.484300000000005,0.7431,0.9937,OK
pro_256k_L46,1024,136.4,103.71435000000001,0.7604,1.0081,OK
pro_32k_L14,2,23.176,11.3903,0.4915,1.4847,OK
pro_32k_L14,4,24.0,11.444700000000001,0.4769,1.4888,OK
pro_32k_L14,8,24.32,11.44155,0.4705,1.4802,OK
pro_32k_L14,16,24.96,11.657549999999999,0.467,1.4646,OK
pro_32k_L14,32,25.319,11.73105,0.4633,1.4268,OK
pro_32k_L14,64,25.586,11.9662,0.4677,1.412,OK
pro_32k_L14,128,28.263,12.510200000000001,0.4426,1.4054,OK
pro_32k_L14,256,31.636,14.90865,0.4713,1.2251,OK
pro_32k_L14,512,51.883,27.4525,0.5291,1.302,OK
pro_32k_L14,1024,81.129,50.538650000000004,0.6229,1.3686,OK
pro_32k_L30,2,24.158,10.6238,0.4398,1.3099,OK
pro_32k_L30,4,25.242,10.7887,0.4274,1.3198,OK
pro_32k_L30,8,24.913,10.80945,0.4339,1.3114,OK
pro_32k_L30,16,25.155,11.04785,0.4392,1.3406,OK
pro_32k_L30,32,25.296,11.35345,0.4488,1.3516,OK
pro_32k_L30,64,25.234,11.5438,0.4575,1.3468,OK
pro_32k_L30,128,27.954,12.05575,0.4313,1.3419,OK
pro_32k_L30,256,31.66,14.82545,0.4683,1.1077,OK
pro_32k_L30,512,52.281,26.927599999999998,0.5151,1.1518,OK
pro_32k_L30,1024,80.81,48.85535,0.6046,1.1775,OK
pro_32k_L46,2,25.5,9.4383,0.3701,1.0851,OK
pro_32k_L46,4,25.674,9.6607,0.3763,1.1048,OK
pro_32k_L46,8,26.418,9.625549999999999,0.3644,1.0952,OK
pro_32k_L46,16,26.592,9.7839,0.3679,1.1082,OK
pro_32k_L46,32,26.51,9.995149999999999,0.377,1.1134,OK
pro_32k_L46,64,26.643,10.254299999999999,0.3849,1.119,OK
pro_32k_L46,128,28.81,10.8143,0.3754,1.1246,OK
pro_32k_L46,256,33.157,13.01915,0.3927,0.8556,OK
pro_32k_L46,512,54.74,23.619,0.4315,0.8746,OK
pro_32k_L46,1024,84.727,42.7915,0.5051,0.887,OK
pro_4k_L14,2,9.792,9.2765,0.9473,2.1521,OK
pro_4k_L14,4,9.697,9.510399999999999,0.9807,2.2008,OK
pro_4k_L14,8,9.669,9.29755,0.9616,2.1481,OK
pro_4k_L14,16,10.055,9.291049999999998,0.924,2.1387,OK
pro_4k_L14,32,10.185,9.5999,0.9426,2.1742,OK
pro_4k_L14,64,10.281,9.6111,0.9349,2.163,OK
pro_4k_L14,128,10.435,9.849450000000001,0.9439,2.1473,OK
pro_4k_L14,256,11.984,10.844700000000001,0.9049,1.8408,OK
pro_4k_L14,512,21.163,20.190099999999997,0.954,1.9779,OK
pro_4k_L14,1024,32.433,37.91,1.1689,2.0904,OK
pro_4k_L30,2,9.951,9.092600000000001,0.9137,2.0789,OK
pro_4k_L30,4,10.152,9.0127,0.8877,2.0764,OK
pro_4k_L30,8,10.013,9.211049999999998,0.9199,2.0895,OK
pro_4k_L30,16,10.165,9.3582,0.9206,2.1356,OK
pro_4k_L30,32,10.231,9.53415,0.9319,2.1432,OK
pro_4k_L30,64,10.312,9.601450000000002,0.9311,2.1244,OK
pro_4k_L30,128,10.53,9.8463,0.935,2.1329,OK
pro_4k_L30,256,12.006,10.88785,0.9068,1.8581,OK
pro_4k_L30,512,21.099,20.260450000000002,0.9602,2.0016,OK
pro_4k_L30,1024,32.376,37.97215,1.1729,2.1078,OK
pro_4k_L46,2,9.655,9.2272,0.9556,2.3243,OK
pro_4k_L46,4,9.656,9.15675,0.9483,2.3219,OK
pro_4k_L46,8,9.727,9.3935,0.9657,2.3552,OK
pro_4k_L46,16,10.137,9.4863,0.9358,2.2256,OK
pro_4k_L46,32,10.235,9.48315,0.9266,2.1676,OK
pro_4k_L46,64,10.326,9.700700000000001,0.9394,2.1834,OK
pro_4k_L46,128,10.508,9.8191,0.9344,2.1368,OK
pro_4k_L46,256,12.043,10.8384,0.9,1.8575,OK
pro_4k_L46,512,21.117,20.175849999999997,0.9554,1.9791,OK
pro_4k_L46,1024,32.448,37.692800000000005,1.1616,2.0802,OK
pro_512k_L14,2,27.637,15.8527,0.5736,1.5856,OK
pro_512k_L14,4,27.438,16.01905,0.5838,1.5305,OK
pro_512k_L14,8,29.496,17.2447,0.5847,1.5272,OK
pro_512k_L14,16,30.893,17.75015,0.5746,1.1382,OK
pro_512k_L14,32,33.327,18.99505,0.57,1.1108,OK
pro_512k_L14,64,36.728,24.434900000000003,0.6653,1.015,OK
pro_512k_L14,128,45.492,33.03475,0.7262,0.9717,OK
pro_512k_L14,256,61.708,65.57860000000001,1.0627,1.0062,OK
pro_512k_L14,512,110.387,115.7091,1.0482,0.9576,OK
pro_512k_L14,1024,176.495,207.5993,1.1762,0.9921,OK
pro_512k_L30,2,25.519,16.55645,0.6488,1.5722,OK
pro_512k_L30,4,26.311,16.782049999999998,0.6378,1.5446,OK
pro_512k_L30,8,27.511,17.952,0.6525,1.3534,OK
pro_512k_L30,16,28.873,18.4217,0.638,1.061,OK
pro_512k_L30,32,31.41,19.728,0.6281,1.0421,OK
pro_512k_L30,64,35.594,25.12445,0.7059,1.0949,OK
pro_512k_L30,128,42.806,33.64105,0.7859,1.0016,OK
pro_512k_L30,256,60.278,66.62780000000001,1.1053,1.0326,OK
pro_512k_L30,512,105.62,117.75019999999999,1.1148,0.9822,OK
pro_512k_L30,1024,169.405,211.8048,1.2503,1.0207,OK
pro_512k_L46,2,26.338,16.0496,0.6094,1.3942,OK
pro_512k_L46,4,26.07,16.31485,0.6258,1.3937,OK
pro_512k_L46,8,27.727,17.4254,0.6285,1.5255,OK
pro_512k_L46,16,29.201,17.89745,0.6129,1.159,OK
pro_512k_L46,32,32.145,19.28305,0.5999,1.142,OK
pro_512k_L46,64,36.001,24.499,0.6805,0.8548,OK
pro_512k_L46,128,44.164,32.89095,0.7447,0.7665,OK
pro_512k_L46,256,60.714,66.1755,1.09,0.799,OK
pro_512k_L46,512,107.946,116.67755,1.0809,0.743,OK
pro_512k_L46,1024,174.182,209.23515,1.2012,0.7631,OK
pro_64k_L14,2,25.449,11.7902,0.4633,1.1877,OK
pro_64k_L14,4,25.589,11.915149999999999,0.4656,1.1989,OK
pro_64k_L14,8,26.333,11.89095,0.4516,1.189,OK
pro_64k_L14,16,26.117,12.0671,0.462,1.2031,OK
pro_64k_L14,32,26.143,12.1775,0.4658,1.192,OK
pro_64k_L14,64,28.124,12.63995,0.4494,1.1718,OK
pro_64k_L14,128,31.481,13.481399999999999,0.4282,1.1453,OK
pro_64k_L14,256,35.848,17.0688,0.4761,0.9972,OK
pro_64k_L14,512,60.3,31.3213,0.5194,1.0446,OK
pro_64k_L14,1024,94.997,57.159349999999996,0.6017,1.1128,OK
pro_64k_L30,2,24.637,10.6494,0.4323,0.9888,OK
pro_64k_L30,4,24.46,10.48785,0.4288,0.9681,OK
pro_64k_L30,8,24.752,10.364600000000001,0.4187,0.9468,OK
pro_64k_L30,16,25.446,10.72945,0.4217,0.9864,OK
pro_64k_L30,32,25.281,11.08145,0.4383,0.9988,OK
pro_64k_L30,64,27.04,11.4894,0.4249,0.9885,OK
pro_64k_L30,128,29.842,12.313450000000001,0.4126,0.9705,OK
pro_64k_L30,256,34.725,15.366200000000001,0.4425,0.8416,OK
pro_64k_L30,512,57.728,27.95965,0.4843,0.8717,OK
pro_64k_L30,1024,90.257,51.04755,0.5656,0.9241,OK
pro_64k_L46,2,23.928,12.5312,0.5237,1.214,OK
pro_64k_L46,4,24.369,12.19035,0.5002,1.177,OK
pro_64k_L46,8,24.751,12.09105,0.4885,1.1517,OK
pro_64k_L46,16,25.04,12.43195,0.4965,1.1519,OK
pro_64k_L46,32,26.258,12.6895,0.4833,1.147,OK
pro_64k_L46,64,26.929,13.13105,0.4876,1.133,OK
pro_64k_L46,128,30.101,13.98705,0.4647,1.1111,OK
pro_64k_L46,256,34.888,17.7374,0.5084,1.0583,OK
pro_64k_L46,512,59.318,32.4653,0.5473,1.1109,OK
pro_64k_L46,1024,91.66,58.85705,0.6421,1.1804,OK
pro_8k_L14,2,12.647,8.60625,0.6805,1.7109,OK
pro_8k_L14,4,12.726,8.58385,0.6745,1.7255,OK
pro_8k_L14,8,12.864,8.52155,0.6624,1.6882,OK
pro_8k_L14,16,12.819,8.571200000000001,0.6686,1.6848,OK
pro_8k_L14,32,12.89,8.64475,0.6707,1.6842,OK
pro_8k_L14,64,13.077,8.9679,0.6858,1.7132,OK
pro_8k_L14,128,13.252,9.13905,0.6897,1.6963,OK
pro_8k_L14,256,15.628,10.399899999999999,0.6655,1.261,OK
pro_8k_L14,512,27.823,19.039849999999998,0.6843,1.3098,OK
pro_8k_L14,1024,43.187,34.79325,0.8056,1.3268,OK
pro_8k_L30,2,12.308,8.7071,0.7074,1.9815,OK
pro_8k_L30,4,12.536,8.9966,0.7177,2.0238,OK
pro_8k_L30,8,12.466,8.835,0.7087,1.9755,OK
pro_8k_L30,16,12.808,9.137450000000001,0.7134,1.9159,OK
pro_8k_L30,32,12.923,9.2751,0.7177,1.891,OK
pro_8k_L30,64,13.053,9.4734,0.7257,1.909,OK
pro_8k_L30,128,13.216,9.63665,0.7291,1.8735,OK
pro_8k_L30,256,15.834,11.2079,0.7078,1.3659,OK
pro_8k_L30,512,27.857,20.6508,0.7413,1.4319,OK
pro_8k_L30,1024,43.254,37.340300000000006,0.8633,1.434,OK
pro_8k_L46,2,12.484,8.816,0.7062,1.9191,OK
pro_8k_L46,4,12.639,9.14075,0.7232,1.9511,OK
pro_8k_L46,8,12.62,8.929549999999999,0.7076,1.9066,OK
pro_8k_L46,16,12.877,9.11515,0.7078,1.8155,OK
pro_8k_L46,32,13.103,9.2096,0.7029,1.8181,OK
pro_8k_L46,64,13.168,9.4048,0.7142,1.825,OK
pro_8k_L46,128,13.369,9.631950000000002,0.7205,1.7938,OK
pro_8k_L46,256,16.008,11.14225,0.696,1.4571,OK
pro_8k_L46,512,27.998,20.39815,0.7285,1.5343,OK
pro_8k_L46,1024,43.665,37.28935,0.854,1.5793,OK
v32_128k_L14,2,31.829,20.79975,0.6535,1.9189,OK
v32_128k_L14,4,33.712,20.92455,0.6207,1.8928,OK
v32_128k_L14,8,36.154,22.7181,0.6284,1.2604,OK
v32_128k_L14,16,38.182,23.0798,0.6045,1.3836,OK
v32_128k_L14,32,39.553,24.3549,0.6157,1.3654,OK
v32_128k_L14,64,43.725,27.70205,0.6336,1.0252,OK
v32_128k_L14,128,53.102,35.27425,0.6643,1.0089,OK
v32_128k_L14,256,68.668,68.34635,0.9953,1.0222,OK
v32_128k_L14,512,121.548,121.25935000000001,0.9976,0.9779,OK
v32_128k_L14,1024,191.46,217.88375,1.138,1.0155,OK
v32_128k_L34,2,33.584,18.3214,0.5455,1.6234,OK
v32_128k_L34,4,35.15,18.5326,0.5272,1.5616,OK
v32_128k_L34,8,38.716,19.862099999999998,0.513,1.4291,OK
v32_128k_L34,16,39.454,20.20615,0.5121,1.2046,OK
v32_128k_L34,32,40.869,21.635,0.5294,1.1979,OK
v32_128k_L34,64,44.577,25.61105,0.5745,1.0804,OK
v32_128k_L34,128,53.718,34.516349999999996,0.6426,1.0174,OK
v32_128k_L34,256,69.61,67.41355,0.9684,1.0404,OK
v32_128k_L34,512,126.383,120.0945,0.9502,0.9987,OK
v32_128k_L34,1024,201.878,215.5556,1.0678,1.0366,OK
v32_128k_L54,2,31.71,19.690900000000003,0.621,1.8705,OK
v32_128k_L54,4,32.932,20.13895,0.6115,1.8314,OK
v32_128k_L54,8,35.247,21.1919,0.6012,1.65,OK
v32_128k_L54,16,36.573,21.603,0.5907,1.328,OK
v32_128k_L54,32,38.04,23.050900000000002,0.606,1.3163,OK
v32_128k_L54,64,42.12,27.042849999999998,0.642,1.1354,OK
v32_128k_L54,128,51.392,34.6252,0.6737,1.0337,OK
v32_128k_L54,256,67.404,67.20230000000001,0.997,1.0477,OK
v32_128k_L54,512,117.084,119.35195,1.0194,1.0026,OK
v32_128k_L54,1024,186.538,215.43075,1.1549,1.0441,OK
v32_16k_L14,2,29.957,14.553450000000002,0.4858,1.3689,OK
v32_16k_L14,4,30.608,14.25255,0.4657,1.3254,OK
v32_16k_L14,8,30.685,14.25265,0.4645,1.3277,OK
v32_16k_L14,16,30.655,14.46385,0.4718,1.3388,OK
v32_16k_L14,32,30.772,14.6749,0.4769,1.339,OK
v32_16k_L14,64,33.354,15.0015,0.4498,1.3066,OK
v32_16k_L14,128,36.193,15.702200000000001,0.4338,1.2518,OK
v32_16k_L14,256,42.525,19.95025,0.4691,1.1103,OK
v32_16k_L14,512,72.947,37.148300000000006,0.5093,1.1783,OK
v32_16k_L14,1024,116.048,66.16555,0.5702,1.2362,OK
v32_16k_L34,2,30.935,13.96625,0.4515,1.2358,OK
v32_16k_L34,4,30.822,13.70065,0.4445,1.2094,OK
v32_16k_L34,8,30.977,13.8575,0.4473,1.2158,OK
v32_16k_L34,16,31.018,13.9454,0.4496,1.2205,OK
v32_16k_L34,32,31.589,14.16615,0.4485,1.2215,OK
v32_16k_L34,64,33.366,14.55975,0.4364,1.1992,OK
v32_16k_L34,128,36.006,15.3758,0.427,1.1693,OK
v32_16k_L34,256,42.742,20.302400000000002,0.475,1.0335,OK
v32_16k_L34,512,73.953,37.6443,0.509,1.0898,OK
v32_16k_L34,1024,117.901,68.81830000000001,0.5837,1.1597,OK
v32_16k_L54,2,29.271,13.93745,0.4761,1.3852,OK
v32_16k_L54,4,30.727,14.1919,0.4619,1.4085,OK
v32_16k_L54,8,30.521,13.999799999999999,0.4587,1.3862,OK
v32_16k_L54,16,30.969,14.39505,0.4648,1.3747,OK
v32_16k_L54,32,31.458,14.755,0.469,1.3722,OK
v32_16k_L54,64,33.09,15.1806,0.4588,1.3423,OK
v32_16k_L54,128,35.152,16.09105,0.4578,1.3045,OK
v32_16k_L54,256,41.829,20.3789,0.4872,1.2068,OK
v32_16k_L54,512,71.962,38.36425,0.5331,1.2945,OK
v32_16k_L54,1024,114.271,68.8887,0.6029,1.3778,OK
v32_256k_L14,2,38.13,21.95015,0.5757,1.9511,OK
v32_256k_L14,4,39.756,22.17415,0.5578,1.9337,OK
v32_256k_L14,8,42.136,24.7885,0.5883,1.8545,OK
v32_256k_L14,16,44.952,25.31805,0.5632,1.1861,OK
v32_256k_L14,32,46.582,26.8796,0.577,1.2061,OK
v32_256k_L14,64,53.63,32.8204,0.612,1.1492,OK
v32_256k_L14,128,65.304,49.689,0.7609,1.1562,OK
v32_256k_L14,256,85.183,103.25795,1.2122,1.2779,OK
v32_256k_L14,512,147.409,187.82175,1.2742,1.2663,OK
v32_256k_L14,1024,231.911,340.7911,1.4695,1.3285,OK
v32_256k_L34,2,36.577,22.094,0.604,2.0318,OK
v32_256k_L34,4,37.935,22.2765,0.5872,1.9909,OK
v32_256k_L34,8,41.016,23.7007,0.5778,1.9113,OK
v32_256k_L34,16,40.241,24.282799999999998,0.6034,1.2487,OK
v32_256k_L34,32,44.026,25.8349,0.5868,1.199,OK
v32_256k_L34,64,50.343,29.754849999999998,0.591,1.1377,OK
v32_256k_L34,128,60.496,45.28915,0.7486,1.0828,OK
v32_256k_L34,256,80.943,82.0758,1.014,1.0331,OK
v32_256k_L34,512,137.039,148.78375,1.0857,1.0243,OK
v32_256k_L34,1024,222.24,265.80940000000004,1.196,1.0606,OK
v32_256k_L54,2,36.089,19.92935,0.5522,1.8932,OK
v32_256k_L54,4,37.789,20.350150000000003,0.5385,1.8355,OK
v32_256k_L54,8,39.869,21.844450000000002,0.5479,1.6883,OK
v32_256k_L54,16,38.878,22.4045,0.5763,1.1013,OK
v32_256k_L54,32,42.147,23.87975,0.5666,1.0403,OK
v32_256k_L54,64,48.259,28.812450000000002,0.597,1.0542,OK
v32_256k_L54,128,58.432,44.75305,0.7659,1.0457,OK
v32_256k_L54,256,79.335,79.6614,1.0041,0.9811,OK
v32_256k_L54,512,135.056,143.9821,1.0661,0.9667,OK
v32_256k_L54,1024,216.86,257.2125,1.1861,1.0065,OK
v32_32k_L14,2,30.31,17.1438,0.5656,1.5801,OK
v32_32k_L14,4,32.608,17.318150000000003,0.5311,1.5539,OK
v32_32k_L14,8,31.671,17.258950000000002,0.5449,1.5259,OK
v32_32k_L14,16,33.087,17.252650000000003,0.5214,1.2296,OK
v32_32k_L14,32,33.663,17.6334,0.5238,1.2098,OK
v32_32k_L14,64,35.347,18.043,0.5104,1.1911,OK
v32_32k_L14,128,38.442,19.08935,0.4966,1.139,OK
v32_32k_L14,256,44.895,25.5245,0.5685,0.9346,OK
v32_32k_L14,512,78.687,48.09075,0.6112,0.9897,OK
v32_32k_L14,1024,124.034,82.9222,0.6685,1.0388,OK
v32_32k_L34,2,32.123,16.63655,0.5179,1.5828,OK
v32_32k_L34,4,32.989,16.70055,0.5062,1.584,OK
v32_32k_L34,8,33.883,16.91345,0.4992,1.5742,OK
v32_32k_L34,16,34.344,16.77735,0.4885,1.2817,OK
v32_32k_L34,32,34.612,17.24425,0.4982,1.2711,OK
v32_32k_L34,64,36.837,17.56945,0.4769,1.2372,OK
v32_32k_L34,128,40.583,18.86215,0.4648,1.2009,OK
v32_32k_L34,256,47.982,26.2093,0.5462,0.9046,OK
v32_32k_L34,512,85.783,48.8715,0.5697,0.9468,OK
v32_32k_L34,1024,134.673,85.80375,0.6371,0.9976,OK
v32_32k_L54,2,32.035,16.5917,0.5179,1.2825,OK
v32_32k_L54,4,32.97,16.74225,0.5078,1.2885,OK
v32_32k_L54,8,33.609,16.9533,0.5044,1.2907,OK
v32_32k_L54,16,33.695,17.4894,0.519,1.2474,OK
v32_32k_L54,32,34.349,17.9198,0.5217,1.2344,OK
v32_32k_L54,64,36.896,18.38375,0.4983,1.222,OK
v32_32k_L54,128,40.097,19.670099999999998,0.4906,1.1902,OK
v32_32k_L54,256,46.46,25.956400000000002,0.5587,0.9562,OK
v32_32k_L54,512,81.126,48.988150000000005,0.6039,1.0193,OK
v32_32k_L54,1024,129.182,84.94460000000001,0.6576,1.0754,OK
v32_4k_L14,2,16.173,11.931149999999999,0.7377,1.9947,OK
v32_4k_L14,4,16.292,11.803049999999999,0.7245,1.879,OK
v32_4k_L14,8,16.365,11.732700000000001,0.7169,1.8668,OK
v32_4k_L14,16,16.695,11.767850000000001,0.7049,1.7902,OK
v32_4k_L14,32,16.87,11.7935,0.6991,1.7695,OK
v32_4k_L14,64,17.069,11.98715,0.7023,1.7534,OK
v32_4k_L14,128,17.43,12.3758,0.71,1.7338,OK
v32_4k_L14,256,21.483,14.83985,0.6908,1.1976,OK
v32_4k_L14,512,38.247,27.2894,0.7135,1.2308,OK
v32_4k_L14,1024,59.837,48.8506,0.8164,1.213,OK
v32_4k_L34,2,16.228,11.862200000000001,0.731,1.6342,OK
v32_4k_L34,4,16.147,11.8111,0.7315,1.6083,OK
v32_4k_L34,8,16.293,11.63025,0.7138,1.5769,OK
v32_4k_L34,16,16.57,11.63995,0.7025,1.5221,OK
v32_4k_L34,32,16.844,11.7615,0.6983,1.5174,OK
v32_4k_L34,64,17.021,11.9311,0.701,1.5154,OK
v32_4k_L34,128,17.331,12.3261,0.7112,1.5058,OK
v32_4k_L34,256,21.671,14.81425,0.6836,1.1963,OK
v32_4k_L34,512,38.408,27.134,0.7065,1.2274,OK
v32_4k_L34,1024,60.155,48.54825,0.8071,1.2111,OK
v32_4k_L54,2,17.002,11.17235,0.6571,1.7206,OK
v32_4k_L54,4,17.056,11.1328,0.6527,1.7262,OK
v32_4k_L54,8,17.031,11.30695,0.6639,1.7275,OK
v32_4k_L54,16,17.156,11.4841,0.6694,1.7371,OK
v32_4k_L54,32,17.296,11.70715,0.6769,1.7413,OK
v32_4k_L54,64,17.492,11.97225,0.6845,1.7511,OK
v32_4k_L54,128,17.755,12.52785,0.7056,1.7755,OK
v32_4k_L54,256,21.888,15.0622,0.6882,1.2326,OK
v32_4k_L54,512,39.091,27.551650000000002,0.7048,1.2565,OK
v32_4k_L54,1024,61.151,49.812050000000006,0.8146,1.2594,OK
v32_64k_L14,2,32.007,19.5422,0.6106,1.5665,OK
v32_64k_L14,4,32.157,19.62695,0.6104,1.5611,OK
v32_64k_L14,8,33.971,19.889400000000002,0.5855,1.5121,OK
v32_64k_L14,16,35.744,20.3277,0.5687,1.1997,OK
v32_64k_L14,32,36.889,21.1102,0.5723,1.1822,OK
v32_64k_L14,64,39.255,23.6525,0.6025,1.2239,OK
v32_64k_L14,128,43.88,23.42375,0.5338,1.0022,OK
v32_64k_L14,256,54.545,37.0032,0.6784,0.9887,OK
v32_64k_L14,512,97.92,69.64395,0.7112,0.9971,OK
v32_64k_L14,1024,155.531,115.17885000000001,0.7406,1.0236,OK
v32_64k_L34,2,33.321,20.763,0.6231,1.6534,OK
v32_64k_L34,4,33.828,20.7677,0.6139,1.6068,OK
v32_64k_L34,8,36.597,21.1182,0.5771,1.591,OK
v32_64k_L34,16,37.814,21.4142,0.5663,1.3255,OK
v32_64k_L34,32,38.373,22.29725,0.5811,1.3023,OK
v32_64k_L34,64,41.098,25.294150000000002,0.6155,1.3522,OK
v32_64k_L34,128,46.539,24.313200000000002,0.5224,1.0448,OK
v32_64k_L34,256,56.442,38.748400000000004,0.6865,0.8353,OK
v32_64k_L34,512,104.116,73.77664999999999,0.7086,0.8632,OK
v32_64k_L34,1024,163.764,122.63369999999999,0.7488,0.8662,OK
v32_64k_L54,2,33.786,19.299049999999998,0.5712,1.5435,OK
v32_64k_L54,4,36.387,19.59505,0.5385,1.5558,OK
v32_64k_L54,8,36.554,19.83015,0.5425,1.5438,OK
v32_64k_L54,16,36.837,20.332549999999998,0.552,1.0945,OK
v32_64k_L54,32,38.095,21.0892,0.5536,1.0846,OK
v32_64k_L54,64,40.783,24.242900000000002,0.5944,1.1602,OK
v32_64k_L54,128,45.652,25.0285,0.5482,1.0298,OK
v32_64k_L54,256,55.666,39.21705,0.7045,0.8472,OK
v32_64k_L54,512,100.776,74.431,0.7386,0.8785,OK
v32_64k_L54,1024,159.27,121.88155,0.7653,0.8719,OK
v32_8k_L14,2,29.92,12.60155,0.4212,1.5187,OK
v32_8k_L14,4,31.403,12.6766,0.4037,1.5275,OK
v32_8k_L14,8,31.914,12.499049999999999,0.3916,1.493,OK
v32_8k_L14,16,30.892,12.5518,0.4063,1.4969,OK
v32_8k_L14,32,31.166,12.55665,0.4029,1.4703,OK
v32_8k_L14,64,31.868,12.87505,0.404,1.4681,OK
v32_8k_L14,128,34.505,13.40955,0.3886,1.4684,OK
v32_8k_L14,256,39.589,16.3486,0.413,1.1406,OK
v32_8k_L14,512,67.713,30.3325,0.448,1.2051,OK
v32_8k_L14,1024,106.626,54.852199999999996,0.5144,1.2586,OK
v32_8k_L34,2,31.754,13.6846,0.431,1.6049,OK
v32_8k_L34,4,31.38,13.9341,0.444,1.6261,OK
v32_8k_L34,8,32.876,13.831700000000001,0.4207,1.6197,OK
v32_8k_L34,16,33.061,13.63185,0.4123,1.5412,OK
v32_8k_L34,32,32.935,13.900649999999999,0.4221,1.544,OK
v32_8k_L34,64,33.939,14.1052,0.4156,1.5259,OK
v32_8k_L34,128,36.864,14.703899999999999,0.3989,1.5125,OK
v32_8k_L34,256,41.859,18.47275,0.4413,1.1654,OK
v32_8k_L34,512,71.673,34.041199999999996,0.4749,1.2056,OK
v32_8k_L34,1024,112.691,60.361,0.5356,1.2218,OK
v32_8k_L54,2,30.124,12.35025,0.41,1.3612,OK
v32_8k_L54,4,31.323,12.136,0.3874,1.3375,OK
v32_8k_L54,8,32.336,12.14545,0.3756,1.3343,OK
v32_8k_L54,16,32.871,12.5008,0.3803,1.3272,OK
v32_8k_L54,32,32.606,12.84605,0.394,1.3387,OK
v32_8k_L54,64,33.702,13.0911,0.3884,1.3321,OK
v32_8k_L54,128,36.379,13.84765,0.3807,1.3376,OK
v32_8k_L54,256,41.156,16.9757,0.4125,1.09,OK
v32_8k_L54,512,70.558,31.31155,0.4438,1.1309,OK
v32_8k_L54,1024,110.911,57.0056,0.514,1.1663,OK
