cell_id,uuid,model,isl,layer,N,K,Npad,hit,n_mand,n_tie,file
0,flash_1024k_L10,flash,1024k,10,262127,512,262144,0.385,511,1,cell_flash_1024k_L10.safetensors
1,flash_1024k_L22,flash,1024k,22,262127,512,262144,0.422,511,1,cell_flash_1024k_L22.safetensors
2,flash_1024k_L34,flash,1024k,34,262127,512,262144,0.379,511,1,cell_flash_1024k_L34.safetensors
3,flash_128k_L10,flash,128k,10,32771,512,32832,0.523,511,1,cell_flash_128k_L10.safetensors
4,flash_128k_L22,flash,128k,22,32771,512,32832,0.701,511,1,cell_flash_128k_L22.safetensors
5,flash_128k_L34,flash,128k,34,32771,512,32832,0.688,511,1,cell_flash_128k_L34.safetensors
6,flash_16k_L10,flash,16k,10,4099,512,4160,0.648,511,1,cell_flash_16k_L10.safetensors
7,flash_16k_L22,flash,16k,22,4099,512,4160,0.344,511,1,cell_flash_16k_L22.safetensors
8,flash_16k_L34,flash,16k,34,4099,512,4160,0.348,511,1,cell_flash_16k_L34.safetensors
9,flash_256k_L10,flash,256k,10,65538,512,65600,0.193,511,1,cell_flash_256k_L10.safetensors
10,flash_256k_L22,flash,256k,22,65538,512,65600,0.279,511,1,cell_flash_256k_L22.safetensors
11,flash_256k_L34,flash,256k,34,65538,512,65600,0.631,511,1,cell_flash_256k_L34.safetensors
12,flash_32k_L10,flash,32k,10,8195,512,8256,0.723,511,1,cell_flash_32k_L10.safetensors
13,flash_32k_L22,flash,32k,22,8195,512,8256,0.686,511,1,cell_flash_32k_L22.safetensors
14,flash_32k_L34,flash,32k,34,8195,512,8256,0.67,511,1,cell_flash_32k_L34.safetensors
15,flash_4k_L10,flash,4k,10,1027,512,1088,0.846,511,1,cell_flash_4k_L10.safetensors
16,flash_4k_L22,flash,4k,22,1027,512,1088,0.639,511,1,cell_flash_4k_L22.safetensors
17,flash_4k_L34,flash,4k,34,1027,512,1088,0.695,511,1,cell_flash_4k_L34.safetensors
18,flash_512k_L10,flash,512k,10,131075,512,131136,0.455,511,1,cell_flash_512k_L10.safetensors
19,flash_512k_L22,flash,512k,22,131075,512,131136,0.057,511,1,cell_flash_512k_L22.safetensors
20,flash_512k_L34,flash,512k,34,131075,512,131136,0.283,511,1,cell_flash_512k_L34.safetensors
21,flash_64k_L10,flash,64k,10,16387,512,16448,0.582,511,1,cell_flash_64k_L10.safetensors
22,flash_64k_L22,flash,64k,22,16387,512,16448,0.076,511,1,cell_flash_64k_L22.safetensors
23,flash_64k_L34,flash,64k,34,16387,512,16448,0.145,511,1,cell_flash_64k_L34.safetensors
24,flash_8k_L10,flash,8k,10,2051,512,2112,0.672,511,1,cell_flash_8k_L10.safetensors
25,flash_8k_L22,flash,8k,22,2051,512,2112,0.334,511,1,cell_flash_8k_L22.safetensors
26,flash_8k_L34,flash,8k,34,2051,512,2112,0.611,511,1,cell_flash_8k_L34.safetensors
27,pro_1024k_L14,pro,1024k,14,262127,1024,262144,0.71,1023,1,cell_pro_1024k_L14.safetensors
28,pro_1024k_L30,pro,1024k,30,262127,1024,262144,0.267,1023,1,cell_pro_1024k_L30.safetensors
29,pro_1024k_L46,pro,1024k,46,262127,1024,262144,0.64,1023,1,cell_pro_1024k_L46.safetensors
30,pro_128k_L14,pro,128k,14,32771,1024,32832,0.812,1023,1,cell_pro_128k_L14.safetensors
31,pro_128k_L30,pro,128k,30,32771,1024,32832,0.326,1023,1,cell_pro_128k_L30.safetensors
32,pro_128k_L46,pro,128k,46,32771,1024,32832,0.609,1023,1,cell_pro_128k_L46.safetensors
33,pro_16k_L14,pro,16k,14,4099,1024,4160,0.773,1023,1,cell_pro_16k_L14.safetensors
34,pro_16k_L30,pro,16k,30,4099,1024,4160,0.739,1023,1,cell_pro_16k_L30.safetensors
35,pro_16k_L46,pro,16k,46,4099,1024,4160,0.829,1023,1,cell_pro_16k_L46.safetensors
36,pro_256k_L14,pro,256k,14,65539,1024,65600,0.799,1023,1,cell_pro_256k_L14.safetensors
37,pro_256k_L30,pro,256k,30,65539,1024,65600,0.358,1023,1,cell_pro_256k_L30.safetensors
38,pro_256k_L46,pro,256k,46,65539,1024,65600,0.709,1023,1,cell_pro_256k_L46.safetensors
39,pro_32k_L14,pro,32k,14,8195,1024,8256,0.874,1023,1,cell_pro_32k_L14.safetensors
40,pro_32k_L30,pro,32k,30,8195,1024,8256,0.53,1023,1,cell_pro_32k_L30.safetensors
41,pro_32k_L46,pro,32k,46,8195,1024,8256,0.752,1023,1,cell_pro_32k_L46.safetensors
42,pro_4k_L14,pro,4k,14,1027,1024,1088,0.997,1023,1,cell_pro_4k_L14.safetensors
43,pro_4k_L30,pro,4k,30,1027,1024,1088,0.998,1023,1,cell_pro_4k_L30.safetensors
44,pro_4k_L46,pro,4k,46,1027,1024,1088,0.998,1023,1,cell_pro_4k_L46.safetensors
45,pro_512k_L14,pro,512k,14,131075,1024,131136,0.78,1023,1,cell_pro_512k_L14.safetensors
46,pro_512k_L30,pro,512k,30,131075,1024,131136,0.23,1023,1,cell_pro_512k_L30.safetensors
47,pro_512k_L46,pro,512k,46,131075,1024,131136,0.664,1023,1,cell_pro_512k_L46.safetensors
48,pro_64k_L14,pro,64k,14,16387,1024,16448,0.606,1023,1,cell_pro_64k_L14.safetensors
49,pro_64k_L30,pro,64k,30,16387,1024,16448,0.312,1023,1,cell_pro_64k_L30.safetensors
50,pro_64k_L46,pro,64k,46,16387,1024,16448,0.519,1023,1,cell_pro_64k_L46.safetensors
51,pro_8k_L14,pro,8k,14,2051,1024,2112,0.83,1023,1,cell_pro_8k_L14.safetensors
52,pro_8k_L30,pro,8k,30,2051,1024,2112,0.461,1023,1,cell_pro_8k_L30.safetensors
53,pro_8k_L46,pro,8k,46,2051,1024,2112,0.611,1023,1,cell_pro_8k_L46.safetensors
54,v32_128k_L14,v32,128k,14,131087,2048,131136,0.904,2047,1,cell_v32_128k_L14.safetensors
55,v32_128k_L34,v32,128k,34,131087,2048,131136,0.62,2047,1,cell_v32_128k_L34.safetensors
56,v32_128k_L54,v32,128k,54,131087,2048,131136,0.93,2047,1,cell_v32_128k_L54.safetensors
57,v32_16k_L14,v32,16k,14,16399,2048,16448,0.902,2047,1,cell_v32_16k_L14.safetensors
58,v32_16k_L34,v32,16k,34,16399,2048,16448,0.533,2047,1,cell_v32_16k_L34.safetensors
59,v32_16k_L54,v32,16k,54,16399,2048,16448,0.676,2047,1,cell_v32_16k_L54.safetensors
60,v32_256k_L14,v32,256k,14,163775,2048,163776,0.913,2047,1,cell_v32_256k_L14.safetensors
61,v32_256k_L34,v32,256k,34,163775,2048,163776,0.865,2047,1,cell_v32_256k_L34.safetensors
62,v32_256k_L54,v32,256k,54,163775,2048,163776,0.865,2047,1,cell_v32_256k_L54.safetensors
63,v32_32k_L14,v32,32k,14,32783,2048,32832,0.758,2047,1,cell_v32_32k_L14.safetensors
64,v32_32k_L34,v32,32k,34,32783,2048,32832,0.429,2047,1,cell_v32_32k_L34.safetensors
65,v32_32k_L54,v32,32k,54,32783,2048,32832,0.512,2047,1,cell_v32_32k_L54.safetensors
66,v32_4k_L14,v32,4k,14,4111,2048,4160,0.81,2047,1,cell_v32_4k_L14.safetensors
67,v32_4k_L34,v32,4k,34,4111,2048,4160,0.729,2047,1,cell_v32_4k_L34.safetensors
68,v32_4k_L54,v32,4k,54,4111,2048,4160,0.719,2047,1,cell_v32_4k_L54.safetensors
69,v32_64k_L14,v32,64k,14,65551,2048,65600,0.854,2047,1,cell_v32_64k_L14.safetensors
70,v32_64k_L34,v32,64k,34,65551,2048,65600,0.406,2047,1,cell_v32_64k_L34.safetensors
71,v32_64k_L54,v32,64k,54,65551,2048,65600,0.745,2047,1,cell_v32_64k_L54.safetensors
72,v32_8k_L14,v32,8k,14,8207,2048,8256,0.923,2047,1,cell_v32_8k_L14.safetensors
73,v32_8k_L34,v32,8k,34,8207,2048,8256,0.842,2047,1,cell_v32_8k_L34.safetensors
74,v32_8k_L54,v32,8k,54,8207,2048,8256,0.908,2047,1,cell_v32_8k_L54.safetensors
